<?xml version='1.0' encoding='UTF-8' standalone='no'?>
<doxygen xmlns:xsi="http://www.w3.org/2001/XMLSchema-instance" xsi:noNamespaceSchemaLocation="compound.xsd" version="1.15.0" xml:lang="en-US">
  <compounddef id="_armor_8cs" kind="file" language="C#">
    <compoundname>Armor.cs</compoundname>
    <innerclass refid="class_mandatory_1_1_armor" prot="public">Mandatory::Armor</innerclass>
    <innernamespace refid="namespace_mandatory">Mandatory</innernamespace>
    <briefdescription>
    </briefdescription>
    <detaileddescription>
    </detaileddescription>
    <programlisting>
<codeline lineno="1" refid="namespace_mandatory" refkind="compound"><highlight class="keyword">namespace<sp/></highlight><highlight class="normal"><ref refid="namespace_mandatory" kindref="compound">Mandatory</ref>;</highlight></codeline>
<codeline lineno="2"><highlight class="normal"></highlight></codeline>
<codeline lineno="8" refid="class_mandatory_1_1_armor" refkind="compound"><highlight class="normal"></highlight><highlight class="keyword">public</highlight><highlight class="normal"><sp/></highlight><highlight class="keyword">class<sp/></highlight><highlight class="normal"><ref refid="class_mandatory_1_1_armor_1afcf52fc010e36a6e54a372a7b9784a13" kindref="member">Armor</ref><sp/>:<sp/><ref refid="class_mandatory_1_1_defence_item" kindref="compound">DefenceItem</ref>,<sp/><ref refid="interface_mandatory_1_1_i_armor_mod_target" kindref="compound">IArmorModTarget</ref>{</highlight></codeline>
<codeline lineno="9"><highlight class="normal"><sp/><sp/><sp/><sp/></highlight><highlight class="keyword">private</highlight><highlight class="normal"><sp/></highlight><highlight class="keywordtype">int</highlight><highlight class="normal"><sp/>armorAmount;</highlight></codeline>
<codeline lineno="13"><highlight class="normal"><sp/><sp/><sp/><sp/></highlight><highlight class="keyword">public</highlight><highlight class="normal"><sp/><ref refid="class_mandatory_1_1_defence_item_1afc7d1058978dffddafbc7e03e5136b22" kindref="member">ArmorSlot</ref><sp/><ref refid="class_mandatory_1_1_armor_1ab2a0baaee09eb3bbe6942c84b68fd09b" kindref="member">Slot</ref><sp/>{</highlight><highlight class="keyword">get</highlight><highlight class="normal">;</highlight><highlight class="keyword">set</highlight><highlight class="normal">;}</highlight></codeline>
<codeline lineno="14"><highlight class="normal"></highlight></codeline>
<codeline lineno="20"><highlight class="normal"><sp/><sp/><sp/><sp/></highlight><highlight class="keyword">public</highlight><highlight class="normal"><sp/><ref refid="class_mandatory_1_1_armor_1afcf52fc010e36a6e54a372a7b9784a13" kindref="member">Armor</ref>(</highlight><highlight class="keywordtype">int</highlight><highlight class="normal"><sp/>armorAmount,<sp/><ref refid="class_mandatory_1_1_defence_item_1afc7d1058978dffddafbc7e03e5136b22" kindref="member">ArmorSlot</ref><sp/>slot){</highlight></codeline>
<codeline lineno="21"><highlight class="normal"><sp/><sp/><sp/><sp/><sp/><sp/><sp/><sp/>this.armorAmount<sp/>=<sp/>armorAmount;</highlight></codeline>
<codeline lineno="22"><highlight class="normal"><sp/><sp/><sp/><sp/><sp/><sp/><sp/><sp/><ref refid="class_mandatory_1_1_armor_1ab2a0baaee09eb3bbe6942c84b68fd09b" kindref="member">Slot</ref><sp/>=<sp/>slot;</highlight></codeline>
<codeline lineno="23"><highlight class="normal"><sp/><sp/><sp/><sp/>}</highlight></codeline>
<codeline lineno="24"><highlight class="normal"></highlight></codeline>
<codeline lineno="30"><highlight class="normal"><sp/><sp/><sp/><sp/></highlight><highlight class="keyword">public</highlight><highlight class="normal"><sp/></highlight><highlight class="keywordtype">void</highlight><highlight class="normal"><sp/><ref refid="class_mandatory_1_1_armor_1ae097f811be2f76aad747fc8c60a12c81" kindref="member">ChangeArmorValue</ref>(</highlight><highlight class="keywordtype">int</highlight><highlight class="normal"><sp/>amount)<sp/>{</highlight></codeline>
<codeline lineno="31"><highlight class="normal"><sp/><sp/><sp/><sp/><sp/><sp/><sp/><sp/>this.armorAmount<sp/>+=<sp/>amount;</highlight></codeline>
<codeline lineno="32"><highlight class="normal"><sp/><sp/><sp/><sp/>}</highlight></codeline>
<codeline lineno="33"><highlight class="normal"></highlight></codeline>
<codeline lineno="38"><highlight class="normal"><sp/><sp/><sp/><sp/></highlight><highlight class="keyword">public</highlight><highlight class="normal"><sp/></highlight><highlight class="keyword">override</highlight><highlight class="normal"><sp/></highlight><highlight class="keywordtype">int</highlight><highlight class="normal"><sp/><ref refid="class_mandatory_1_1_armor_1ab594c7fdb77a1b8fe1084bf840d34569" kindref="member">GetTotalDefencePoint</ref>()<sp/>{</highlight></codeline>
<codeline lineno="39"><highlight class="normal"><sp/><sp/><sp/><sp/><sp/><sp/><sp/><sp/></highlight><highlight class="keywordflow">return</highlight><highlight class="normal"><sp/>armorAmount;</highlight></codeline>
<codeline lineno="40"><highlight class="normal"><sp/><sp/><sp/><sp/>}</highlight></codeline>
<codeline lineno="41"><highlight class="normal"></highlight></codeline>
<codeline lineno="45"><highlight class="normal"><sp/><sp/><sp/><sp/></highlight><highlight class="keyword">public</highlight><highlight class="normal"><sp/></highlight><highlight class="keyword">override</highlight><highlight class="normal"><sp/></highlight><highlight class="keywordtype">void</highlight><highlight class="normal"><sp/><ref refid="class_mandatory_1_1_armor_1afff6ca26e595ac69f29bcf44e5b3e08e" kindref="member">Dispose</ref>(){</highlight></codeline>
<codeline lineno="46"><highlight class="normal"><sp/><sp/><sp/><sp/><sp/><sp/><sp/><sp/>GC.SuppressFinalize(</highlight><highlight class="keyword">this</highlight><highlight class="normal">);</highlight></codeline>
<codeline lineno="47"><highlight class="normal"><sp/><sp/><sp/><sp/>}</highlight></codeline>
<codeline lineno="48"><highlight class="normal">}</highlight></codeline>
    </programlisting>
    <location file="C:/Users/Mus/Programmering/AdvancedCSharp/Mandatory/Armor.cs"/>
  </compounddef>
</doxygen>
