<?xml version='1.0' encoding='UTF-8' standalone='no'?>
<doxygen xmlns:xsi="http://www.w3.org/2001/XMLSchema-instance" xsi:noNamespaceSchemaLocation="compound.xsd" version="1.15.0" xml:lang="en-US">
  <compounddef id="_attack_item_8cs" kind="file" language="C#">
    <compoundname>AttackItem.cs</compoundname>
    <innerclass refid="class_mandatory_1_1_attack_item" prot="public">Mandatory::AttackItem</innerclass>
    <innernamespace refid="namespace_mandatory">Mandatory</innernamespace>
    <briefdescription>
    </briefdescription>
    <detaileddescription>
    </detaileddescription>
    <programlisting>
<codeline lineno="1"><highlight class="keyword">namespace<sp/></highlight><highlight class="normal"><ref refid="namespace_mandatory" kindref="compound">Mandatory</ref>;</highlight></codeline>
<codeline lineno="2"><highlight class="normal"></highlight></codeline>
<codeline lineno="8" refid="class_mandatory_1_1_attack_item" refkind="compound"><highlight class="normal"></highlight><highlight class="keyword">public</highlight><highlight class="normal"><sp/></highlight><highlight class="keyword">abstract</highlight><highlight class="normal"><sp/></highlight><highlight class="keyword">class<sp/></highlight><highlight class="normal"><ref refid="class_mandatory_1_1_attack_item" kindref="compound">AttackItem</ref><sp/>:<sp/><ref refid="interface_mandatory_1_1_i_weapon" kindref="compound">IWeapon</ref>{</highlight></codeline>
<codeline lineno="12"><highlight class="normal"><sp/><sp/><sp/><sp/></highlight><highlight class="keyword">public</highlight><highlight class="normal"><sp/></highlight><highlight class="keywordtype">string</highlight><highlight class="normal">?<sp/><ref refid="class_mandatory_1_1_attack_item_1a5ab8357e1e3bfcb4a6fea5c7f736b958" kindref="member">Name</ref><sp/>{</highlight><highlight class="keyword">get</highlight><highlight class="normal">;</highlight><highlight class="keyword">set</highlight><highlight class="normal">;}</highlight></codeline>
<codeline lineno="16"><highlight class="normal"><sp/><sp/><sp/><sp/></highlight><highlight class="keyword">public</highlight><highlight class="normal"><sp/></highlight><highlight class="keywordtype">bool</highlight><highlight class="normal"><sp/><ref refid="class_mandatory_1_1_attack_item_1a7b81d74871eebfee2430b7ab185ddb60" kindref="member">Lootable</ref><sp/>{</highlight><highlight class="keyword">get</highlight><highlight class="normal">;</highlight><highlight class="keyword">set</highlight><highlight class="normal">;}</highlight></codeline>
<codeline lineno="20"><highlight class="normal"><sp/><sp/><sp/><sp/></highlight><highlight class="keyword">public</highlight><highlight class="normal"><sp/></highlight><highlight class="keywordtype">bool</highlight><highlight class="normal"><sp/><ref refid="class_mandatory_1_1_attack_item_1a0a26bc6900f9ce3d8bb28478695058fd" kindref="member">Removeable</ref><sp/>{</highlight><highlight class="keyword">get</highlight><highlight class="normal">;</highlight><highlight class="keyword">set</highlight><highlight class="normal">;}</highlight></codeline>
<codeline lineno="24"><highlight class="normal"><sp/><sp/><sp/><sp/></highlight><highlight class="keyword">public</highlight><highlight class="normal"><sp/><ref refid="class_mandatory_1_1_attack_item_1a95204adb66da8836e89afbc9bd8890d7" kindref="member">WeaponSlot</ref><sp/><ref refid="class_mandatory_1_1_attack_item_1a95204adb66da8836e89afbc9bd8890d7" kindref="member">WeaponSlot</ref><sp/>{</highlight><highlight class="keyword">get</highlight><highlight class="normal">;</highlight><highlight class="keyword">set</highlight><highlight class="normal">;}</highlight></codeline>
<codeline lineno="28"><highlight class="normal"><sp/><sp/><sp/><sp/></highlight><highlight class="keyword">public</highlight><highlight class="normal"><sp/><ref refid="class_mandatory_1_1_attack_item_1a7601dc2e3f180400114cee08c82ec8ec" kindref="member">Position</ref><sp/><ref refid="class_mandatory_1_1_attack_item_1a7601dc2e3f180400114cee08c82ec8ec" kindref="member">Position</ref><sp/>{</highlight><highlight class="keyword">get</highlight><highlight class="normal">;</highlight><highlight class="keyword">set</highlight><highlight class="normal">;}</highlight></codeline>
<codeline lineno="34"><highlight class="normal"><sp/><sp/><sp/><sp/></highlight><highlight class="keyword">public</highlight><highlight class="normal"><sp/></highlight><highlight class="keyword">abstract</highlight><highlight class="normal"><sp/></highlight><highlight class="keywordtype">int</highlight><highlight class="normal"><sp/><ref refid="class_mandatory_1_1_attack_item_1a4f51b52b1f52e324c4e4982f8f0bda60" kindref="member">GetTotalAttackDamage</ref>();</highlight></codeline>
<codeline lineno="39"><highlight class="normal"><sp/><sp/><sp/><sp/></highlight><highlight class="keyword">public</highlight><highlight class="normal"><sp/></highlight><highlight class="keyword">abstract</highlight><highlight class="normal"><sp/></highlight><highlight class="keywordtype">void</highlight><highlight class="normal"><sp/><ref refid="class_mandatory_1_1_attack_item_1ac8f2e7ecf832aa02994707f64f06e55d" kindref="member">Dispose</ref>();</highlight></codeline>
<codeline lineno="40"><highlight class="normal">}</highlight></codeline>
    </programlisting>
    <location file="C:/Users/Mus/Programmering/AdvancedCSharp/Mandatory/AttackItem.cs"/>
  </compounddef>
</doxygen>
