<?xml version='1.0' encoding='UTF-8' standalone='no'?>
<doxygen xmlns:xsi="http://www.w3.org/2001/XMLSchema-instance" xsi:noNamespaceSchemaLocation="compound.xsd" version="1.15.0" xml:lang="en-US">
  <compounddef id="_basic_factory_8cs" kind="file" language="C#">
    <compoundname>BasicFactory.cs</compoundname>
    <innerclass refid="class_mandatory_1_1_basic_factory" prot="public">Mandatory::BasicFactory</innerclass>
    <innernamespace refid="namespace_mandatory">Mandatory</innernamespace>
    <briefdescription>
    </briefdescription>
    <detaileddescription>
    </detaileddescription>
    <programlisting>
<codeline lineno="1"><highlight class="keyword">namespace<sp/></highlight><highlight class="normal"><ref refid="namespace_mandatory" kindref="compound">Mandatory</ref>;</highlight></codeline>
<codeline lineno="2"><highlight class="normal"></highlight></codeline>
<codeline lineno="3" refid="class_mandatory_1_1_basic_factory" refkind="compound"><highlight class="normal"></highlight><highlight class="keyword">public</highlight><highlight class="normal"><sp/></highlight><highlight class="keyword">class<sp/></highlight><highlight class="normal"><ref refid="class_mandatory_1_1_basic_factory" kindref="compound">BasicFactory</ref><sp/>:<sp/><ref refid="class_mandatory_1_1_game_object_factory" kindref="compound">GameObjectFactory</ref><sp/>{</highlight></codeline>
<codeline lineno="4"><highlight class="normal"><sp/><sp/><sp/><sp/></highlight><highlight class="keyword">public</highlight><highlight class="normal"><sp/></highlight><highlight class="keyword">override</highlight><highlight class="normal"><sp/><ref refid="interface_mandatory_1_1_i_armor" kindref="compound">IArmor</ref><sp/><ref refid="class_mandatory_1_1_game_object_factory_1aa3964fae2b4b65b1687a67042630f25f" kindref="member">CreateArmor</ref>(){</highlight></codeline>
<codeline lineno="5"><highlight class="normal"><sp/><sp/><sp/><sp/><sp/><sp/><sp/><sp/></highlight><highlight class="keywordflow">return</highlight><highlight class="normal"><sp/></highlight><highlight class="keyword">new</highlight><highlight class="normal"><sp/><ref refid="class_mandatory_1_1_armor" kindref="compound">Armor</ref>(10,ArmorSlot.Torso)<sp/>{Name<sp/>=<sp/></highlight><highlight class="stringliteral">&quot;Basic<sp/>tunic&quot;</highlight><highlight class="normal">,Lootable<sp/>=<sp/></highlight><highlight class="keyword">true</highlight><highlight class="normal">,<sp/>Removeable<sp/>=<sp/></highlight><highlight class="keyword">true</highlight><highlight class="normal">};</highlight></codeline>
<codeline lineno="6"><highlight class="normal"><sp/><sp/><sp/><sp/>}</highlight></codeline>
<codeline lineno="7"><highlight class="normal"></highlight></codeline>
<codeline lineno="8"><highlight class="normal"><sp/><sp/><sp/><sp/></highlight><highlight class="keyword">public</highlight><highlight class="normal"><sp/></highlight><highlight class="keyword">override</highlight><highlight class="normal"><sp/><ref refid="interface_mandatory_1_1_i_weapon" kindref="compound">IWeapon</ref><sp/><ref refid="class_mandatory_1_1_game_object_factory_1a632118e2e6ca4f5794e764856632d46f" kindref="member">CreateWeapon</ref>()<sp/>{</highlight></codeline>
<codeline lineno="9"><highlight class="normal"><sp/><sp/><sp/><sp/><sp/><sp/><sp/><sp/></highlight><highlight class="keywordflow">return</highlight><highlight class="normal"><sp/></highlight><highlight class="keyword">new</highlight><highlight class="normal"><sp/><ref refid="class_mandatory_1_1_weapon" kindref="compound">Weapon</ref>(5,WeaponSlot.MainHand)<sp/>{Name<sp/>=<sp/></highlight><highlight class="stringliteral">&quot;Basic<sp/>short<sp/>sword&quot;</highlight><highlight class="normal">,<sp/>Lootable<sp/>=<sp/></highlight><highlight class="keyword">true</highlight><highlight class="normal">,<sp/>Removeable<sp/>=<sp/></highlight><highlight class="keyword">true</highlight><highlight class="normal">};</highlight></codeline>
<codeline lineno="10"><highlight class="normal"><sp/><sp/><sp/><sp/>}</highlight></codeline>
<codeline lineno="11"><highlight class="normal"></highlight></codeline>
<codeline lineno="12"><highlight class="normal"><sp/><sp/><sp/><sp/></highlight><highlight class="keyword">public</highlight><highlight class="normal"><sp/></highlight><highlight class="keyword">override</highlight><highlight class="normal"><sp/><ref refid="interface_mandatory_1_1_i_creature" kindref="compound">ICreature</ref><sp/><ref refid="class_mandatory_1_1_game_object_factory_1a4cbe1e11e6793f2b78c26f9486247bb3" kindref="member">CreateCreature</ref>()<sp/>{</highlight></codeline>
<codeline lineno="13"><highlight class="normal"><sp/><sp/><sp/><sp/><sp/><sp/><sp/><sp/></highlight><highlight class="keywordflow">throw</highlight><highlight class="normal"><sp/></highlight><highlight class="keyword">new</highlight><highlight class="normal"><sp/>NotImplementedException();</highlight></codeline>
<codeline lineno="14"><highlight class="normal"><sp/><sp/><sp/><sp/>}</highlight></codeline>
<codeline lineno="15"><highlight class="normal">}</highlight></codeline>
    </programlisting>
    <location file="C:/Users/Mus/Programmering/AdvancedCSharp/Mandatory/BasicFactory.cs"/>
  </compounddef>
</doxygen>
