<?xml version='1.0' encoding='UTF-8' standalone='no'?>
<doxygen xmlns:xsi="http://www.w3.org/2001/XMLSchema-instance" xsi:noNamespaceSchemaLocation="compound.xsd" version="1.15.0" xml:lang="en-US">
  <compounddef id="_basic_armor_decrease_8cs" kind="file" language="C#">
    <compoundname>BasicArmorDecrease.cs</compoundname>
    <innerclass refid="class_mandatory_1_1_basic_armor_decrease" prot="public">Mandatory::BasicArmorDecrease</innerclass>
    <innernamespace refid="namespace_mandatory">Mandatory</innernamespace>
    <briefdescription>
    </briefdescription>
    <detaileddescription>
    </detaileddescription>
    <programlisting>
<codeline lineno="1"><highlight class="keyword">namespace<sp/></highlight><highlight class="normal"><ref refid="namespace_mandatory" kindref="compound">Mandatory</ref>;</highlight></codeline>
<codeline lineno="2"><highlight class="normal"></highlight></codeline>
<codeline lineno="3" refid="class_mandatory_1_1_basic_armor_decrease" refkind="compound"><highlight class="normal"></highlight><highlight class="keyword">public</highlight><highlight class="normal"><sp/></highlight><highlight class="keyword">class<sp/></highlight><highlight class="normal"><ref refid="class_mandatory_1_1_basic_armor_decrease" kindref="compound">BasicArmorDecrease</ref><sp/>:<sp/><ref refid="interface_mandatory_1_1_i_decrease_armor_value" kindref="compound">IDecreaseArmorValue</ref><sp/>{</highlight></codeline>
<codeline lineno="4"><highlight class="normal"><sp/><sp/><sp/><sp/></highlight><highlight class="keyword">public</highlight><highlight class="normal"><sp/></highlight><highlight class="keywordtype">void</highlight><highlight class="normal"><sp/>DecreaseArmorValue(<ref refid="interface_mandatory_1_1_i_armor_mod_target" kindref="compound">IArmorModTarget</ref><sp/>target,<sp/></highlight><highlight class="keywordtype">int</highlight><highlight class="normal"><sp/>amount)<sp/>{</highlight></codeline>
<codeline lineno="5"><highlight class="normal"><sp/><sp/><sp/><sp/><sp/><sp/><sp/><sp/></highlight><highlight class="keywordflow">throw</highlight><highlight class="normal"><sp/></highlight><highlight class="keyword">new</highlight><highlight class="normal"><sp/>NotImplementedException();</highlight></codeline>
<codeline lineno="6"><highlight class="normal"><sp/><sp/><sp/><sp/>}</highlight></codeline>
<codeline lineno="7"><highlight class="normal">}</highlight></codeline>
    </programlisting>
    <location file="C:/Users/Mus/Programmering/AdvancedCSharp/Mandatory/FactoryHelpers/BasicArmorDecrease.cs"/>
  </compounddef>
</doxygen>
