<?xml version='1.0' encoding='UTF-8' standalone='no'?>
<doxygen xmlns:xsi="http://www.w3.org/2001/XMLSchema-instance" xsi:noNamespaceSchemaLocation="compound.xsd" version="1.15.0" xml:lang="en-US">
  <compounddef id="_damage_decorator_8cs" kind="file" language="C#">
    <compoundname>DamageDecorator.cs</compoundname>
    <innerclass refid="class_mandatory_1_1_damage_decorator" prot="public">Mandatory::DamageDecorator</innerclass>
    <innernamespace refid="namespace_mandatory">Mandatory</innernamespace>
    <briefdescription>
    </briefdescription>
    <detaileddescription>
    </detaileddescription>
    <programlisting>
<codeline lineno="1"><highlight class="keyword">namespace<sp/></highlight><highlight class="normal"><ref refid="namespace_mandatory" kindref="compound">Mandatory</ref>;</highlight></codeline>
<codeline lineno="2"><highlight class="normal"></highlight></codeline>
<codeline lineno="3" refid="class_mandatory_1_1_damage_decorator" refkind="compound"><highlight class="normal"></highlight><highlight class="keyword">public</highlight><highlight class="normal"><sp/></highlight><highlight class="keyword">class<sp/></highlight><highlight class="normal">DamageDecorator<sp/>:<sp/><ref refid="interface_mandatory_1_1_i_increase_weapon_damage" kindref="compound">IIncreaseWeaponDamage</ref><sp/>{</highlight></codeline>
<codeline lineno="4"><highlight class="normal"><sp/><sp/><sp/><sp/></highlight><highlight class="keyword">private</highlight><highlight class="normal"><sp/><ref refid="interface_mandatory_1_1_i_increase_weapon_damage" kindref="compound">IIncreaseWeaponDamage</ref><sp/>wrappedComponent;</highlight></codeline>
<codeline lineno="5"><highlight class="normal"></highlight></codeline>
<codeline lineno="6"><highlight class="normal"><sp/><sp/><sp/><sp/></highlight><highlight class="keyword">public</highlight><highlight class="normal"><sp/>DamageDecorator(<ref refid="interface_mandatory_1_1_i_increase_weapon_damage" kindref="compound">IIncreaseWeaponDamage</ref><sp/>wrappedComponent){</highlight></codeline>
<codeline lineno="7"><highlight class="normal"><sp/><sp/><sp/><sp/><sp/><sp/><sp/><sp/>this.wrappedComponent<sp/>=<sp/>wrappedComponent;</highlight></codeline>
<codeline lineno="8"><highlight class="normal"><sp/><sp/><sp/><sp/>}</highlight></codeline>
<codeline lineno="9"><highlight class="normal"></highlight></codeline>
<codeline lineno="10"><highlight class="normal"><sp/><sp/><sp/><sp/></highlight><highlight class="keyword">public</highlight><highlight class="normal"><sp/></highlight><highlight class="keywordtype">void</highlight><highlight class="normal"><sp/>IncreaseWeaponDamage(<ref refid="interface_mandatory_1_1_i_weapon_mod_target" kindref="compound">IWeaponModTarget</ref><sp/>target,<sp/></highlight><highlight class="keywordtype">int</highlight><highlight class="normal"><sp/>amount)<sp/>{</highlight></codeline>
<codeline lineno="11"><highlight class="normal"><sp/><sp/><sp/><sp/><sp/><sp/><sp/><sp/>wrappedComponent.IncreaseWeaponDamage(target,amount);</highlight></codeline>
<codeline lineno="12"><highlight class="normal"><sp/><sp/><sp/><sp/>}</highlight></codeline>
<codeline lineno="13"><highlight class="normal">}</highlight></codeline>
    </programlisting>
    <location file="C:/Users/Mus/Programmering/AdvancedCSharp/Mandatory/Helpers/DamageDecorator.cs"/>
  </compounddef>
</doxygen>
