<?xml version='1.0' encoding='UTF-8' standalone='no'?>
<doxygen xmlns:xsi="http://www.w3.org/2001/XMLSchema-instance" xsi:noNamespaceSchemaLocation="compound.xsd" version="1.15.0" xml:lang="en-US">
  <compounddef id="_defence_item_decorator_8cs" kind="file" language="C#">
    <compoundname>DefenceItemDecorator.cs</compoundname>
    <innerclass refid="class_mandatory_1_1_defence_item_decorator" prot="public">Mandatory::DefenceItemDecorator</innerclass>
    <innernamespace refid="namespace_mandatory">Mandatory</innernamespace>
    <briefdescription>
    </briefdescription>
    <detaileddescription>
    </detaileddescription>
    <programlisting>
<codeline lineno="1"><highlight class="keyword">namespace<sp/></highlight><highlight class="normal"><ref refid="namespace_mandatory" kindref="compound">Mandatory</ref>;</highlight></codeline>
<codeline lineno="2"><highlight class="normal"></highlight></codeline>
<codeline lineno="8" refid="class_mandatory_1_1_defence_item_decorator" refkind="compound"><highlight class="normal"></highlight><highlight class="keyword">public</highlight><highlight class="normal"><sp/></highlight><highlight class="keyword">abstract</highlight><highlight class="normal"><sp/></highlight><highlight class="keyword">class<sp/></highlight><highlight class="normal"><ref refid="class_mandatory_1_1_defence_item_decorator_1a29c73e32653e18f17b1fd62670a67ee3" kindref="member">DefenceItemDecorator</ref><sp/>:<sp/><ref refid="interface_mandatory_1_1_i_armor" kindref="compound">IArmor</ref>{</highlight></codeline>
<codeline lineno="12"><highlight class="normal"><sp/><sp/><sp/><sp/></highlight><highlight class="keyword">protected</highlight><highlight class="normal"><sp/>readonly<sp/><ref refid="interface_mandatory_1_1_i_armor" kindref="compound">IArmor</ref><sp/><ref refid="class_mandatory_1_1_defence_item_decorator_1af43a334caea73e278374c96d4cb82a9a" kindref="member">wrappedItem</ref>;</highlight></codeline>
<codeline lineno="13"><highlight class="normal"></highlight></codeline>
<codeline lineno="17"><highlight class="normal"><sp/><sp/><sp/><sp/></highlight><highlight class="keyword">public</highlight><highlight class="normal"><sp/><ref refid="class_mandatory_1_1_defence_item_decorator_1ad0358274dd13f480d3959a5c4f7e7589" kindref="member">ArmorSlot</ref><sp/><ref refid="class_mandatory_1_1_defence_item_decorator_1ad0358274dd13f480d3959a5c4f7e7589" kindref="member">ArmorSlot</ref><sp/>{</highlight><highlight class="keyword">get</highlight><highlight class="normal"><sp/>=&gt;<sp/><ref refid="class_mandatory_1_1_defence_item_decorator_1af43a334caea73e278374c96d4cb82a9a" kindref="member">wrappedItem</ref>.ArmorSlot;</highlight><highlight class="keyword">set</highlight><highlight class="normal"><sp/>=&gt;<sp/>wrappedItem.ArmorSlot<sp/>=<sp/>value;}</highlight></codeline>
<codeline lineno="21"><highlight class="normal"><sp/><sp/><sp/><sp/></highlight><highlight class="keyword">public</highlight><highlight class="normal"><sp/></highlight><highlight class="keywordtype">string</highlight><highlight class="normal">?<sp/><ref refid="class_mandatory_1_1_defence_item_decorator_1ac6a6945c5474eb410f424c2bb19f85fe" kindref="member">Name</ref><sp/>{</highlight><highlight class="keyword">get</highlight><highlight class="normal"><sp/>=&gt;<sp/><ref refid="class_mandatory_1_1_defence_item_decorator_1af43a334caea73e278374c96d4cb82a9a" kindref="member">wrappedItem</ref>.Name;</highlight><highlight class="keyword">set</highlight><highlight class="normal"><sp/>=&gt;<sp/>wrappedItem.Name<sp/>=<sp/>value;}</highlight></codeline>
<codeline lineno="25"><highlight class="normal"><sp/><sp/><sp/><sp/></highlight><highlight class="keyword">public</highlight><highlight class="normal"><sp/></highlight><highlight class="keywordtype">bool</highlight><highlight class="normal"><sp/><ref refid="class_mandatory_1_1_defence_item_decorator_1ae5f8c84f74ae99f997fd31ab7fed7b2b" kindref="member">Lootable</ref><sp/>{</highlight><highlight class="keyword">get</highlight><highlight class="normal"><sp/>=&gt;<sp/><ref refid="class_mandatory_1_1_defence_item_decorator_1af43a334caea73e278374c96d4cb82a9a" kindref="member">wrappedItem</ref>.Lootable;</highlight><highlight class="keyword">set</highlight><highlight class="normal"><sp/>=&gt;<sp/>wrappedItem.Lootable<sp/>=<sp/>value;}</highlight></codeline>
<codeline lineno="29"><highlight class="normal"><sp/><sp/><sp/><sp/></highlight><highlight class="keyword">public</highlight><highlight class="normal"><sp/></highlight><highlight class="keywordtype">bool</highlight><highlight class="normal"><sp/><ref refid="class_mandatory_1_1_defence_item_decorator_1a88e11fd3683c27addf34c631f63c8184" kindref="member">Removeable</ref><sp/>{</highlight><highlight class="keyword">get</highlight><highlight class="normal"><sp/>=&gt;<sp/><ref refid="class_mandatory_1_1_defence_item_decorator_1af43a334caea73e278374c96d4cb82a9a" kindref="member">wrappedItem</ref>.Removeable;</highlight><highlight class="keyword">set</highlight><highlight class="normal"><sp/>=&gt;<sp/>wrappedItem.Removeable<sp/>=<sp/>value;}</highlight></codeline>
<codeline lineno="33"><highlight class="normal"><sp/><sp/><sp/><sp/></highlight><highlight class="keyword">public</highlight><highlight class="normal"><sp/><ref refid="class_mandatory_1_1_defence_item_decorator_1a5ee7a3b9beed3608916c40fc6ab68c2a" kindref="member">Position</ref><sp/><ref refid="class_mandatory_1_1_defence_item_decorator_1a5ee7a3b9beed3608916c40fc6ab68c2a" kindref="member">Position</ref><sp/>{<sp/></highlight><highlight class="keyword">get</highlight><highlight class="normal"><sp/>=&gt;<sp/><ref refid="class_mandatory_1_1_defence_item_decorator_1af43a334caea73e278374c96d4cb82a9a" kindref="member">wrappedItem</ref>.Position;</highlight><highlight class="keyword">set</highlight><highlight class="normal"><sp/>=&gt;<sp/>wrappedItem.Position<sp/>=<sp/>value;}</highlight></codeline>
<codeline lineno="34"><highlight class="normal"></highlight></codeline>
<codeline lineno="39"><highlight class="normal"><sp/><sp/><sp/><sp/></highlight><highlight class="keyword">public</highlight><highlight class="normal"><sp/><ref refid="class_mandatory_1_1_defence_item_decorator_1a29c73e32653e18f17b1fd62670a67ee3" kindref="member">DefenceItemDecorator</ref>(<ref refid="interface_mandatory_1_1_i_armor" kindref="compound">IArmor</ref><sp/><ref refid="class_mandatory_1_1_defence_item_decorator_1af43a334caea73e278374c96d4cb82a9a" kindref="member">wrappedItem</ref>){</highlight></codeline>
<codeline lineno="40"><highlight class="normal"><sp/><sp/><sp/><sp/><sp/><sp/><sp/><sp/>this.wrappedItem<sp/>=<sp/><ref refid="class_mandatory_1_1_defence_item_decorator_1af43a334caea73e278374c96d4cb82a9a" kindref="member">wrappedItem</ref>;</highlight></codeline>
<codeline lineno="41"><highlight class="normal"><sp/><sp/><sp/><sp/>}</highlight></codeline>
<codeline lineno="42"><highlight class="normal"></highlight></codeline>
<codeline lineno="48"><highlight class="normal"><sp/><sp/><sp/><sp/></highlight><highlight class="keyword">public</highlight><highlight class="normal"><sp/></highlight><highlight class="keywordtype">void</highlight><highlight class="normal"><sp/><ref refid="class_mandatory_1_1_defence_item_decorator_1a8bc8304645fae971e3188730ceaac916" kindref="member">Dispose</ref>()<sp/>{</highlight></codeline>
<codeline lineno="49"><highlight class="normal"><sp/><sp/><sp/><sp/><sp/><sp/><sp/><sp/>GC.SuppressFinalize(</highlight><highlight class="keyword">this</highlight><highlight class="normal">);</highlight></codeline>
<codeline lineno="50"><highlight class="normal"><sp/><sp/><sp/><sp/>}</highlight></codeline>
<codeline lineno="51"><highlight class="normal"></highlight></codeline>
<codeline lineno="57"><highlight class="normal"><sp/><sp/><sp/><sp/></highlight><highlight class="keyword">public</highlight><highlight class="normal"><sp/></highlight><highlight class="keyword">virtual</highlight><highlight class="normal"><sp/></highlight><highlight class="keywordtype">int</highlight><highlight class="normal"><sp/><ref refid="class_mandatory_1_1_defence_item_decorator_1a1d3618cd987f06d4c05ff1ca95442ac1" kindref="member">GetTotalDefencePoint</ref>()<sp/>{</highlight></codeline>
<codeline lineno="58"><highlight class="normal"><sp/><sp/><sp/><sp/><sp/><sp/><sp/><sp/></highlight><highlight class="keywordflow">return</highlight><highlight class="normal"><sp/><ref refid="class_mandatory_1_1_defence_item_decorator_1af43a334caea73e278374c96d4cb82a9a" kindref="member">wrappedItem</ref>.GetTotalDefencePoint();</highlight></codeline>
<codeline lineno="59"><highlight class="normal"><sp/><sp/><sp/><sp/>}</highlight></codeline>
<codeline lineno="60"><highlight class="normal">}</highlight></codeline>
    </programlisting>
    <location file="C:/Users/Mus/Programmering/AdvancedCSharp/Mandatory/DefenceItemDecorator.cs"/>
  </compounddef>
</doxygen>
