<?xml version='1.0' encoding='UTF-8' standalone='no'?>
<doxygen xmlns:xsi="http://www.w3.org/2001/XMLSchema-instance" xsi:noNamespaceSchemaLocation="compound.xsd" version="1.15.0" xml:lang="en-US">
  <compounddef id="_file_loader_8cs" kind="file" language="C#">
    <compoundname>FileLoader.cs</compoundname>
    <innerclass refid="class_mandatory_1_1_file_loader" prot="public">Mandatory::FileLoader</innerclass>
    <innernamespace refid="namespace_mandatory">Mandatory</innernamespace>
    <briefdescription>
    </briefdescription>
    <detaileddescription>
    </detaileddescription>
    <programlisting>
<codeline lineno="1"><highlight class="keyword">using<sp/></highlight><highlight class="normal">System.Xml;</highlight></codeline>
<codeline lineno="2"><highlight class="normal"></highlight><highlight class="keyword">namespace<sp/></highlight><highlight class="normal"><ref refid="namespace_mandatory" kindref="compound">Mandatory</ref>;</highlight></codeline>
<codeline lineno="3"><highlight class="normal"></highlight></codeline>
<codeline lineno="4" refid="class_mandatory_1_1_file_loader" refkind="compound"><highlight class="normal"></highlight><highlight class="keyword">public</highlight><highlight class="normal"><sp/></highlight><highlight class="keyword">class<sp/></highlight><highlight class="normal"><ref refid="class_mandatory_1_1_file_loader" kindref="compound">FileLoader</ref><sp/>:<sp/><ref refid="interface_mandatory_1_1_i_file_loader" kindref="compound">IFileLoader</ref><sp/>{</highlight></codeline>
<codeline lineno="5"><highlight class="normal"><sp/><sp/><sp/><sp/></highlight><highlight class="keyword">public</highlight><highlight class="normal"><sp/>XmlDocument<sp/>Load(</highlight><highlight class="keywordtype">string</highlight><highlight class="normal"><sp/>filePath)<sp/>{</highlight></codeline>
<codeline lineno="6"><highlight class="normal"><sp/><sp/><sp/><sp/><sp/><sp/><sp/><sp/>XmlDocument<sp/>configDoc<sp/>=<sp/>GetConfigDoc(filePath);</highlight></codeline>
<codeline lineno="7"><highlight class="normal"><sp/><sp/><sp/><sp/><sp/><sp/><sp/><sp/></highlight><highlight class="keywordflow">return</highlight><highlight class="normal"><sp/>configDoc;</highlight></codeline>
<codeline lineno="8"><highlight class="normal"><sp/><sp/><sp/><sp/>}</highlight></codeline>
<codeline lineno="9"><highlight class="normal"></highlight></codeline>
<codeline lineno="10"><highlight class="normal"><sp/><sp/><sp/><sp/></highlight><highlight class="keyword">private</highlight><highlight class="normal"><sp/>XmlDocument<sp/>GetConfigDoc(</highlight><highlight class="keywordtype">string</highlight><highlight class="normal"><sp/>filePath){</highlight></codeline>
<codeline lineno="11"><highlight class="normal"><sp/><sp/><sp/><sp/><sp/><sp/><sp/><sp/>XmlDocument?<sp/>configDoc<sp/>=<sp/></highlight><highlight class="keyword">new</highlight><highlight class="normal">();</highlight></codeline>
<codeline lineno="12"><highlight class="normal"><sp/><sp/><sp/><sp/><sp/><sp/><sp/><sp/>configDoc.Load(filePath);</highlight></codeline>
<codeline lineno="13"><highlight class="normal"><sp/><sp/><sp/><sp/><sp/><sp/><sp/><sp/></highlight><highlight class="keywordflow">return</highlight><highlight class="normal"><sp/>configDoc;</highlight></codeline>
<codeline lineno="14"><highlight class="normal"><sp/><sp/><sp/><sp/>}</highlight></codeline>
<codeline lineno="15"><highlight class="normal">}</highlight></codeline>
    </programlisting>
    <location file="C:/Users/Mus/Programmering/AdvancedCSharp/Mandatory/Setups/FileLoader.cs"/>
  </compounddef>
</doxygen>
