<?xml version='1.0' encoding='UTF-8' standalone='no'?>
<doxygen xmlns:xsi="http://www.w3.org/2001/XMLSchema-instance" xsi:noNamespaceSchemaLocation="compound.xsd" version="1.15.0" xml:lang="en-US">
  <compounddef id="_game_object_factory_8cs" kind="file" language="C#">
    <compoundname>GameObjectFactory.cs</compoundname>
    <innerclass refid="class_mandatory_1_1_game_object_factory" prot="public">Mandatory::GameObjectFactory</innerclass>
    <innernamespace refid="namespace_mandatory">Mandatory</innernamespace>
    <briefdescription>
    </briefdescription>
    <detaileddescription>
    </detaileddescription>
    <programlisting>
<codeline lineno="1"><highlight class="keyword">namespace<sp/></highlight><highlight class="normal"><ref refid="namespace_mandatory" kindref="compound">Mandatory</ref>;</highlight></codeline>
<codeline lineno="2"><highlight class="normal"></highlight></codeline>
<codeline lineno="7" refid="class_mandatory_1_1_game_object_factory" refkind="compound"><highlight class="normal"></highlight><highlight class="keyword">public</highlight><highlight class="normal"><sp/></highlight><highlight class="keyword">abstract</highlight><highlight class="normal"><sp/></highlight><highlight class="keyword">class<sp/></highlight><highlight class="normal"><ref refid="class_mandatory_1_1_game_object_factory" kindref="compound">GameObjectFactory</ref><sp/>:<sp/><ref refid="interface_mandatory_1_1_i_game_object_factory" kindref="compound">IGameObjectFactory</ref><sp/>{</highlight></codeline>
<codeline lineno="12"><highlight class="normal"><sp/><sp/><sp/><sp/></highlight><highlight class="keyword">public</highlight><highlight class="normal"><sp/></highlight><highlight class="keyword">abstract</highlight><highlight class="normal"><sp/><ref refid="interface_mandatory_1_1_i_armor" kindref="compound">IArmor</ref><sp/><ref refid="class_mandatory_1_1_game_object_factory_1aa3964fae2b4b65b1687a67042630f25f" kindref="member">CreateArmor</ref>();</highlight></codeline>
<codeline lineno="17"><highlight class="normal"><sp/><sp/><sp/><sp/></highlight><highlight class="keyword">public</highlight><highlight class="normal"><sp/></highlight><highlight class="keyword">abstract</highlight><highlight class="normal"><sp/><ref refid="interface_mandatory_1_1_i_weapon" kindref="compound">IWeapon</ref><sp/><ref refid="class_mandatory_1_1_game_object_factory_1a632118e2e6ca4f5794e764856632d46f" kindref="member">CreateWeapon</ref>();</highlight></codeline>
<codeline lineno="22"><highlight class="normal"><sp/><sp/><sp/><sp/></highlight><highlight class="keyword">public</highlight><highlight class="normal"><sp/></highlight><highlight class="keyword">abstract</highlight><highlight class="normal"><sp/><ref refid="interface_mandatory_1_1_i_creature" kindref="compound">ICreature</ref><sp/><ref refid="class_mandatory_1_1_game_object_factory_1a4cbe1e11e6793f2b78c26f9486247bb3" kindref="member">CreateCreature</ref>();</highlight></codeline>
<codeline lineno="23"><highlight class="normal">}</highlight></codeline>
    </programlisting>
    <location file="C:/Users/Mus/Programmering/AdvancedCSharp/Mandatory/GameObjectFactory.cs"/>
  </compounddef>
</doxygen>
