<?xml version='1.0' encoding='UTF-8' standalone='no'?>
<doxygen xmlns:xsi="http://www.w3.org/2001/XMLSchema-instance" xsi:noNamespaceSchemaLocation="compound.xsd" version="1.15.0" xml:lang="en-US">
  <compounddef id="_grid_8cs" kind="file" language="C#">
    <compoundname>Grid.cs</compoundname>
    <innerclass refid="class_mandatory_1_1_grid-1-g" prot="public">Mandatory::Grid-1-g</innerclass>
    <innernamespace refid="namespace_mandatory">Mandatory</innernamespace>
    <briefdescription>
    </briefdescription>
    <detaileddescription>
    </detaileddescription>
    <programlisting>
<codeline lineno="1"><highlight class="keyword">namespace<sp/></highlight><highlight class="normal"><ref refid="namespace_mandatory" kindref="compound">Mandatory</ref>;</highlight></codeline>
<codeline lineno="2"><highlight class="normal"></highlight></codeline>
<codeline lineno="8" refid="class_mandatory_1_1_grid-1-g" refkind="compound"><highlight class="normal"></highlight><highlight class="keyword">public</highlight><highlight class="normal"><sp/></highlight><highlight class="keyword">class<sp/></highlight><highlight class="normal"><ref refid="class_mandatory_1_1_grid-1-g_1af5b43459cfe00e7629f4efa19537ed23" kindref="member">Grid</ref>&lt;T&gt;<sp/>:<sp/>IGrid&lt;T&gt;<sp/>where<sp/>T<sp/>:<sp/>notnull<sp/>{</highlight></codeline>
<codeline lineno="9"><highlight class="normal"><sp/><sp/><sp/><sp/></highlight><highlight class="keyword">private</highlight><highlight class="normal"><sp/>T[,]<sp/>gridArray;</highlight></codeline>
<codeline lineno="10"><highlight class="normal"><sp/><sp/><sp/><sp/></highlight><highlight class="keyword">private</highlight><highlight class="normal"><sp/>Func&lt;int,int,<sp/>T&gt;<sp/>originalCell;</highlight></codeline>
<codeline lineno="11"><highlight class="normal"></highlight></codeline>
<codeline lineno="15"><highlight class="normal"><sp/><sp/><sp/><sp/></highlight><highlight class="keyword">public</highlight><highlight class="normal"><sp/></highlight><highlight class="keywordtype">int</highlight><highlight class="normal"><sp/><ref refid="class_mandatory_1_1_grid-1-g_1a69057e6aa25e414bc060a98dd495d160" kindref="member">Width</ref><sp/>{</highlight><highlight class="keyword">get</highlight><highlight class="normal">;}</highlight></codeline>
<codeline lineno="19"><highlight class="normal"><sp/><sp/><sp/><sp/></highlight><highlight class="keyword">public</highlight><highlight class="normal"><sp/></highlight><highlight class="keywordtype">int</highlight><highlight class="normal"><sp/><ref refid="class_mandatory_1_1_grid-1-g_1ade8ecf567ca2695c7159438e95698bd5" kindref="member">Height</ref><sp/>{</highlight><highlight class="keyword">get</highlight><highlight class="normal">;}</highlight></codeline>
<codeline lineno="20"><highlight class="normal"></highlight></codeline>
<codeline lineno="27"><highlight class="normal"><sp/><sp/><sp/><sp/></highlight><highlight class="keyword">public</highlight><highlight class="normal"><sp/><ref refid="class_mandatory_1_1_grid-1-g_1af5b43459cfe00e7629f4efa19537ed23" kindref="member">Grid</ref>(</highlight><highlight class="keywordtype">int</highlight><highlight class="normal"><sp/>width,<sp/></highlight><highlight class="keywordtype">int</highlight><highlight class="normal"><sp/>height,<sp/>Func&lt;int,int,<sp/>T&gt;<sp/>cell){</highlight></codeline>
<codeline lineno="28"><highlight class="normal"><sp/><sp/><sp/><sp/><sp/><sp/><sp/><sp/>this.Width<sp/>=<sp/>width;</highlight></codeline>
<codeline lineno="29"><highlight class="normal"><sp/><sp/><sp/><sp/><sp/><sp/><sp/><sp/>this.Height<sp/>=<sp/>height;</highlight></codeline>
<codeline lineno="30"><highlight class="normal"><sp/><sp/><sp/><sp/><sp/><sp/><sp/><sp/>this.originalCell<sp/>=<sp/>cell;</highlight></codeline>
<codeline lineno="31"><highlight class="normal"><sp/><sp/><sp/><sp/><sp/><sp/><sp/><sp/>this.gridArray<sp/>=<sp/></highlight><highlight class="keyword">new</highlight><highlight class="normal"><sp/>T[width,height];</highlight></codeline>
<codeline lineno="32"><highlight class="normal"></highlight></codeline>
<codeline lineno="33"><highlight class="normal"><sp/><sp/><sp/><sp/><sp/><sp/><sp/><sp/>InitializeGrid(cell);</highlight></codeline>
<codeline lineno="34"><highlight class="normal"><sp/><sp/><sp/><sp/>}</highlight></codeline>
<codeline lineno="35"><highlight class="normal"></highlight></codeline>
<codeline lineno="43"><highlight class="normal"><sp/><sp/><sp/><sp/></highlight><highlight class="keyword">public</highlight><highlight class="normal"><sp/>T<sp/><ref refid="class_mandatory_1_1_grid-1-g_1ae4054dad14ff60d3c5e1125b5bbe301a" kindref="member">GetValue</ref>(</highlight><highlight class="keywordtype">int</highlight><highlight class="normal"><sp/>x,</highlight><highlight class="keywordtype">int</highlight><highlight class="normal"><sp/>y){</highlight></codeline>
<codeline lineno="44"><highlight class="normal"><sp/><sp/><sp/><sp/><sp/><sp/><sp/><sp/></highlight><highlight class="keywordflow">if</highlight><highlight class="normal">(x<sp/>&gt;=<sp/><ref refid="class_mandatory_1_1_grid-1-g_1a69057e6aa25e414bc060a98dd495d160" kindref="member">Width</ref><sp/>||<sp/>x<sp/>&lt;<sp/>0<sp/>||<sp/>y<sp/>&gt;=<sp/><ref refid="class_mandatory_1_1_grid-1-g_1ade8ecf567ca2695c7159438e95698bd5" kindref="member">Height</ref><sp/>||<sp/>y<sp/>&lt;<sp/>0)<sp/></highlight><highlight class="keywordflow">throw</highlight><highlight class="normal"><sp/></highlight><highlight class="keyword">new</highlight><highlight class="normal"><sp/>InvalidOperationException($</highlight><highlight class="stringliteral">&quot;Coordinates<sp/>{(x,y)}<sp/>must<sp/>be<sp/>within<sp/>the<sp/>world<sp/>bound&quot;</highlight><highlight class="normal">);</highlight></codeline>
<codeline lineno="45"><highlight class="normal"><sp/><sp/><sp/><sp/><sp/><sp/><sp/><sp/></highlight><highlight class="keywordflow">return</highlight><highlight class="normal"><sp/>gridArray[x,y];</highlight></codeline>
<codeline lineno="46"><highlight class="normal"><sp/><sp/><sp/><sp/>}</highlight></codeline>
<codeline lineno="47"><highlight class="normal"></highlight></codeline>
<codeline lineno="55"><highlight class="normal"><sp/><sp/><sp/><sp/></highlight><highlight class="keyword">public</highlight><highlight class="normal"><sp/></highlight><highlight class="keywordtype">void</highlight><highlight class="normal"><sp/><ref refid="class_mandatory_1_1_grid-1-g_1a93e859fce0bdc3ee8f02a1dfeb8309e1" kindref="member">SetValue</ref>(</highlight><highlight class="keywordtype">int</highlight><highlight class="normal"><sp/>x,</highlight><highlight class="keywordtype">int</highlight><highlight class="normal"><sp/>y,T<sp/>value){</highlight></codeline>
<codeline lineno="56"><highlight class="normal"><sp/><sp/><sp/><sp/><sp/><sp/><sp/><sp/></highlight><highlight class="keywordflow">if</highlight><highlight class="normal">(x<sp/>&gt;=<sp/><ref refid="class_mandatory_1_1_grid-1-g_1a69057e6aa25e414bc060a98dd495d160" kindref="member">Width</ref><sp/>||<sp/>x<sp/>&lt;<sp/>0<sp/>||<sp/>y<sp/>&gt;=<sp/><ref refid="class_mandatory_1_1_grid-1-g_1ade8ecf567ca2695c7159438e95698bd5" kindref="member">Height</ref><sp/>||<sp/>y<sp/>&lt;<sp/>0)<sp/></highlight><highlight class="keywordflow">throw</highlight><highlight class="normal"><sp/></highlight><highlight class="keyword">new</highlight><highlight class="normal"><sp/>InvalidOperationException($</highlight><highlight class="stringliteral">&quot;Coordinates<sp/>{(x,y)}<sp/>must<sp/>be<sp/>within<sp/>the<sp/>world<sp/>bound&quot;</highlight><highlight class="normal">);</highlight></codeline>
<codeline lineno="57"><highlight class="normal"><sp/><sp/><sp/><sp/><sp/><sp/><sp/><sp/>gridArray[x,y]<sp/>=<sp/>value;</highlight></codeline>
<codeline lineno="58"><highlight class="normal"><sp/><sp/><sp/><sp/>}</highlight></codeline>
<codeline lineno="59"><highlight class="normal"></highlight></codeline>
<codeline lineno="65"><highlight class="normal"><sp/><sp/><sp/><sp/></highlight><highlight class="keyword">public</highlight><highlight class="normal"><sp/></highlight><highlight class="keywordtype">void</highlight><highlight class="normal"><sp/><ref refid="class_mandatory_1_1_grid-1-g_1a0c8aaaf5c0f04574a2dc9d84aa76b66c" kindref="member">RemoveValue</ref>(</highlight><highlight class="keywordtype">int</highlight><highlight class="normal"><sp/>x,<sp/></highlight><highlight class="keywordtype">int</highlight><highlight class="normal"><sp/>y){</highlight></codeline>
<codeline lineno="66"><highlight class="normal"><sp/><sp/><sp/><sp/><sp/><sp/><sp/><sp/>RevertValue(x,y);</highlight></codeline>
<codeline lineno="67"><highlight class="normal"><sp/><sp/><sp/><sp/>}</highlight></codeline>
<codeline lineno="68"><highlight class="normal"></highlight></codeline>
<codeline lineno="74"><highlight class="normal"><sp/><sp/><sp/><sp/></highlight><highlight class="keyword">private</highlight><highlight class="normal"><sp/></highlight><highlight class="keywordtype">void</highlight><highlight class="normal"><sp/>RevertValue(</highlight><highlight class="keywordtype">int</highlight><highlight class="normal"><sp/>x,<sp/></highlight><highlight class="keywordtype">int</highlight><highlight class="normal"><sp/>y){</highlight></codeline>
<codeline lineno="75"><highlight class="normal"><sp/><sp/><sp/><sp/><sp/><sp/><sp/><sp/>gridArray[x,y]<sp/>=<sp/>originalCell.Invoke(x,y);</highlight></codeline>
<codeline lineno="76"><highlight class="normal"><sp/><sp/><sp/><sp/>}</highlight></codeline>
<codeline lineno="77"><highlight class="normal"></highlight></codeline>
<codeline lineno="82"><highlight class="normal"><sp/><sp/><sp/><sp/></highlight><highlight class="keyword">private</highlight><highlight class="normal"><sp/></highlight><highlight class="keywordtype">void</highlight><highlight class="normal"><sp/>InitializeGrid(Func&lt;int,int,T&gt;<sp/>cell){</highlight></codeline>
<codeline lineno="83"><highlight class="normal"><sp/><sp/><sp/><sp/><sp/><sp/><sp/><sp/></highlight><highlight class="keywordflow">for</highlight><highlight class="normal">(</highlight><highlight class="keywordtype">int</highlight><highlight class="normal"><sp/>x<sp/>=<sp/>0;<sp/>x<sp/>&lt;<sp/><ref refid="class_mandatory_1_1_grid-1-g_1a69057e6aa25e414bc060a98dd495d160" kindref="member">Width</ref>;<sp/>x++){</highlight></codeline>
<codeline lineno="84"><highlight class="normal"><sp/><sp/><sp/><sp/><sp/><sp/><sp/><sp/><sp/><sp/><sp/><sp/></highlight><highlight class="keywordflow">for</highlight><highlight class="normal">(</highlight><highlight class="keywordtype">int</highlight><highlight class="normal"><sp/>y<sp/>=<sp/>0;<sp/>y<sp/>&lt;<sp/><ref refid="class_mandatory_1_1_grid-1-g_1ade8ecf567ca2695c7159438e95698bd5" kindref="member">Height</ref>;<sp/>y++){</highlight></codeline>
<codeline lineno="85"><highlight class="normal"><sp/><sp/><sp/><sp/><sp/><sp/><sp/><sp/><sp/><sp/><sp/><sp/><sp/><sp/><sp/><sp/>gridArray[x,y]<sp/>=<sp/>cell(x,y);</highlight></codeline>
<codeline lineno="86"><highlight class="normal"><sp/><sp/><sp/><sp/><sp/><sp/><sp/><sp/><sp/><sp/><sp/><sp/>}</highlight></codeline>
<codeline lineno="87"><highlight class="normal"><sp/><sp/><sp/><sp/><sp/><sp/><sp/><sp/>}</highlight></codeline>
<codeline lineno="88"><highlight class="normal"><sp/><sp/><sp/><sp/>}</highlight></codeline>
<codeline lineno="89"><highlight class="normal">}</highlight></codeline>
    </programlisting>
    <location file="C:/Users/Mus/Programmering/AdvancedCSharp/Mandatory/Grid.cs"/>
  </compounddef>
</doxygen>
