<?xml version='1.0' encoding='UTF-8' standalone='no'?>
<doxygen xmlns:xsi="http://www.w3.org/2001/XMLSchema-instance" xsi:noNamespaceSchemaLocation="compound.xsd" version="1.15.0" xml:lang="en-US">
  <compounddef id="_i_attack_8cs" kind="file" language="C#">
    <compoundname>IAttack.cs</compoundname>
    <innerclass refid="interface_mandatory_1_1_i_attack" prot="public">Mandatory::IAttack</innerclass>
    <innernamespace refid="namespace_mandatory">Mandatory</innernamespace>
    <briefdescription>
    </briefdescription>
    <detaileddescription>
    </detaileddescription>
    <programlisting>
<codeline lineno="1"><highlight class="keyword">namespace<sp/></highlight><highlight class="normal"><ref refid="namespace_mandatory" kindref="compound">Mandatory</ref>;</highlight></codeline>
<codeline lineno="2"><highlight class="normal"></highlight></codeline>
<codeline lineno="3" refid="interface_mandatory_1_1_i_attack" refkind="compound"><highlight class="normal"></highlight><highlight class="keyword">public</highlight><highlight class="normal"><sp/></highlight><highlight class="keyword">interface<sp/></highlight><highlight class="normal"><ref refid="interface_mandatory_1_1_i_attack" kindref="compound">IAttack</ref>{</highlight></codeline>
<codeline lineno="4"><highlight class="normal"><sp/><sp/><sp/><sp/></highlight><highlight class="keywordtype">void</highlight><highlight class="normal"><sp/>RecieveHit(</highlight><highlight class="keywordtype">int</highlight><highlight class="normal"><sp/>hit);</highlight></codeline>
<codeline lineno="5"><highlight class="normal"><sp/><sp/><sp/><sp/></highlight><highlight class="keywordtype">void</highlight><highlight class="normal"><sp/>Attack();</highlight></codeline>
<codeline lineno="6"><highlight class="normal"><sp/><sp/><sp/><sp/></highlight><highlight class="keywordtype">int</highlight><highlight class="normal"><sp/>GetTotalDefence();</highlight></codeline>
<codeline lineno="7"><highlight class="normal"><sp/><sp/><sp/><sp/></highlight><highlight class="keywordtype">int</highlight><highlight class="normal"><sp/>GetTotalOffence();</highlight></codeline>
<codeline lineno="8"><highlight class="normal">}</highlight></codeline>
    </programlisting>
    <location file="C:/Users/Mus/Programmering/AdvancedCSharp/Mandatory/Interfaces/Creature/IAttack.cs"/>
  </compounddef>
</doxygen>
