<?xml version='1.0' encoding='UTF-8' standalone='no'?>
<doxygen xmlns:xsi="http://www.w3.org/2001/XMLSchema-instance" xsi:noNamespaceSchemaLocation="compound.xsd" version="1.15.0" xml:lang="en-US">
  <compounddef id="_i_creature_8cs" kind="file" language="C#">
    <compoundname>ICreature.cs</compoundname>
    <innerclass refid="interface_mandatory_1_1_i_creature" prot="public">Mandatory::ICreature</innerclass>
    <innernamespace refid="namespace_mandatory">Mandatory</innernamespace>
    <briefdescription>
    </briefdescription>
    <detaileddescription>
    </detaileddescription>
    <programlisting>
<codeline lineno="1"><highlight class="keyword">namespace<sp/></highlight><highlight class="normal"><ref refid="namespace_mandatory" kindref="compound">Mandatory</ref>;</highlight></codeline>
<codeline lineno="2"><highlight class="normal"></highlight></codeline>
<codeline lineno="3" refid="interface_mandatory_1_1_i_creature" refkind="compound"><highlight class="normal"></highlight><highlight class="keyword">public</highlight><highlight class="normal"><sp/></highlight><highlight class="keyword">interface<sp/></highlight><highlight class="normal"><ref refid="interface_mandatory_1_1_i_creature" kindref="compound">ICreature</ref><sp/>:<sp/><ref refid="interface_mandatory_1_1_i_world_object" kindref="compound">IWorldObject</ref>,<sp/><ref refid="interface_mandatory_1_1_i_loot" kindref="compound">ILoot</ref>,<sp/><ref refid="interface_mandatory_1_1_i_moveable" kindref="compound">IMoveable</ref>,<ref refid="interface_mandatory_1_1_i_take_turn" kindref="compound">ITakeTurn</ref>{</highlight></codeline>
<codeline lineno="4"><highlight class="normal"><sp/><sp/><sp/><sp/></highlight><highlight class="keywordtype">int</highlight><highlight class="normal"><sp/>HitPoint<sp/>{</highlight><highlight class="keyword">get</highlight><highlight class="normal">;</highlight><highlight class="keyword">set</highlight><highlight class="normal">;}</highlight></codeline>
<codeline lineno="5"><highlight class="normal">}</highlight></codeline>
    </programlisting>
    <location file="C:/Users/Mus/Programmering/AdvancedCSharp/Mandatory/Interfaces/Creature/ICreature.cs"/>
  </compounddef>
</doxygen>
