<?xml version='1.0' encoding='UTF-8' standalone='no'?>
<doxygen xmlns:xsi="http://www.w3.org/2001/XMLSchema-instance" xsi:noNamespaceSchemaLocation="compound.xsd" version="1.15.0" xml:lang="en-US">
  <compounddef id="_i_config_parser_8cs" kind="file" language="C#">
    <compoundname>IConfigParser.cs</compoundname>
    <innerclass refid="interface_mandatory_1_1_i_config_parser" prot="public">Mandatory::IConfigParser</innerclass>
    <innernamespace refid="namespace_mandatory">Mandatory</innernamespace>
    <innernamespace refid="namespace_system_1_1_xml">System::Xml</innernamespace>
    <briefdescription>
    </briefdescription>
    <detaileddescription>
    </detaileddescription>
    <programlisting>
<codeline lineno="1"><highlight class="keyword">using<sp/></highlight><highlight class="normal">System.Xml;</highlight></codeline>
<codeline lineno="2"><highlight class="normal"></highlight><highlight class="keyword">namespace<sp/></highlight><highlight class="normal"><ref refid="namespace_mandatory" kindref="compound">Mandatory</ref>;</highlight></codeline>
<codeline lineno="3"><highlight class="normal"></highlight></codeline>
<codeline lineno="4" refid="interface_mandatory_1_1_i_config_parser" refkind="compound"><highlight class="normal"></highlight><highlight class="keyword">public</highlight><highlight class="normal"><sp/></highlight><highlight class="keyword">interface<sp/></highlight><highlight class="normal"><ref refid="interface_mandatory_1_1_i_config_parser" kindref="compound">IConfigParser</ref>{</highlight></codeline>
<codeline lineno="5"><highlight class="normal"><sp/><sp/><sp/><sp/><ref refid="struct_mandatory_1_1_size" kindref="compound">Size</ref><sp/>ParseDimensions(XmlDocument<sp/>configFile);</highlight></codeline>
<codeline lineno="6"><highlight class="normal"><sp/><sp/><sp/><sp/>GameDifficulty<sp/>GetGameDifficulty(XmlDocument<sp/>configFile);</highlight></codeline>
<codeline lineno="7"><highlight class="normal">}</highlight></codeline>
    </programlisting>
    <location file="C:/Users/Mus/Programmering/AdvancedCSharp/Mandatory/Interfaces/IConfigParser.cs"/>
  </compounddef>
</doxygen>
