<?xml version='1.0' encoding='UTF-8' standalone='no'?>
<doxygen xmlns:xsi="http://www.w3.org/2001/XMLSchema-instance" xsi:noNamespaceSchemaLocation="compound.xsd" version="1.15.0" xml:lang="en-US">
  <compounddef id="_i_decrease_armor_value_8cs" kind="file" language="C#">
    <compoundname>IDecreaseArmorValue.cs</compoundname>
    <innerclass refid="interface_mandatory_1_1_i_decrease_armor_value" prot="public">Mandatory::IDecreaseArmorValue</innerclass>
    <innernamespace refid="namespace_mandatory">Mandatory</innernamespace>
    <briefdescription>
    </briefdescription>
    <detaileddescription>
    </detaileddescription>
    <programlisting>
<codeline lineno="1"><highlight class="keyword">namespace<sp/></highlight><highlight class="normal"><ref refid="namespace_mandatory" kindref="compound">Mandatory</ref>;</highlight></codeline>
<codeline lineno="2"><highlight class="normal"></highlight></codeline>
<codeline lineno="3" refid="interface_mandatory_1_1_i_decrease_armor_value" refkind="compound"><highlight class="normal"></highlight><highlight class="keyword">public</highlight><highlight class="normal"><sp/></highlight><highlight class="keyword">interface<sp/></highlight><highlight class="normal"><ref refid="interface_mandatory_1_1_i_decrease_armor_value" kindref="compound">IDecreaseArmorValue</ref>{</highlight></codeline>
<codeline lineno="4"><highlight class="normal"><sp/><sp/><sp/><sp/></highlight><highlight class="keywordtype">void</highlight><highlight class="normal"><sp/>DecreaseArmorValue(<ref refid="interface_mandatory_1_1_i_armor_mod_target" kindref="compound">IArmorModTarget</ref><sp/>target,<sp/></highlight><highlight class="keywordtype">int</highlight><highlight class="normal"><sp/>amount);</highlight></codeline>
<codeline lineno="5"><highlight class="normal">}</highlight></codeline>
    </programlisting>
    <location file="C:/Users/Mus/Programmering/AdvancedCSharp/Mandatory/Interfaces/IDecreaseArmorValue.cs"/>
  </compounddef>
</doxygen>
