<?xml version='1.0' encoding='UTF-8' standalone='no'?>
<doxygen xmlns:xsi="http://www.w3.org/2001/XMLSchema-instance" xsi:noNamespaceSchemaLocation="compound.xsd" version="1.15.0" xml:lang="en-US">
  <compounddef id="_i_game_object_factory_8cs" kind="file" language="C#">
    <compoundname>IGameObjectFactory.cs</compoundname>
    <innerclass refid="interface_mandatory_1_1_i_game_object_factory" prot="public">Mandatory::IGameObjectFactory</innerclass>
    <innernamespace refid="namespace_mandatory">Mandatory</innernamespace>
    <briefdescription>
    </briefdescription>
    <detaileddescription>
    </detaileddescription>
    <programlisting>
<codeline lineno="1"><highlight class="keyword">namespace<sp/></highlight><highlight class="normal"><ref refid="namespace_mandatory" kindref="compound">Mandatory</ref>;</highlight></codeline>
<codeline lineno="2"><highlight class="normal"></highlight></codeline>
<codeline lineno="3" refid="interface_mandatory_1_1_i_game_object_factory" refkind="compound"><highlight class="normal"></highlight><highlight class="keyword">public</highlight><highlight class="normal"><sp/></highlight><highlight class="keyword">interface<sp/></highlight><highlight class="normal"><ref refid="interface_mandatory_1_1_i_game_object_factory" kindref="compound">IGameObjectFactory</ref>{</highlight></codeline>
<codeline lineno="4"><highlight class="normal"><sp/><sp/><sp/><sp/><ref refid="interface_mandatory_1_1_i_armor" kindref="compound">IArmor</ref><sp/>CreateArmor();</highlight></codeline>
<codeline lineno="5"><highlight class="normal"><sp/><sp/><sp/><sp/><ref refid="interface_mandatory_1_1_i_weapon" kindref="compound">IWeapon</ref><sp/>CreateWeapon();</highlight></codeline>
<codeline lineno="6"><highlight class="normal"><sp/><sp/><sp/><sp/><ref refid="interface_mandatory_1_1_i_creature" kindref="compound">ICreature</ref><sp/>CreateCreature();</highlight></codeline>
<codeline lineno="7"><highlight class="normal">}</highlight></codeline>
    </programlisting>
    <location file="C:/Users/Mus/Programmering/AdvancedCSharp/Mandatory/Interfaces/IGameObjectFactory.cs"/>
  </compounddef>
</doxygen>
