<?xml version='1.0' encoding='UTF-8' standalone='no'?>
<doxygen xmlns:xsi="http://www.w3.org/2001/XMLSchema-instance" xsi:noNamespaceSchemaLocation="compound.xsd" version="1.15.0" xml:lang="en-US">
  <compounddef id="_mandatory_8_assembly_info_8cs" kind="file" language="C#">
    <compoundname>Mandatory.AssemblyInfo.cs</compoundname>
    <briefdescription>
    </briefdescription>
    <detaileddescription>
    </detaileddescription>
    <programlisting>
<codeline lineno="1"><highlight class="comment">//------------------------------------------------------------------------------</highlight><highlight class="normal"></highlight></codeline>
<codeline lineno="2"><highlight class="normal"></highlight><highlight class="comment">//<sp/>&lt;auto-generated&gt;</highlight><highlight class="normal"></highlight></codeline>
<codeline lineno="3"><highlight class="normal"></highlight><highlight class="comment">//<sp/><sp/><sp/><sp/><sp/>This<sp/>code<sp/>was<sp/>generated<sp/>by<sp/>a<sp/>tool.</highlight><highlight class="normal"></highlight></codeline>
<codeline lineno="4"><highlight class="normal"></highlight><highlight class="comment">//</highlight><highlight class="normal"></highlight></codeline>
<codeline lineno="5"><highlight class="normal"></highlight><highlight class="comment">//<sp/><sp/><sp/><sp/><sp/>Changes<sp/>to<sp/>this<sp/>file<sp/>may<sp/>cause<sp/>incorrect<sp/>behavior<sp/>and<sp/>will<sp/>be<sp/>lost<sp/>if</highlight><highlight class="normal"></highlight></codeline>
<codeline lineno="6"><highlight class="normal"></highlight><highlight class="comment">//<sp/><sp/><sp/><sp/><sp/>the<sp/>code<sp/>is<sp/>regenerated.</highlight><highlight class="normal"></highlight></codeline>
<codeline lineno="7"><highlight class="normal"></highlight><highlight class="comment">//<sp/>&lt;/auto-generated&gt;</highlight><highlight class="normal"></highlight></codeline>
<codeline lineno="8"><highlight class="normal"></highlight><highlight class="comment">//------------------------------------------------------------------------------</highlight><highlight class="normal"></highlight></codeline>
<codeline lineno="9"><highlight class="normal"></highlight></codeline>
<codeline lineno="10"><highlight class="normal"></highlight><highlight class="keyword">using<sp/></highlight><highlight class="normal">System;</highlight></codeline>
<codeline lineno="11"><highlight class="normal"></highlight><highlight class="keyword">using<sp/></highlight><highlight class="normal">System.Reflection;</highlight></codeline>
<codeline lineno="12"><highlight class="normal"></highlight></codeline>
<codeline lineno="13"><highlight class="normal">[assembly:<sp/>System.Reflection.AssemblyCompanyAttribute(</highlight><highlight class="stringliteral">&quot;Mandatory&quot;</highlight><highlight class="normal">)]</highlight></codeline>
<codeline lineno="14"><highlight class="normal">[assembly:<sp/>System.Reflection.AssemblyConfigurationAttribute(</highlight><highlight class="stringliteral">&quot;Debug&quot;</highlight><highlight class="normal">)]</highlight></codeline>
<codeline lineno="15"><highlight class="normal">[assembly:<sp/>System.Reflection.AssemblyFileVersionAttribute(</highlight><highlight class="stringliteral">&quot;1.0.0.0&quot;</highlight><highlight class="normal">)]</highlight></codeline>
<codeline lineno="16"><highlight class="normal">[assembly:<sp/>System.Reflection.AssemblyInformationalVersionAttribute(</highlight><highlight class="stringliteral">&quot;1.0.0&quot;</highlight><highlight class="normal">)]</highlight></codeline>
<codeline lineno="17"><highlight class="normal">[assembly:<sp/>System.Reflection.AssemblyProductAttribute(</highlight><highlight class="stringliteral">&quot;Mandatory&quot;</highlight><highlight class="normal">)]</highlight></codeline>
<codeline lineno="18"><highlight class="normal">[assembly:<sp/>System.Reflection.AssemblyTitleAttribute(</highlight><highlight class="stringliteral">&quot;Mandatory&quot;</highlight><highlight class="normal">)]</highlight></codeline>
<codeline lineno="19"><highlight class="normal">[assembly:<sp/>System.Reflection.AssemblyVersionAttribute(</highlight><highlight class="stringliteral">&quot;1.0.0.0&quot;</highlight><highlight class="normal">)]</highlight></codeline>
<codeline lineno="20"><highlight class="normal"></highlight></codeline>
<codeline lineno="21"><highlight class="normal"></highlight><highlight class="comment">//<sp/>Generated<sp/>by<sp/>the<sp/>MSBuild<sp/>WriteCodeFragment<sp/>class.</highlight><highlight class="normal"></highlight></codeline>
<codeline lineno="22"><highlight class="normal"></highlight></codeline>
    </programlisting>
    <location file="C:/Users/Mus/Programmering/AdvancedCSharp/Mandatory/obj/Debug/net9.0/Mandatory.AssemblyInfo.cs"/>
  </compounddef>
</doxygen>
