<?xml version='1.0' encoding='UTF-8' standalone='no'?>
<doxygen xmlns:xsi="http://www.w3.org/2001/XMLSchema-instance" xsi:noNamespaceSchemaLocation="compound.xsd" version="1.15.0" xml:lang="en-US">
  <compounddef id="_offence_item_decorator_8cs" kind="file" language="C#">
    <compoundname>OffenceItemDecorator.cs</compoundname>
    <innerclass refid="class_mandatory_1_1_offence_item_decorator" prot="public">Mandatory::OffenceItemDecorator</innerclass>
    <innernamespace refid="namespace_mandatory">Mandatory</innernamespace>
    <briefdescription>
    </briefdescription>
    <detaileddescription>
    </detaileddescription>
    <programlisting>
<codeline lineno="1"><highlight class="keyword">namespace<sp/></highlight><highlight class="normal"><ref refid="namespace_mandatory" kindref="compound">Mandatory</ref>;</highlight></codeline>
<codeline lineno="2"><highlight class="normal"></highlight></codeline>
<codeline lineno="8" refid="class_mandatory_1_1_offence_item_decorator" refkind="compound"><highlight class="normal"></highlight><highlight class="keyword">public</highlight><highlight class="normal"><sp/></highlight><highlight class="keyword">abstract</highlight><highlight class="normal"><sp/></highlight><highlight class="keyword">class<sp/></highlight><highlight class="normal"><ref refid="class_mandatory_1_1_offence_item_decorator_1aae7e3ef2c2aaef9d4f9526d98b456eb2" kindref="member">OffenceItemDecorator</ref><sp/>:<sp/><ref refid="interface_mandatory_1_1_i_weapon" kindref="compound">IWeapon</ref>{</highlight></codeline>
<codeline lineno="12"><highlight class="normal"><sp/><sp/><sp/><sp/></highlight><highlight class="keyword">protected</highlight><highlight class="normal"><sp/>readonly<sp/><ref refid="interface_mandatory_1_1_i_weapon" kindref="compound">IWeapon</ref><sp/><ref refid="class_mandatory_1_1_offence_item_decorator_1a67658ab97c0c95cc076e0c3520a3544e" kindref="member">wrappedWeapon</ref>;</highlight></codeline>
<codeline lineno="13"><highlight class="normal"></highlight></codeline>
<codeline lineno="17"><highlight class="normal"><sp/><sp/><sp/><sp/></highlight><highlight class="keyword">public</highlight><highlight class="normal"><sp/><ref refid="class_mandatory_1_1_offence_item_decorator_1a0fdbeaf937645f34b1d2b88dc223724b" kindref="member">WeaponSlot</ref><sp/><ref refid="class_mandatory_1_1_offence_item_decorator_1a0fdbeaf937645f34b1d2b88dc223724b" kindref="member">WeaponSlot</ref><sp/>{<sp/></highlight><highlight class="keyword">get</highlight><highlight class="normal"><sp/>=&gt;<sp/><ref refid="class_mandatory_1_1_offence_item_decorator_1a67658ab97c0c95cc076e0c3520a3544e" kindref="member">wrappedWeapon</ref>.WeaponSlot;</highlight><highlight class="keyword">set</highlight><highlight class="normal"><sp/>=&gt;<sp/>wrappedWeapon.WeaponSlot<sp/>=<sp/>value;}</highlight></codeline>
<codeline lineno="21"><highlight class="normal"><sp/><sp/><sp/><sp/></highlight><highlight class="keyword">public</highlight><highlight class="normal"><sp/></highlight><highlight class="keywordtype">string</highlight><highlight class="normal">?<sp/><ref refid="class_mandatory_1_1_offence_item_decorator_1a03c4c1bc506f391ab3e7879a8edfea6f" kindref="member">Name</ref><sp/>{<sp/></highlight><highlight class="keyword">get</highlight><highlight class="normal"><sp/>=&gt;<sp/><ref refid="class_mandatory_1_1_offence_item_decorator_1a67658ab97c0c95cc076e0c3520a3544e" kindref="member">wrappedWeapon</ref>.Name;</highlight><highlight class="keyword">set</highlight><highlight class="normal"><sp/>=&gt;<sp/>wrappedWeapon.Name<sp/>=<sp/>value;}<sp/></highlight></codeline>
<codeline lineno="25"><highlight class="normal"><sp/><sp/><sp/><sp/></highlight><highlight class="keyword">public</highlight><highlight class="normal"><sp/></highlight><highlight class="keywordtype">bool</highlight><highlight class="normal"><sp/><ref refid="class_mandatory_1_1_offence_item_decorator_1a7210538a78ff5692db508610db1c1eb7" kindref="member">Lootable</ref><sp/>{<sp/></highlight><highlight class="keyword">get</highlight><highlight class="normal"><sp/>=&gt;<sp/><ref refid="class_mandatory_1_1_offence_item_decorator_1a67658ab97c0c95cc076e0c3520a3544e" kindref="member">wrappedWeapon</ref>.Lootable;</highlight><highlight class="keyword">set</highlight><highlight class="normal"><sp/>=&gt;<sp/>wrappedWeapon.Lootable<sp/>=<sp/>value;}</highlight></codeline>
<codeline lineno="29"><highlight class="normal"><sp/><sp/><sp/><sp/></highlight><highlight class="keyword">public</highlight><highlight class="normal"><sp/></highlight><highlight class="keywordtype">bool</highlight><highlight class="normal"><sp/><ref refid="class_mandatory_1_1_offence_item_decorator_1ac461bb26074ab2ce0cfb88eb9e782ac0" kindref="member">Removeable</ref><sp/>{<sp/></highlight><highlight class="keyword">get</highlight><highlight class="normal"><sp/>=&gt;<sp/><ref refid="class_mandatory_1_1_offence_item_decorator_1a67658ab97c0c95cc076e0c3520a3544e" kindref="member">wrappedWeapon</ref>.Removeable;</highlight><highlight class="keyword">set</highlight><highlight class="normal"><sp/>=&gt;<sp/>wrappedWeapon.Removeable<sp/>=<sp/>value;}</highlight></codeline>
<codeline lineno="33"><highlight class="normal"><sp/><sp/><sp/><sp/></highlight><highlight class="keyword">public</highlight><highlight class="normal"><sp/><ref refid="class_mandatory_1_1_offence_item_decorator_1a8491b5d7f61314894a6155839d4c661e" kindref="member">Position</ref><sp/><ref refid="class_mandatory_1_1_offence_item_decorator_1a8491b5d7f61314894a6155839d4c661e" kindref="member">Position</ref><sp/>{<sp/></highlight><highlight class="keyword">get</highlight><highlight class="normal"><sp/>=&gt;<sp/><ref refid="class_mandatory_1_1_offence_item_decorator_1a67658ab97c0c95cc076e0c3520a3544e" kindref="member">wrappedWeapon</ref>.Position;</highlight><highlight class="keyword">set</highlight><highlight class="normal"><sp/>=&gt;<sp/>wrappedWeapon.Position<sp/>=<sp/>value;}</highlight></codeline>
<codeline lineno="34"><highlight class="normal"></highlight></codeline>
<codeline lineno="39"><highlight class="normal"><sp/><sp/><sp/><sp/></highlight><highlight class="keyword">public</highlight><highlight class="normal"><sp/><ref refid="class_mandatory_1_1_offence_item_decorator_1aae7e3ef2c2aaef9d4f9526d98b456eb2" kindref="member">OffenceItemDecorator</ref>(<ref refid="interface_mandatory_1_1_i_weapon" kindref="compound">IWeapon</ref><sp/><ref refid="class_mandatory_1_1_offence_item_decorator_1a67658ab97c0c95cc076e0c3520a3544e" kindref="member">wrappedWeapon</ref>){</highlight></codeline>
<codeline lineno="40"><highlight class="normal"><sp/><sp/><sp/><sp/><sp/><sp/><sp/><sp/>this.wrappedWeapon<sp/>=<sp/><ref refid="class_mandatory_1_1_offence_item_decorator_1a67658ab97c0c95cc076e0c3520a3544e" kindref="member">wrappedWeapon</ref>;</highlight></codeline>
<codeline lineno="41"><highlight class="normal"><sp/><sp/><sp/><sp/>}</highlight></codeline>
<codeline lineno="42"><highlight class="normal"></highlight></codeline>
<codeline lineno="48"><highlight class="normal"><sp/><sp/><sp/><sp/></highlight><highlight class="keyword">public</highlight><highlight class="normal"><sp/></highlight><highlight class="keywordtype">void</highlight><highlight class="normal"><sp/><ref refid="class_mandatory_1_1_offence_item_decorator_1a16651063ce4836639355103a9e1b375a" kindref="member">Dispose</ref>(){</highlight></codeline>
<codeline lineno="49"><highlight class="normal"><sp/><sp/><sp/><sp/><sp/><sp/><sp/><sp/>GC.SuppressFinalize(</highlight><highlight class="keyword">this</highlight><highlight class="normal">);</highlight></codeline>
<codeline lineno="50"><highlight class="normal"><sp/><sp/><sp/><sp/>}</highlight></codeline>
<codeline lineno="51"><highlight class="normal"></highlight></codeline>
<codeline lineno="57"><highlight class="normal"><sp/><sp/><sp/><sp/></highlight><highlight class="keyword">public</highlight><highlight class="normal"><sp/></highlight><highlight class="keywordtype">int</highlight><highlight class="normal"><sp/><ref refid="class_mandatory_1_1_offence_item_decorator_1a775b50ca6a583484676d9452c1a94b1c" kindref="member">GetTotalAttackDamage</ref>(){</highlight></codeline>
<codeline lineno="58"><highlight class="normal"><sp/><sp/><sp/><sp/><sp/><sp/><sp/><sp/></highlight><highlight class="keywordflow">return</highlight><highlight class="normal"><sp/><ref refid="class_mandatory_1_1_offence_item_decorator_1a67658ab97c0c95cc076e0c3520a3544e" kindref="member">wrappedWeapon</ref>.GetTotalAttackDamage();</highlight></codeline>
<codeline lineno="59"><highlight class="normal"><sp/><sp/><sp/><sp/>}</highlight></codeline>
<codeline lineno="60"><highlight class="normal">}</highlight></codeline>
    </programlisting>
    <location file="C:/Users/Mus/Programmering/AdvancedCSharp/Mandatory/OffenceItemDecorator.cs"/>
  </compounddef>
</doxygen>
