<?xml version='1.0' encoding='UTF-8' standalone='no'?>
<doxygen xmlns:xsi="http://www.w3.org/2001/XMLSchema-instance" xsi:noNamespaceSchemaLocation="compound.xsd" version="1.15.0" xml:lang="en-US">
  <compounddef id="_position_8cs" kind="file" language="C#">
    <compoundname>Position.cs</compoundname>
    <innerclass refid="struct_mandatory_1_1_position" prot="public">Mandatory::Position</innerclass>
    <innernamespace refid="namespace_mandatory">Mandatory</innernamespace>
    <briefdescription>
    </briefdescription>
    <detaileddescription>
    </detaileddescription>
    <programlisting>
<codeline lineno="1"><highlight class="keyword">namespace<sp/></highlight><highlight class="normal"><ref refid="namespace_mandatory" kindref="compound">Mandatory</ref>;</highlight></codeline>
<codeline lineno="2"><highlight class="normal"></highlight></codeline>
<codeline lineno="7" refid="struct_mandatory_1_1_position" refkind="compound"><highlight class="normal"></highlight><highlight class="keyword">public</highlight><highlight class="normal"><sp/></highlight><highlight class="keyword">struct<sp/></highlight><highlight class="normal"><ref refid="struct_mandatory_1_1_position_1af9c319fd50cf6d4ef00e9541aebfb829" kindref="member">Position</ref><sp/>{</highlight></codeline>
<codeline lineno="11"><highlight class="normal"><sp/><sp/><sp/><sp/></highlight><highlight class="keyword">public</highlight><highlight class="normal"><sp/></highlight><highlight class="keywordtype">int</highlight><highlight class="normal"><sp/><ref refid="struct_mandatory_1_1_position_1a49a9376a2b83d07be9608e8e4824304c" kindref="member">X</ref><sp/>{</highlight><highlight class="keyword">get</highlight><highlight class="normal">;</highlight><highlight class="keyword">set</highlight><highlight class="normal">;}</highlight></codeline>
<codeline lineno="15"><highlight class="normal"><sp/><sp/><sp/><sp/></highlight><highlight class="keyword">public</highlight><highlight class="normal"><sp/></highlight><highlight class="keywordtype">int</highlight><highlight class="normal"><sp/><ref refid="struct_mandatory_1_1_position_1ad96921be8118f66ff4b3fffeb4d99886" kindref="member">Y</ref><sp/>{</highlight><highlight class="keyword">get</highlight><highlight class="normal">;</highlight><highlight class="keyword">set</highlight><highlight class="normal">;}</highlight></codeline>
<codeline lineno="16"><highlight class="normal"></highlight></codeline>
<codeline lineno="22"><highlight class="normal"><sp/><sp/><sp/><sp/></highlight><highlight class="keyword">public</highlight><highlight class="normal"><sp/><ref refid="struct_mandatory_1_1_position_1af9c319fd50cf6d4ef00e9541aebfb829" kindref="member">Position</ref>(</highlight><highlight class="keywordtype">int</highlight><highlight class="normal"><sp/>x,<sp/></highlight><highlight class="keywordtype">int</highlight><highlight class="normal"><sp/>y){</highlight></codeline>
<codeline lineno="23"><highlight class="normal"><sp/><sp/><sp/><sp/><sp/><sp/><sp/><sp/><ref refid="struct_mandatory_1_1_position_1a49a9376a2b83d07be9608e8e4824304c" kindref="member">X</ref><sp/>=<sp/>x;</highlight></codeline>
<codeline lineno="24"><highlight class="normal"><sp/><sp/><sp/><sp/><sp/><sp/><sp/><sp/><ref refid="struct_mandatory_1_1_position_1ad96921be8118f66ff4b3fffeb4d99886" kindref="member">Y</ref><sp/>=<sp/>y;</highlight></codeline>
<codeline lineno="25"><highlight class="normal"><sp/><sp/><sp/><sp/>}</highlight></codeline>
<codeline lineno="26"><highlight class="normal"></highlight></codeline>
<codeline lineno="33"><highlight class="normal"><sp/><sp/><sp/><sp/></highlight><highlight class="keyword">public</highlight><highlight class="normal"><sp/></highlight><highlight class="keyword">static</highlight><highlight class="normal"><sp/><ref refid="struct_mandatory_1_1_position_1af9c319fd50cf6d4ef00e9541aebfb829" kindref="member">Position</ref><sp/><ref refid="struct_mandatory_1_1_position_1a2eedf347c406bacd67e67f09cd7a956a" kindref="member">operator +</ref>(<ref refid="struct_mandatory_1_1_position_1af9c319fd50cf6d4ef00e9541aebfb829" kindref="member">Position</ref><sp/>currentPos,<sp/><ref refid="struct_mandatory_1_1_position_1af9c319fd50cf6d4ef00e9541aebfb829" kindref="member">Position</ref><sp/>newPos){</highlight></codeline>
<codeline lineno="34"><highlight class="normal"><sp/><sp/><sp/><sp/><sp/><sp/><sp/><sp/></highlight><highlight class="keywordflow">return</highlight><highlight class="normal"><sp/></highlight><highlight class="keyword">new</highlight><highlight class="normal"><sp/><ref refid="struct_mandatory_1_1_position_1af9c319fd50cf6d4ef00e9541aebfb829" kindref="member">Position</ref>(currentPos.<ref refid="struct_mandatory_1_1_position_1a49a9376a2b83d07be9608e8e4824304c" kindref="member">X</ref><sp/>+<sp/>newPos.<ref refid="struct_mandatory_1_1_position_1a49a9376a2b83d07be9608e8e4824304c" kindref="member">X</ref>,currentPos.<ref refid="struct_mandatory_1_1_position_1ad96921be8118f66ff4b3fffeb4d99886" kindref="member">Y</ref><sp/>+<sp/>newPos.<ref refid="struct_mandatory_1_1_position_1ad96921be8118f66ff4b3fffeb4d99886" kindref="member">Y</ref>);</highlight></codeline>
<codeline lineno="35"><highlight class="normal"><sp/><sp/><sp/><sp/>}</highlight></codeline>
<codeline lineno="36"><highlight class="normal"></highlight></codeline>
<codeline lineno="43"><highlight class="normal"><sp/><sp/><sp/><sp/></highlight><highlight class="keyword">public</highlight><highlight class="normal"><sp/></highlight><highlight class="keyword">static</highlight><highlight class="normal"><sp/><ref refid="struct_mandatory_1_1_position_1af9c319fd50cf6d4ef00e9541aebfb829" kindref="member">Position</ref><sp/><ref refid="struct_mandatory_1_1_position_1ad6da3748bd6239693aa40f3707745bc1" kindref="member">operator -</ref>(<ref refid="struct_mandatory_1_1_position_1af9c319fd50cf6d4ef00e9541aebfb829" kindref="member">Position</ref><sp/>currentPos,<sp/><ref refid="struct_mandatory_1_1_position_1af9c319fd50cf6d4ef00e9541aebfb829" kindref="member">Position</ref><sp/>newPos){</highlight></codeline>
<codeline lineno="44"><highlight class="normal"><sp/><sp/><sp/><sp/><sp/><sp/><sp/><sp/></highlight><highlight class="keywordflow">return</highlight><highlight class="normal"><sp/></highlight><highlight class="keyword">new</highlight><highlight class="normal"><sp/><ref refid="struct_mandatory_1_1_position_1af9c319fd50cf6d4ef00e9541aebfb829" kindref="member">Position</ref>(currentPos.<ref refid="struct_mandatory_1_1_position_1a49a9376a2b83d07be9608e8e4824304c" kindref="member">X</ref><sp/>-<sp/>newPos.<ref refid="struct_mandatory_1_1_position_1a49a9376a2b83d07be9608e8e4824304c" kindref="member">X</ref>,currentPos.<ref refid="struct_mandatory_1_1_position_1ad96921be8118f66ff4b3fffeb4d99886" kindref="member">Y</ref><sp/>-<sp/>newPos.<ref refid="struct_mandatory_1_1_position_1ad96921be8118f66ff4b3fffeb4d99886" kindref="member">Y</ref>);</highlight></codeline>
<codeline lineno="45"><highlight class="normal"><sp/><sp/><sp/><sp/>}</highlight></codeline>
<codeline lineno="46"><highlight class="normal">}</highlight></codeline>
    </programlisting>
    <location file="C:/Users/Mus/Programmering/AdvancedCSharp/Mandatory/Position.cs"/>
  </compounddef>
</doxygen>
