<?xml version='1.0' encoding='UTF-8' standalone='no'?>
<doxygen xmlns:xsi="http://www.w3.org/2001/XMLSchema-instance" xsi:noNamespaceSchemaLocation="compound.xsd" version="1.15.0" xml:lang="en-US">
  <compounddef id="_size_8cs" kind="file" language="C#">
    <compoundname>Size.cs</compoundname>
    <innerclass refid="struct_mandatory_1_1_size" prot="public">Mandatory::Size</innerclass>
    <innernamespace refid="namespace_mandatory">Mandatory</innernamespace>
    <briefdescription>
    </briefdescription>
    <detaileddescription>
    </detaileddescription>
    <programlisting>
<codeline lineno="1"><highlight class="keyword">namespace<sp/></highlight><highlight class="normal"><ref refid="namespace_mandatory" kindref="compound">Mandatory</ref>;</highlight></codeline>
<codeline lineno="2"><highlight class="normal"></highlight></codeline>
<codeline lineno="7" refid="struct_mandatory_1_1_size" refkind="compound"><highlight class="normal"></highlight><highlight class="keyword">public</highlight><highlight class="normal"><sp/></highlight><highlight class="keyword">struct<sp/></highlight><highlight class="normal"><ref refid="struct_mandatory_1_1_size_1a7764ce28399905d3cea33be9d099dd0c" kindref="member">Size</ref>{</highlight></codeline>
<codeline lineno="11"><highlight class="normal"><sp/><sp/><sp/><sp/></highlight><highlight class="keyword">public</highlight><highlight class="normal"><sp/></highlight><highlight class="keywordtype">int</highlight><highlight class="normal"><sp/><ref refid="struct_mandatory_1_1_size_1a42a60a74cc4f82a80cfcffa5f6b93517" kindref="member">X</ref><sp/>{</highlight><highlight class="keyword">get</highlight><highlight class="normal">;</highlight><highlight class="keyword">set</highlight><highlight class="normal">;}</highlight></codeline>
<codeline lineno="15"><highlight class="normal"><sp/><sp/><sp/><sp/></highlight><highlight class="keyword">public</highlight><highlight class="normal"><sp/></highlight><highlight class="keywordtype">int</highlight><highlight class="normal"><sp/><ref refid="struct_mandatory_1_1_size_1a7cb339539c771ab03b864c50fa94ca1c" kindref="member">Y</ref><sp/>{</highlight><highlight class="keyword">get</highlight><highlight class="normal">;</highlight><highlight class="keyword">set</highlight><highlight class="normal">;}</highlight></codeline>
<codeline lineno="16"><highlight class="normal"></highlight></codeline>
<codeline lineno="22"><highlight class="normal"><sp/><sp/><sp/><sp/></highlight><highlight class="keyword">public</highlight><highlight class="normal"><sp/><ref refid="struct_mandatory_1_1_size_1a7764ce28399905d3cea33be9d099dd0c" kindref="member">Size</ref>(</highlight><highlight class="keywordtype">int</highlight><highlight class="normal"><sp/>x,<sp/></highlight><highlight class="keywordtype">int</highlight><highlight class="normal"><sp/>y){</highlight></codeline>
<codeline lineno="23"><highlight class="normal"><sp/><sp/><sp/><sp/><sp/><sp/><sp/><sp/><ref refid="struct_mandatory_1_1_size_1a42a60a74cc4f82a80cfcffa5f6b93517" kindref="member">X</ref><sp/>=<sp/>x;</highlight></codeline>
<codeline lineno="24"><highlight class="normal"><sp/><sp/><sp/><sp/><sp/><sp/><sp/><sp/><ref refid="struct_mandatory_1_1_size_1a7cb339539c771ab03b864c50fa94ca1c" kindref="member">Y</ref><sp/>=<sp/>y;</highlight></codeline>
<codeline lineno="25"><highlight class="normal"><sp/><sp/><sp/><sp/>}</highlight></codeline>
<codeline lineno="26"><highlight class="normal"></highlight></codeline>
<codeline lineno="33"><highlight class="normal"><sp/><sp/><sp/><sp/></highlight><highlight class="keyword">public</highlight><highlight class="normal"><sp/></highlight><highlight class="keyword">static</highlight><highlight class="normal"><sp/><ref refid="struct_mandatory_1_1_size_1a7764ce28399905d3cea33be9d099dd0c" kindref="member">Size</ref><sp/><ref refid="struct_mandatory_1_1_size_1a5878f41180d9b2e0489882c1776b080e" kindref="member">operator +</ref>(<ref refid="struct_mandatory_1_1_size_1a7764ce28399905d3cea33be9d099dd0c" kindref="member">Size</ref><sp/>currentSize,<sp/><ref refid="struct_mandatory_1_1_size_1a7764ce28399905d3cea33be9d099dd0c" kindref="member">Size</ref><sp/>newSize){</highlight></codeline>
<codeline lineno="34"><highlight class="normal"><sp/><sp/><sp/><sp/><sp/><sp/><sp/><sp/></highlight><highlight class="keywordflow">return</highlight><highlight class="normal"><sp/></highlight><highlight class="keyword">new</highlight><highlight class="normal"><sp/><ref refid="struct_mandatory_1_1_size_1a7764ce28399905d3cea33be9d099dd0c" kindref="member">Size</ref>(currentSize.<ref refid="struct_mandatory_1_1_size_1a42a60a74cc4f82a80cfcffa5f6b93517" kindref="member">X</ref><sp/>+<sp/>newSize.<ref refid="struct_mandatory_1_1_size_1a42a60a74cc4f82a80cfcffa5f6b93517" kindref="member">X</ref>,currentSize.<ref refid="struct_mandatory_1_1_size_1a7cb339539c771ab03b864c50fa94ca1c" kindref="member">Y</ref><sp/>+<sp/>newSize.<ref refid="struct_mandatory_1_1_size_1a7cb339539c771ab03b864c50fa94ca1c" kindref="member">Y</ref>);</highlight></codeline>
<codeline lineno="35"><highlight class="normal"><sp/><sp/><sp/><sp/>}</highlight></codeline>
<codeline lineno="36"><highlight class="normal"></highlight></codeline>
<codeline lineno="43"><highlight class="normal"><sp/><sp/><sp/><sp/></highlight><highlight class="keyword">public</highlight><highlight class="normal"><sp/></highlight><highlight class="keyword">static</highlight><highlight class="normal"><sp/><ref refid="struct_mandatory_1_1_size_1a7764ce28399905d3cea33be9d099dd0c" kindref="member">Size</ref><sp/><ref refid="struct_mandatory_1_1_size_1a41615ac6c98e5d6f3a252ed19b55cdac" kindref="member">operator -</ref>(<ref refid="struct_mandatory_1_1_size_1a7764ce28399905d3cea33be9d099dd0c" kindref="member">Size</ref><sp/>currentSize,<sp/><ref refid="struct_mandatory_1_1_size_1a7764ce28399905d3cea33be9d099dd0c" kindref="member">Size</ref><sp/>newSize){</highlight></codeline>
<codeline lineno="44"><highlight class="normal"><sp/><sp/><sp/><sp/><sp/><sp/><sp/><sp/></highlight><highlight class="keywordflow">return</highlight><highlight class="normal"><sp/></highlight><highlight class="keyword">new</highlight><highlight class="normal"><sp/><ref refid="struct_mandatory_1_1_size_1a7764ce28399905d3cea33be9d099dd0c" kindref="member">Size</ref>(currentSize.<ref refid="struct_mandatory_1_1_size_1a42a60a74cc4f82a80cfcffa5f6b93517" kindref="member">X</ref><sp/>-<sp/>newSize.<ref refid="struct_mandatory_1_1_size_1a42a60a74cc4f82a80cfcffa5f6b93517" kindref="member">X</ref>,currentSize.<ref refid="struct_mandatory_1_1_size_1a7cb339539c771ab03b864c50fa94ca1c" kindref="member">Y</ref><sp/>-<sp/>newSize.<ref refid="struct_mandatory_1_1_size_1a7cb339539c771ab03b864c50fa94ca1c" kindref="member">Y</ref>);</highlight></codeline>
<codeline lineno="45"><highlight class="normal"><sp/><sp/><sp/><sp/>}</highlight></codeline>
<codeline lineno="46"><highlight class="normal">}</highlight></codeline>
    </programlisting>
    <location file="C:/Users/Mus/Programmering/AdvancedCSharp/Mandatory/Size.cs"/>
  </compounddef>
</doxygen>
