<?xml version='1.0' encoding='UTF-8' standalone='no'?>
<doxygen xmlns:xsi="http://www.w3.org/2001/XMLSchema-instance" xsi:noNamespaceSchemaLocation="compound.xsd" version="1.15.0" xml:lang="en-US">
  <compounddef id="_transform_8cs" kind="file" language="C#">
    <compoundname>Transform.cs</compoundname>
    <innerclass refid="class_mandatory_1_1_transform" prot="public">Mandatory::Transform</innerclass>
    <innernamespace refid="namespace_mandatory">Mandatory</innernamespace>
    <briefdescription>
    </briefdescription>
    <detaileddescription>
    </detaileddescription>
    <programlisting>
<codeline lineno="1"><highlight class="keyword">namespace<sp/></highlight><highlight class="normal"><ref refid="namespace_mandatory" kindref="compound">Mandatory</ref>;</highlight></codeline>
<codeline lineno="2"><highlight class="normal"></highlight></codeline>
<codeline lineno="7" refid="class_mandatory_1_1_transform" refkind="compound"><highlight class="normal"></highlight><highlight class="keyword">public</highlight><highlight class="normal"><sp/></highlight><highlight class="keyword">class<sp/></highlight><highlight class="normal"><ref refid="class_mandatory_1_1_transform" kindref="compound">Transform</ref><sp/>:<ref refid="interface_mandatory_1_1_i_transform" kindref="compound">ITransform</ref><sp/>{</highlight></codeline>
<codeline lineno="12"><highlight class="normal"><sp/><sp/><sp/><sp/></highlight><highlight class="keyword">public</highlight><highlight class="normal"><sp/><ref refid="class_mandatory_1_1_transform_1afa0241f7e4d18a197e2e6dcfde58f8c9" kindref="member">Position</ref><sp/><ref refid="class_mandatory_1_1_transform_1afa0241f7e4d18a197e2e6dcfde58f8c9" kindref="member">Position</ref><sp/>{<sp/></highlight><highlight class="keyword">get</highlight><highlight class="normal">;</highlight><highlight class="keyword">set</highlight><highlight class="normal">;}<sp/>=<sp/></highlight><highlight class="keyword">new</highlight><highlight class="normal">(0,0);</highlight></codeline>
<codeline lineno="13"><highlight class="normal">}</highlight></codeline>
    </programlisting>
    <location file="C:/Users/Mus/Programmering/AdvancedCSharp/Mandatory/Transform.cs"/>
  </compounddef>
</doxygen>
