<?xml version='1.0' encoding='UTF-8' standalone='no'?>
<doxygen xmlns:xsi="http://www.w3.org/2001/XMLSchema-instance" xsi:noNamespaceSchemaLocation="compound.xsd" version="1.15.0" xml:lang="en-US">
  <compounddef id="_weapon_collection_8cs" kind="file" language="C#">
    <compoundname>WeaponCollection.cs</compoundname>
    <innerclass refid="class_mandatory_1_1_weapon_collection" prot="public">Mandatory::WeaponCollection</innerclass>
    <innernamespace refid="namespace_mandatory">Mandatory</innernamespace>
    <briefdescription>
    </briefdescription>
    <detaileddescription>
    </detaileddescription>
    <programlisting>
<codeline lineno="1"><highlight class="keyword">namespace<sp/></highlight><highlight class="normal"><ref refid="namespace_mandatory" kindref="compound">Mandatory</ref>;</highlight></codeline>
<codeline lineno="2"><highlight class="normal"></highlight></codeline>
<codeline lineno="7" refid="class_mandatory_1_1_weapon_collection" refkind="compound"><highlight class="normal"></highlight><highlight class="keyword">public</highlight><highlight class="normal"><sp/></highlight><highlight class="keyword">class<sp/></highlight><highlight class="normal"><ref refid="class_mandatory_1_1_weapon_collection" kindref="compound">WeaponCollection</ref><sp/>:<sp/><ref refid="interface_mandatory_1_1_i_weapon" kindref="compound">IWeapon</ref>{</highlight></codeline>
<codeline lineno="8"><highlight class="normal"><sp/><sp/><sp/><sp/></highlight><highlight class="keyword">private</highlight><highlight class="normal"><sp/>Dictionary&lt;WeaponSlot,<sp/>IWeapon&gt;<sp/>weapons<sp/>=<sp/></highlight><highlight class="keyword">new</highlight><highlight class="normal">();</highlight></codeline>
<codeline lineno="9"><highlight class="normal"></highlight></codeline>
<codeline lineno="13"><highlight class="normal"><sp/><sp/><sp/><sp/></highlight><highlight class="keyword">public</highlight><highlight class="normal"><sp/></highlight><highlight class="keywordtype">string</highlight><highlight class="normal">?<sp/><ref refid="class_mandatory_1_1_weapon_collection_1ae2187d15f7ee35bd9cc86a8061fb1c43" kindref="member">Name</ref><sp/>{</highlight><highlight class="keyword">get</highlight><highlight class="normal">;</highlight><highlight class="keyword">set</highlight><highlight class="normal">;}<sp/>=<sp/></highlight><highlight class="stringliteral">&quot;Weapon<sp/>collection&quot;</highlight><highlight class="normal">;</highlight></codeline>
<codeline lineno="17"><highlight class="normal"><sp/><sp/><sp/><sp/></highlight><highlight class="keyword">public</highlight><highlight class="normal"><sp/></highlight><highlight class="keywordtype">bool</highlight><highlight class="normal"><sp/><ref refid="class_mandatory_1_1_weapon_collection_1acbaf1e9a37c9c4ce1b97969e8d51cbaf" kindref="member">Lootable</ref><sp/>{</highlight><highlight class="keyword">get</highlight><highlight class="normal">;</highlight><highlight class="keyword">set</highlight><highlight class="normal">;}<sp/>=<sp/></highlight><highlight class="keyword">true</highlight><highlight class="normal">;</highlight></codeline>
<codeline lineno="21"><highlight class="normal"><sp/><sp/><sp/><sp/></highlight><highlight class="keyword">public</highlight><highlight class="normal"><sp/></highlight><highlight class="keywordtype">bool</highlight><highlight class="normal"><sp/><ref refid="class_mandatory_1_1_weapon_collection_1a3f33670440305dfdbcec644cabb335a1" kindref="member">Removeable</ref><sp/>{</highlight><highlight class="keyword">get</highlight><highlight class="normal">;</highlight><highlight class="keyword">set</highlight><highlight class="normal">;}<sp/>=<sp/></highlight><highlight class="keyword">true</highlight><highlight class="normal">;</highlight></codeline>
<codeline lineno="25"><highlight class="normal"><sp/><sp/><sp/><sp/></highlight><highlight class="keyword">public</highlight><highlight class="normal"><sp/><ref refid="class_mandatory_1_1_weapon_collection_1aef8cb39262a8ad80eb73429d5794c55b" kindref="member">WeaponSlot</ref><sp/><ref refid="class_mandatory_1_1_weapon_collection_1aef8cb39262a8ad80eb73429d5794c55b" kindref="member">WeaponSlot</ref><sp/>{<sp/></highlight><highlight class="keyword">get</highlight><highlight class="normal">;</highlight><highlight class="keyword">set</highlight><highlight class="normal">;}<sp/>=<sp/><ref refid="class_mandatory_1_1_weapon_collection_1aef8cb39262a8ad80eb73429d5794c55b" kindref="member">WeaponSlot</ref>.All;</highlight></codeline>
<codeline lineno="29"><highlight class="normal"><sp/><sp/><sp/><sp/></highlight><highlight class="keyword">public</highlight><highlight class="normal"><sp/><ref refid="class_mandatory_1_1_weapon_collection_1a13733a8fe8d0ab4a6374f0cfd831fd8a" kindref="member">Position</ref><sp/><ref refid="class_mandatory_1_1_weapon_collection_1a13733a8fe8d0ab4a6374f0cfd831fd8a" kindref="member">Position</ref><sp/>{<sp/></highlight><highlight class="keyword">get</highlight><highlight class="normal">;</highlight><highlight class="keyword">set</highlight><highlight class="normal">;}</highlight></codeline>
<codeline lineno="30"><highlight class="normal"></highlight></codeline>
<codeline lineno="36"><highlight class="normal"><sp/><sp/><sp/><sp/></highlight><highlight class="keyword">public</highlight><highlight class="normal"><sp/></highlight><highlight class="keywordtype">void</highlight><highlight class="normal"><sp/><ref refid="class_mandatory_1_1_weapon_collection_1ac531ed7c22a0aed5061ba435d540105d" kindref="member">EquipWeapon</ref>(<ref refid="interface_mandatory_1_1_i_weapon" kindref="compound">IWeapon</ref><sp/>weapon){</highlight></codeline>
<codeline lineno="37"><highlight class="normal"><sp/><sp/><sp/><sp/><sp/><sp/><sp/><sp/></highlight><highlight class="keywordflow">if</highlight><highlight class="normal">(weapons.ContainsKey(weapon.WeaponSlot)){</highlight></codeline>
<codeline lineno="38"><highlight class="normal"><sp/><sp/><sp/><sp/><sp/><sp/><sp/><sp/><sp/><sp/><sp/><sp/></highlight><highlight class="keywordflow">throw</highlight><highlight class="normal"><sp/></highlight><highlight class="keyword">new</highlight><highlight class="normal"><sp/>InvalidOperationException($</highlight><highlight class="stringliteral">&quot;Slot<sp/>{weapon.WeaponSlot}<sp/>is<sp/>already<sp/>occupied&quot;</highlight><highlight class="normal">);</highlight></codeline>
<codeline lineno="39"><highlight class="normal"><sp/><sp/><sp/><sp/><sp/><sp/><sp/><sp/>}</highlight></codeline>
<codeline lineno="40"><highlight class="normal"><sp/><sp/><sp/><sp/><sp/><sp/><sp/><sp/>weapons.Add(weapon.WeaponSlot,<sp/>weapon);</highlight></codeline>
<codeline lineno="41"><highlight class="normal"><sp/><sp/><sp/><sp/>}</highlight></codeline>
<codeline lineno="42"><highlight class="normal"></highlight></codeline>
<codeline lineno="47"><highlight class="normal"><sp/><sp/><sp/><sp/></highlight><highlight class="keyword">public</highlight><highlight class="normal"><sp/></highlight><highlight class="keywordtype">void</highlight><highlight class="normal"><sp/><ref refid="class_mandatory_1_1_weapon_collection_1a86fdfc1dc6e61aa7de382606f1acb15f" kindref="member">UnequipWeapon</ref>(<ref refid="class_mandatory_1_1_weapon_collection_1aef8cb39262a8ad80eb73429d5794c55b" kindref="member">WeaponSlot</ref><sp/>slot){</highlight></codeline>
<codeline lineno="48"><highlight class="normal"><sp/><sp/><sp/><sp/><sp/><sp/><sp/><sp/></highlight><highlight class="keywordflow">if</highlight><highlight class="normal">(weapons.ContainsKey(slot)){</highlight></codeline>
<codeline lineno="49"><highlight class="normal"><sp/><sp/><sp/><sp/><sp/><sp/><sp/><sp/><sp/><sp/><sp/><sp/>weapons.Remove(slot);</highlight></codeline>
<codeline lineno="50"><highlight class="normal"><sp/><sp/><sp/><sp/><sp/><sp/><sp/><sp/>}</highlight></codeline>
<codeline lineno="51"><highlight class="normal"><sp/><sp/><sp/><sp/>}</highlight></codeline>
<codeline lineno="52"><highlight class="normal"></highlight></codeline>
<codeline lineno="57"><highlight class="normal"><sp/><sp/><sp/><sp/></highlight><highlight class="keyword">public</highlight><highlight class="normal"><sp/></highlight><highlight class="keywordtype">int</highlight><highlight class="normal"><sp/><ref refid="class_mandatory_1_1_weapon_collection_1abdc1f4931ab0515c35e77e58b7ac57c1" kindref="member">GetTotalAttackDamage</ref>()<sp/>{</highlight></codeline>
<codeline lineno="58"><highlight class="normal"><sp/><sp/><sp/><sp/><sp/><sp/><sp/><sp/></highlight><highlight class="keywordtype">int</highlight><highlight class="normal"><sp/>totalDamage<sp/>=<sp/>0;</highlight></codeline>
<codeline lineno="59"><highlight class="normal"></highlight></codeline>
<codeline lineno="60"><highlight class="normal"><sp/><sp/><sp/><sp/><sp/><sp/><sp/><sp/></highlight><highlight class="keywordflow">foreach</highlight><highlight class="normal">(<ref refid="interface_mandatory_1_1_i_weapon" kindref="compound">IWeapon</ref><sp/>item<sp/></highlight><highlight class="keywordflow">in</highlight><highlight class="normal"><sp/>weapons.Values){</highlight></codeline>
<codeline lineno="61"><highlight class="normal"><sp/><sp/><sp/><sp/><sp/><sp/><sp/><sp/><sp/><sp/><sp/><sp/>totalDamage<sp/>+=<sp/>item.GetTotalAttackDamage();</highlight></codeline>
<codeline lineno="62"><highlight class="normal"><sp/><sp/><sp/><sp/><sp/><sp/><sp/><sp/>}</highlight></codeline>
<codeline lineno="63"><highlight class="normal"><sp/><sp/><sp/><sp/><sp/><sp/><sp/><sp/></highlight><highlight class="keywordflow">return</highlight><highlight class="normal"><sp/>totalDamage;</highlight></codeline>
<codeline lineno="64"><highlight class="normal"><sp/><sp/><sp/><sp/>}</highlight></codeline>
<codeline lineno="65"><highlight class="normal"></highlight></codeline>
<codeline lineno="70"><highlight class="normal"><sp/><sp/><sp/><sp/></highlight><highlight class="keyword">public</highlight><highlight class="normal"><sp/></highlight><highlight class="keywordtype">void</highlight><highlight class="normal"><sp/><ref refid="class_mandatory_1_1_weapon_collection_1a0bfd950c53b66e00f82b0b2bccee9d61" kindref="member">Dispose</ref>(){</highlight></codeline>
<codeline lineno="71"><highlight class="normal"><sp/><sp/><sp/><sp/><sp/><sp/><sp/><sp/></highlight><highlight class="keywordflow">foreach</highlight><highlight class="normal">(<ref refid="interface_mandatory_1_1_i_weapon" kindref="compound">IWeapon</ref><sp/>we<sp/></highlight><highlight class="keywordflow">in</highlight><highlight class="normal"><sp/>weapons.Values){</highlight></codeline>
<codeline lineno="72"><highlight class="normal"><sp/><sp/><sp/><sp/><sp/><sp/><sp/><sp/><sp/><sp/><sp/><sp/>we.Dispose();</highlight></codeline>
<codeline lineno="73"><highlight class="normal"><sp/><sp/><sp/><sp/><sp/><sp/><sp/><sp/>}</highlight></codeline>
<codeline lineno="74"><highlight class="normal"><sp/><sp/><sp/><sp/><sp/><sp/><sp/><sp/>weapons.Clear();</highlight></codeline>
<codeline lineno="75"><highlight class="normal"><sp/><sp/><sp/><sp/><sp/><sp/><sp/><sp/>GC.SuppressFinalize(</highlight><highlight class="keyword">this</highlight><highlight class="normal">);</highlight></codeline>
<codeline lineno="76"><highlight class="normal"><sp/><sp/><sp/><sp/>}</highlight></codeline>
<codeline lineno="77"><highlight class="normal">}</highlight></codeline>
    </programlisting>
    <location file="C:/Users/Mus/Programmering/AdvancedCSharp/Mandatory/WeaponCollection.cs"/>
  </compounddef>
</doxygen>
