<?xml version='1.0' encoding='UTF-8' standalone='no'?>
<doxygen xmlns:xsi="http://www.w3.org/2001/XMLSchema-instance" xsi:noNamespaceSchemaLocation="compound.xsd" version="1.15.0" xml:lang="en-US">
  <compounddef id="_weapon_8cs" kind="file" language="C#">
    <compoundname>Weapon.cs</compoundname>
    <innerclass refid="class_mandatory_1_1_weapon" prot="public">Mandatory::Weapon</innerclass>
    <innernamespace refid="namespace_mandatory">Mandatory</innernamespace>
    <briefdescription>
    </briefdescription>
    <detaileddescription>
    </detaileddescription>
    <programlisting>
<codeline lineno="1"><highlight class="keyword">namespace<sp/></highlight><highlight class="normal"><ref refid="namespace_mandatory" kindref="compound">Mandatory</ref>;</highlight></codeline>
<codeline lineno="2"><highlight class="normal"></highlight></codeline>
<codeline lineno="8" refid="class_mandatory_1_1_weapon" refkind="compound"><highlight class="normal"></highlight><highlight class="keyword">public</highlight><highlight class="normal"><sp/></highlight><highlight class="keyword">class<sp/></highlight><highlight class="normal"><ref refid="class_mandatory_1_1_weapon_1afc6f770a20fa84fd7853fa52ccd750c3" kindref="member">Weapon</ref><sp/>:<sp/><ref refid="class_mandatory_1_1_attack_item" kindref="compound">AttackItem</ref>,<sp/><ref refid="interface_mandatory_1_1_i_weapon_mod_target" kindref="compound">IWeaponModTarget</ref>{</highlight></codeline>
<codeline lineno="9"><highlight class="normal"><sp/><sp/><sp/><sp/></highlight><highlight class="keyword">private</highlight><highlight class="normal"><sp/></highlight><highlight class="keywordtype">int</highlight><highlight class="normal"><sp/>damageAmount;</highlight></codeline>
<codeline lineno="13"><highlight class="normal"><sp/><sp/><sp/><sp/></highlight><highlight class="keyword">public</highlight><highlight class="normal"><sp/><ref refid="class_mandatory_1_1_attack_item_1a95204adb66da8836e89afbc9bd8890d7" kindref="member">WeaponSlot</ref><sp/><ref refid="class_mandatory_1_1_weapon_1ae53f385ef85f1aaff16f7be3c1b6958f" kindref="member">Slot</ref><sp/>{</highlight><highlight class="keyword">get</highlight><highlight class="normal">;</highlight><highlight class="keyword">private</highlight><highlight class="normal"><sp/></highlight><highlight class="keyword">set</highlight><highlight class="normal">;}</highlight></codeline>
<codeline lineno="14"><highlight class="normal"></highlight></codeline>
<codeline lineno="20"><highlight class="normal"><sp/><sp/><sp/><sp/></highlight><highlight class="keyword">public</highlight><highlight class="normal"><sp/><ref refid="class_mandatory_1_1_weapon_1afc6f770a20fa84fd7853fa52ccd750c3" kindref="member">Weapon</ref>(</highlight><highlight class="keywordtype">int</highlight><highlight class="normal"><sp/>damageAmount,<sp/><ref refid="class_mandatory_1_1_attack_item_1a95204adb66da8836e89afbc9bd8890d7" kindref="member">WeaponSlot</ref><sp/>slot){</highlight></codeline>
<codeline lineno="21"><highlight class="normal"><sp/><sp/><sp/><sp/><sp/><sp/><sp/><sp/>damageAmount<sp/>=<sp/>0;</highlight></codeline>
<codeline lineno="22"><highlight class="normal"><sp/><sp/><sp/><sp/><sp/><sp/><sp/><sp/><ref refid="class_mandatory_1_1_weapon_1ae53f385ef85f1aaff16f7be3c1b6958f" kindref="member">Slot</ref><sp/>=<sp/>slot;</highlight></codeline>
<codeline lineno="23"><highlight class="normal"><sp/><sp/><sp/><sp/>}</highlight></codeline>
<codeline lineno="24"><highlight class="normal"></highlight></codeline>
<codeline lineno="30"><highlight class="normal"><sp/><sp/><sp/><sp/></highlight><highlight class="keyword">public</highlight><highlight class="normal"><sp/></highlight><highlight class="keywordtype">void</highlight><highlight class="normal"><sp/><ref refid="class_mandatory_1_1_weapon_1aa5e97fbc60bbce48679e660377ecb5b8" kindref="member">ChangeWeaponDamage</ref>(</highlight><highlight class="keywordtype">int</highlight><highlight class="normal"><sp/>amount)<sp/>{</highlight></codeline>
<codeline lineno="31"><highlight class="normal"><sp/><sp/><sp/><sp/><sp/><sp/><sp/><sp/>this.damageAmount<sp/>+=<sp/>amount;</highlight></codeline>
<codeline lineno="32"><highlight class="normal"><sp/><sp/><sp/><sp/>}</highlight></codeline>
<codeline lineno="33"><highlight class="normal"></highlight></codeline>
<codeline lineno="38"><highlight class="normal"><sp/><sp/><sp/><sp/></highlight><highlight class="keyword">public</highlight><highlight class="normal"><sp/></highlight><highlight class="keyword">override</highlight><highlight class="normal"><sp/></highlight><highlight class="keywordtype">int</highlight><highlight class="normal"><sp/><ref refid="class_mandatory_1_1_weapon_1af4a432dba27d13e54dff952c1a35b72e" kindref="member">GetTotalAttackDamage</ref>()<sp/>{</highlight></codeline>
<codeline lineno="39"><highlight class="normal"><sp/><sp/><sp/><sp/><sp/><sp/><sp/><sp/></highlight><highlight class="keywordflow">return</highlight><highlight class="normal"><sp/>damageAmount;</highlight></codeline>
<codeline lineno="40"><highlight class="normal"><sp/><sp/><sp/><sp/>}</highlight></codeline>
<codeline lineno="41"><highlight class="normal"></highlight></codeline>
<codeline lineno="45"><highlight class="normal"><sp/><sp/><sp/><sp/></highlight><highlight class="keyword">public</highlight><highlight class="normal"><sp/></highlight><highlight class="keyword">override</highlight><highlight class="normal"><sp/></highlight><highlight class="keywordtype">void</highlight><highlight class="normal"><sp/><ref refid="class_mandatory_1_1_weapon_1a7a0f500b318df9c392d195cc5622fc37" kindref="member">Dispose</ref>(){</highlight></codeline>
<codeline lineno="46"><highlight class="normal"><sp/><sp/><sp/><sp/><sp/><sp/><sp/><sp/>GC.SuppressFinalize(</highlight><highlight class="keyword">this</highlight><highlight class="normal">);</highlight></codeline>
<codeline lineno="47"><highlight class="normal"><sp/><sp/><sp/><sp/>}</highlight></codeline>
<codeline lineno="48"><highlight class="normal">}</highlight></codeline>
    </programlisting>
    <location file="C:/Users/Mus/Programmering/AdvancedCSharp/Mandatory/Weapon.cs"/>
  </compounddef>
</doxygen>
