<?xml version='1.0' encoding='UTF-8' standalone='no'?>
<doxygen xmlns:xsi="http://www.w3.org/2001/XMLSchema-instance" xsi:noNamespaceSchemaLocation="compound.xsd" version="1.15.0" xml:lang="en-US">
  <compounddef id="_world_entities_manager_8cs" kind="file" language="C#">
    <compoundname>WorldEntitiesManager.cs</compoundname>
    <innerclass refid="class_mandatory_1_1_world_entities_manager" prot="public">Mandatory::WorldEntitiesManager</innerclass>
    <innernamespace refid="namespace_mandatory">Mandatory</innernamespace>
    <briefdescription>
    </briefdescription>
    <detaileddescription>
    </detaileddescription>
    <programlisting>
<codeline lineno="1"><highlight class="keyword">namespace<sp/></highlight><highlight class="normal"><ref refid="namespace_mandatory" kindref="compound">Mandatory</ref>;</highlight></codeline>
<codeline lineno="2"><highlight class="normal"></highlight></codeline>
<codeline lineno="7" refid="class_mandatory_1_1_world_entities_manager" refkind="compound"><highlight class="normal"></highlight><highlight class="keyword">public</highlight><highlight class="normal"><sp/></highlight><highlight class="keyword">class<sp/></highlight><highlight class="normal"><ref refid="class_mandatory_1_1_world_entities_manager_1a004f339ecf3f6596207f5a5e8bf848c6" kindref="member">WorldEntitiesManager</ref>:<sp/><ref refid="interface_mandatory_1_1_i_world_manager" kindref="compound">IWorldManager</ref>{</highlight></codeline>
<codeline lineno="11"><highlight class="normal"><sp/><sp/><sp/><sp/></highlight><highlight class="keyword">public</highlight><highlight class="normal"><sp/>List&lt;IGameObject&gt;<sp/><ref refid="class_mandatory_1_1_world_entities_manager_1a35330c4f36e62d0e84d173ef57587925" kindref="member">GameObjects</ref><sp/>{</highlight><highlight class="keyword">get</highlight><highlight class="normal">;}</highlight></codeline>
<codeline lineno="12"><highlight class="normal"></highlight></codeline>
<codeline lineno="16"><highlight class="normal"><sp/><sp/><sp/><sp/></highlight><highlight class="keyword">public</highlight><highlight class="normal"><sp/><ref refid="class_mandatory_1_1_world_entities_manager_1a004f339ecf3f6596207f5a5e8bf848c6" kindref="member">WorldEntitiesManager</ref><sp/>(){</highlight></codeline>
<codeline lineno="17"><highlight class="normal"><sp/><sp/><sp/><sp/><sp/><sp/><sp/><sp/>this.GameObjects<sp/>=<sp/></highlight><highlight class="keyword">new</highlight><highlight class="normal">();</highlight></codeline>
<codeline lineno="18"><highlight class="normal"><sp/><sp/><sp/><sp/>}</highlight></codeline>
<codeline lineno="19"><highlight class="normal"></highlight></codeline>
<codeline lineno="26"><highlight class="normal"><sp/><sp/><sp/><sp/></highlight><highlight class="keyword">public</highlight><highlight class="normal"><sp/><ref refid="interface_mandatory_1_1_i_game_object" kindref="compound">IGameObject</ref><sp/><ref refid="class_mandatory_1_1_world_entities_manager_1ac1c6ec259f427f20d21fa17ecea15abd" kindref="member">AddGameObject</ref>(<ref refid="interface_mandatory_1_1_i_game_object" kindref="compound">IGameObject</ref><sp/>gameObject){</highlight></codeline>
<codeline lineno="27"><highlight class="normal"><sp/><sp/><sp/><sp/><sp/><sp/><sp/><sp/></highlight><highlight class="keywordflow">if</highlight><highlight class="normal">(gameObject<sp/>==<sp/></highlight><highlight class="keyword">null</highlight><highlight class="normal">)<sp/></highlight><highlight class="keywordflow">throw</highlight><highlight class="normal"><sp/></highlight><highlight class="keyword">new</highlight><highlight class="normal"><sp/>ArgumentNullException(</highlight><highlight class="stringliteral">&quot;GameObject<sp/>is<sp/>null&quot;</highlight><highlight class="normal">);</highlight></codeline>
<codeline lineno="28"><highlight class="normal"><sp/><sp/><sp/><sp/><sp/><sp/><sp/><sp/><ref refid="class_mandatory_1_1_world_entities_manager_1a35330c4f36e62d0e84d173ef57587925" kindref="member">GameObjects</ref>.Add(gameObject);</highlight></codeline>
<codeline lineno="29"><highlight class="normal"><sp/><sp/><sp/><sp/><sp/><sp/><sp/><sp/></highlight><highlight class="keywordflow">return</highlight><highlight class="normal"><sp/>gameObject;</highlight></codeline>
<codeline lineno="30"><highlight class="normal"><sp/><sp/><sp/><sp/>}</highlight></codeline>
<codeline lineno="31"><highlight class="normal"></highlight></codeline>
<codeline lineno="36"><highlight class="normal"><sp/><sp/><sp/><sp/></highlight><highlight class="keyword">public</highlight><highlight class="normal"><sp/></highlight><highlight class="keywordtype">void</highlight><highlight class="normal"><sp/><ref refid="class_mandatory_1_1_world_entities_manager_1a1aab6e8efecb07408072000a7b7df4dc" kindref="member">RemoveGameObject</ref>(<ref refid="interface_mandatory_1_1_i_game_object" kindref="compound">IGameObject</ref><sp/>gameObject){</highlight></codeline>
<codeline lineno="37"><highlight class="normal"><sp/><sp/><sp/><sp/><sp/><sp/><sp/><sp/><ref refid="class_mandatory_1_1_world_entities_manager_1a35330c4f36e62d0e84d173ef57587925" kindref="member">GameObjects</ref>.Remove(gameObject);</highlight></codeline>
<codeline lineno="38"><highlight class="normal"><sp/><sp/><sp/><sp/><sp/><sp/><sp/><sp/>gameObject.Dispose();</highlight></codeline>
<codeline lineno="39"><highlight class="normal"><sp/><sp/><sp/><sp/>}</highlight></codeline>
<codeline lineno="40"><highlight class="normal"></highlight></codeline>
<codeline lineno="45"><highlight class="normal"><sp/><sp/><sp/><sp/></highlight><highlight class="keyword">public</highlight><highlight class="normal"><sp/></highlight><highlight class="keywordtype">void</highlight><highlight class="normal"><sp/><ref refid="class_mandatory_1_1_world_entities_manager_1ace1e14c1cc5708356a0503d1951125b8" kindref="member">RemoveAllGameObjects</ref>(){</highlight></codeline>
<codeline lineno="46"><highlight class="normal"><sp/><sp/><sp/><sp/><sp/><sp/><sp/><sp/></highlight><highlight class="keywordflow">foreach</highlight><highlight class="normal">(<ref refid="interface_mandatory_1_1_i_game_object" kindref="compound">IGameObject</ref><sp/>ob<sp/></highlight><highlight class="keywordflow">in</highlight><highlight class="normal"><sp/><ref refid="class_mandatory_1_1_world_entities_manager_1a35330c4f36e62d0e84d173ef57587925" kindref="member">GameObjects</ref>){</highlight></codeline>
<codeline lineno="47"><highlight class="normal"><sp/><sp/><sp/><sp/><sp/><sp/><sp/><sp/><sp/><sp/><sp/><sp/>ob.Dispose();</highlight></codeline>
<codeline lineno="48"><highlight class="normal"><sp/><sp/><sp/><sp/><sp/><sp/><sp/><sp/>}</highlight></codeline>
<codeline lineno="49"><highlight class="normal"><sp/><sp/><sp/><sp/><sp/><sp/><sp/><sp/><ref refid="class_mandatory_1_1_world_entities_manager_1a35330c4f36e62d0e84d173ef57587925" kindref="member">GameObjects</ref>.Clear();</highlight></codeline>
<codeline lineno="50"><highlight class="normal"><sp/><sp/><sp/><sp/>}</highlight></codeline>
<codeline lineno="51"><highlight class="normal">}</highlight></codeline>
    </programlisting>
    <location file="C:/Users/Mus/Programmering/AdvancedCSharp/Mandatory/WorldEntitiesManager.cs"/>
  </compounddef>
</doxygen>
