<?xml version='1.0' encoding='UTF-8' standalone='no'?>
<doxygen xmlns:xsi="http://www.w3.org/2001/XMLSchema-instance" xsi:noNamespaceSchemaLocation="compound.xsd" version="1.15.0" xml:lang="en-US">
  <compounddef id="_world_8cs" kind="file" language="C#">
    <compoundname>World.cs</compoundname>
    <innerclass refid="class_mandatory_1_1_world-1-g" prot="public">Mandatory::World-1-g</innerclass>
    <innernamespace refid="namespace_mandatory">Mandatory</innernamespace>
    <briefdescription>
    </briefdescription>
    <detaileddescription>
    </detaileddescription>
    <programlisting>
<codeline lineno="1"><highlight class="keyword">namespace<sp/></highlight><highlight class="normal"><ref refid="namespace_mandatory" kindref="compound">Mandatory</ref>;</highlight></codeline>
<codeline lineno="2"><highlight class="normal"></highlight></codeline>
<codeline lineno="8" refid="class_mandatory_1_1_world-1-g" refkind="compound"><highlight class="normal"></highlight><highlight class="keyword">public</highlight><highlight class="normal"><sp/></highlight><highlight class="keyword">class<sp/></highlight><highlight class="normal"><ref refid="class_mandatory_1_1_world-1-g_1a2f8d78aa9ce74ba37ad54fb0f929e775" kindref="member">World</ref>&lt;T&gt;<sp/>:<ref refid="interface_mandatory_1_1_i_world" kindref="compound">IWorld</ref>,<sp/>IDisposable<sp/>where<sp/>T<sp/>:<sp/>notnull{</highlight></codeline>
<codeline lineno="9"><highlight class="normal"><sp/><sp/><sp/><sp/></highlight><highlight class="keyword">private</highlight><highlight class="normal"><sp/><ref refid="interface_mandatory_1_1_i_config_file_reader" kindref="compound">IConfigFileReader</ref>?<sp/>configFileReader;</highlight></codeline>
<codeline lineno="10"><highlight class="normal"><sp/><sp/><sp/><sp/></highlight><highlight class="keyword">private</highlight><highlight class="normal"><sp/><ref refid="interface_mandatory_1_1_i_world_manager" kindref="compound">IWorldManager</ref><sp/>WorldManager;</highlight></codeline>
<codeline lineno="11"><highlight class="normal"></highlight></codeline>
<codeline lineno="12"><highlight class="normal"><sp/><sp/><sp/><sp/></highlight><highlight class="keyword">private</highlight><highlight class="normal"><sp/>IGrid&lt;T&gt;<sp/>grid;</highlight></codeline>
<codeline lineno="13"><highlight class="normal"></highlight></codeline>
<codeline lineno="20"><highlight class="normal"><sp/><sp/><sp/><sp/></highlight><highlight class="keyword">public</highlight><highlight class="normal"><sp/><ref refid="class_mandatory_1_1_world-1-g_1a2f8d78aa9ce74ba37ad54fb0f929e775" kindref="member">World</ref>(<ref refid="interface_mandatory_1_1_i_config_file_reader" kindref="compound">IConfigFileReader</ref><sp/>configFileReader,<sp/>Func&lt;int,int,T&gt;<sp/>cell,<ref refid="interface_mandatory_1_1_i_world_manager" kindref="compound">IWorldManager</ref><sp/>worldManager){</highlight></codeline>
<codeline lineno="21"><highlight class="normal"><sp/><sp/><sp/><sp/><sp/><sp/><sp/><sp/>configFileReader.GetWorldDimensions(out<sp/><ref refid="struct_mandatory_1_1_size" kindref="compound">Size</ref><sp/>worldDimension);</highlight></codeline>
<codeline lineno="22"><highlight class="normal"><sp/><sp/><sp/><sp/><sp/><sp/><sp/><sp/>this.configFileReader<sp/>=<sp/>configFileReader;</highlight></codeline>
<codeline lineno="23"><highlight class="normal"><sp/><sp/><sp/><sp/><sp/><sp/><sp/><sp/>this.WorldManager<sp/>=<sp/>worldManager;</highlight></codeline>
<codeline lineno="24"><highlight class="normal"></highlight></codeline>
<codeline lineno="25"><highlight class="normal"><sp/><sp/><sp/><sp/><sp/><sp/><sp/><sp/>this.grid<sp/>=<sp/></highlight><highlight class="keyword">new</highlight><highlight class="normal"><sp/>Grid&lt;T&gt;(worldDimension.X,worldDimension.Y,cell);</highlight></codeline>
<codeline lineno="26"><highlight class="normal"><sp/><sp/><sp/><sp/>}</highlight></codeline>
<codeline lineno="27"><highlight class="normal"></highlight></codeline>
<codeline lineno="36"><highlight class="normal"><sp/><sp/><sp/><sp/></highlight><highlight class="keyword">public</highlight><highlight class="normal"><sp/><ref refid="class_mandatory_1_1_world-1-g_1a2f8d78aa9ce74ba37ad54fb0f929e775" kindref="member">World</ref>(</highlight><highlight class="keywordtype">int</highlight><highlight class="normal"><sp/>width,<sp/></highlight><highlight class="keywordtype">int</highlight><highlight class="normal"><sp/>height,Func&lt;int,int,T&gt;<sp/>cell,<ref refid="interface_mandatory_1_1_i_world_manager" kindref="compound">IWorldManager</ref><sp/>worldManager){</highlight></codeline>
<codeline lineno="37"><highlight class="normal"><sp/><sp/><sp/><sp/><sp/><sp/><sp/><sp/></highlight><highlight class="keywordflow">if</highlight><highlight class="normal">(width<sp/>&lt;=<sp/>0<sp/>||<sp/>height<sp/>&lt;=<sp/>0)<sp/></highlight><highlight class="keywordflow">throw</highlight><highlight class="normal"><sp/></highlight><highlight class="keyword">new</highlight><highlight class="normal"><sp/>ArgumentException(</highlight><highlight class="stringliteral">&quot;World<sp/>dimensions<sp/>must<sp/>be<sp/>greater<sp/>than<sp/>0&quot;</highlight><highlight class="normal">);</highlight></codeline>
<codeline lineno="38"><highlight class="normal"><sp/><sp/><sp/><sp/><sp/><sp/><sp/><sp/>this.WorldManager<sp/>=<sp/>worldManager;</highlight></codeline>
<codeline lineno="39"><highlight class="normal"></highlight></codeline>
<codeline lineno="40"><highlight class="normal"><sp/><sp/><sp/><sp/><sp/><sp/><sp/><sp/>this.grid<sp/>=<sp/></highlight><highlight class="keyword">new</highlight><highlight class="normal"><sp/>Grid&lt;T&gt;(width,height,cell);</highlight></codeline>
<codeline lineno="41"><highlight class="normal"><sp/><sp/><sp/><sp/>}</highlight></codeline>
<codeline lineno="42"><highlight class="normal"></highlight></codeline>
<codeline lineno="46"><highlight class="normal"><sp/><sp/><sp/><sp/></highlight><highlight class="keyword">public</highlight><highlight class="normal"><sp/></highlight><highlight class="keywordtype">int</highlight><highlight class="normal"><sp/><ref refid="class_mandatory_1_1_world-1-g_1a48ccc2a666615e0129fadff38a3b6b43" kindref="member">Width</ref>{</highlight></codeline>
<codeline lineno="47"><highlight class="normal"><sp/><sp/><sp/><sp/><sp/><sp/><sp/><sp/></highlight><highlight class="keyword">get</highlight><highlight class="normal"><sp/>=&gt;<sp/>grid.Width;</highlight></codeline>
<codeline lineno="48"><highlight class="normal"><sp/><sp/><sp/><sp/>}</highlight></codeline>
<codeline lineno="49"><highlight class="normal"></highlight></codeline>
<codeline lineno="53"><highlight class="normal"><sp/><sp/><sp/><sp/></highlight><highlight class="keyword">public</highlight><highlight class="normal"><sp/></highlight><highlight class="keywordtype">int</highlight><highlight class="normal"><sp/><ref refid="class_mandatory_1_1_world-1-g_1aa50b3fb771f78ccd78d93717f826676e" kindref="member">Height</ref>{</highlight></codeline>
<codeline lineno="54"><highlight class="normal"><sp/><sp/><sp/><sp/><sp/><sp/><sp/><sp/></highlight><highlight class="keyword">get</highlight><highlight class="normal"><sp/>=&gt;<sp/>grid.Height;</highlight></codeline>
<codeline lineno="55"><highlight class="normal"><sp/><sp/><sp/><sp/>}</highlight></codeline>
<codeline lineno="56"><highlight class="normal"></highlight></codeline>
<codeline lineno="63"><highlight class="normal"><sp/><sp/><sp/><sp/></highlight><highlight class="keyword">public</highlight><highlight class="normal"><sp/>T<sp/><ref refid="class_mandatory_1_1_world-1-g_1acb00292d47b561c8074075086ae92ae5" kindref="member">GetValue</ref>(</highlight><highlight class="keywordtype">int</highlight><highlight class="normal"><sp/>x,<sp/></highlight><highlight class="keywordtype">int</highlight><highlight class="normal"><sp/>y){</highlight></codeline>
<codeline lineno="64"><highlight class="normal"><sp/><sp/><sp/><sp/><sp/><sp/><sp/><sp/></highlight><highlight class="keywordflow">return</highlight><highlight class="normal"><sp/>grid.GetValue(x,y);</highlight></codeline>
<codeline lineno="65"><highlight class="normal"><sp/><sp/><sp/><sp/>}</highlight></codeline>
<codeline lineno="66"><highlight class="normal"></highlight></codeline>
<codeline lineno="73"><highlight class="normal"><sp/><sp/><sp/><sp/></highlight><highlight class="keyword">public</highlight><highlight class="normal"><sp/></highlight><highlight class="keywordtype">void</highlight><highlight class="normal"><sp/><ref refid="class_mandatory_1_1_world-1-g_1a9b8d0c20210c2976fcc63869db80adcf" kindref="member">SetValue</ref>(</highlight><highlight class="keywordtype">int</highlight><highlight class="normal"><sp/>x,<sp/></highlight><highlight class="keywordtype">int</highlight><highlight class="normal"><sp/>y,<sp/>T<sp/>value){</highlight></codeline>
<codeline lineno="74"><highlight class="normal"><sp/><sp/><sp/><sp/><sp/><sp/><sp/><sp/>grid.SetValue(x,y,value);</highlight></codeline>
<codeline lineno="75"><highlight class="normal"><sp/><sp/><sp/><sp/>}</highlight></codeline>
<codeline lineno="76"><highlight class="normal"></highlight></codeline>
<codeline lineno="82"><highlight class="normal"><sp/><sp/><sp/><sp/></highlight><highlight class="keyword">public</highlight><highlight class="normal"><sp/></highlight><highlight class="keywordtype">void</highlight><highlight class="normal"><sp/><ref refid="class_mandatory_1_1_world-1-g_1aa5fc52d7146cd78a9ba2ee46210873b4" kindref="member">RemoveValue</ref>(</highlight><highlight class="keywordtype">int</highlight><highlight class="normal"><sp/>x,<sp/></highlight><highlight class="keywordtype">int</highlight><highlight class="normal"><sp/>y){</highlight></codeline>
<codeline lineno="83"><highlight class="normal"><sp/><sp/><sp/><sp/><sp/><sp/><sp/><sp/>grid.RemoveValue(x,y);</highlight></codeline>
<codeline lineno="84"><highlight class="normal"><sp/><sp/><sp/><sp/>}</highlight></codeline>
<codeline lineno="85"><highlight class="normal"></highlight></codeline>
<codeline lineno="90"><highlight class="normal"><sp/><sp/><sp/><sp/></highlight><highlight class="keyword">public</highlight><highlight class="normal"><sp/></highlight><highlight class="keywordtype">void</highlight><highlight class="normal"><sp/><ref refid="class_mandatory_1_1_world-1-g_1a2ae27ecc754be97838c95e1d7f81c24a" kindref="member">Dispose</ref>(){</highlight></codeline>
<codeline lineno="91"><highlight class="normal"><sp/><sp/><sp/><sp/><sp/><sp/><sp/><sp/>WorldManager.RemoveAllGameObjects();</highlight></codeline>
<codeline lineno="92"><highlight class="normal"><sp/><sp/><sp/><sp/><sp/><sp/><sp/><sp/>GC.SuppressFinalize(</highlight><highlight class="keyword">this</highlight><highlight class="normal">);</highlight></codeline>
<codeline lineno="93"><highlight class="normal"><sp/><sp/><sp/><sp/>}</highlight></codeline>
<codeline lineno="94"><highlight class="normal">}</highlight></codeline>
    </programlisting>
    <location file="C:/Users/Mus/Programmering/AdvancedCSharp/Mandatory/World.cs"/>
  </compounddef>
</doxygen>
