<?xml version='1.0' encoding='UTF-8' standalone='no'?>
<doxygen xmlns:xsi="http://www.w3.org/2001/XMLSchema-instance" xsi:noNamespaceSchemaLocation="compound.xsd" version="1.15.0" xml:lang="en-US">
  <compounddef id="class_mandatory_1_1_my_logger" kind="class" language="C#" prot="public">
    <compoundname>Mandatory::MyLogger</compoundname>
    <sectiondef kind="private-static-attrib">
      <memberdef kind="variable" id="class_mandatory_1_1_my_logger_1aa81a499bbcffc43008b15ac6ee96af62" prot="private" static="yes" mutable="no">
        <type>MyLogger</type>
        <definition>MyLogger Mandatory.MyLogger.instance</definition>
        <argsstring></argsstring>
        <name>instance</name>
        <qualifiedname>Mandatory.MyLogger.instance</qualifiedname>
        <initializer>= new()</initializer>
        <briefdescription>
        </briefdescription>
        <detaileddescription>
        </detaileddescription>
        <inbodydescription>
        </inbodydescription>
        <location file="C:/Users/Mus/Programmering/AdvancedCSharp/Mandatory/Setups/MyLogger.cs" line="5" column="29" bodyfile="C:/Users/Mus/Programmering/AdvancedCSharp/Mandatory/Setups/MyLogger.cs" bodystart="5" bodyend="-1"/>
      </memberdef>
    </sectiondef>
    <sectiondef kind="property">
      <memberdef kind="property" id="class_mandatory_1_1_my_logger_1a84eb98add018c3210879be77f6b17607" prot="public" static="yes" readable="no" writable="no" gettable="yes" privategettable="no" protectedgettable="no" settable="no" privatesettable="no" protectedsettable="no">
        <type>MyLogger</type>
        <definition>MyLogger Mandatory.MyLogger.Instance</definition>
        <argsstring></argsstring>
        <name>Instance</name>
        <qualifiedname>Mandatory.MyLogger.Instance</qualifiedname>
        <briefdescription>
        </briefdescription>
        <detaileddescription>
        </detaileddescription>
        <inbodydescription>
        </inbodydescription>
        <location file="C:/Users/Mus/Programmering/AdvancedCSharp/Mandatory/Setups/MyLogger.cs" line="6" column="28" bodyfile="C:/Users/Mus/Programmering/AdvancedCSharp/Mandatory/Setups/MyLogger.cs" bodystart="6" bodyend="6"/>
      </memberdef>
    </sectiondef>
    <sectiondef kind="private-attrib">
      <memberdef kind="variable" id="class_mandatory_1_1_my_logger_1a0f9ba07a6f8caa8b0609382a11391f92" prot="private" static="no" mutable="no">
        <type>TraceSource</type>
        <definition>TraceSource Mandatory.MyLogger.ts</definition>
        <argsstring></argsstring>
        <name>ts</name>
        <qualifiedname>Mandatory.MyLogger.ts</qualifiedname>
        <briefdescription>
        </briefdescription>
        <detaileddescription>
        </detaileddescription>
        <inbodydescription>
        </inbodydescription>
        <location file="C:/Users/Mus/Programmering/AdvancedCSharp/Mandatory/Setups/MyLogger.cs" line="8" column="25" bodyfile="C:/Users/Mus/Programmering/AdvancedCSharp/Mandatory/Setups/MyLogger.cs" bodystart="8" bodyend="-1"/>
      </memberdef>
      <memberdef kind="variable" id="class_mandatory_1_1_my_logger_1a004b40d337604d3f7a46ab345165f15e" prot="private" static="no" mutable="no">
        <type>TraceListener?</type>
        <definition>TraceListener? Mandatory.MyLogger.debugListener</definition>
        <argsstring></argsstring>
        <name>debugListener</name>
        <qualifiedname>Mandatory.MyLogger.debugListener</qualifiedname>
        <initializer>= null</initializer>
        <briefdescription>
        </briefdescription>
        <detaileddescription>
        </detaileddescription>
        <inbodydescription>
        </inbodydescription>
        <location file="C:/Users/Mus/Programmering/AdvancedCSharp/Mandatory/Setups/MyLogger.cs" line="9" column="27" bodyfile="C:/Users/Mus/Programmering/AdvancedCSharp/Mandatory/Setups/MyLogger.cs" bodystart="9" bodyend="-1"/>
      </memberdef>
    </sectiondef>
    <sectiondef kind="private-func">
      <memberdef kind="function" id="class_mandatory_1_1_my_logger_1a06609ca4361c9f2b2e47b5fcc9b5b710" prot="private" static="no" const="no" explicit="no" inline="yes" virt="non-virtual">
        <type></type>
        <definition>Mandatory.MyLogger.MyLogger</definition>
        <argsstring>()</argsstring>
        <name>MyLogger</name>
        <qualifiedname>Mandatory.MyLogger.MyLogger</qualifiedname>
        <briefdescription>
        </briefdescription>
        <detaileddescription>
        </detaileddescription>
        <inbodydescription>
        </inbodydescription>
        <location file="C:/Users/Mus/Programmering/AdvancedCSharp/Mandatory/Setups/MyLogger.cs" line="11" column="13" bodyfile="C:/Users/Mus/Programmering/AdvancedCSharp/Mandatory/Setups/MyLogger.cs" bodystart="11" bodyend="14"/>
      </memberdef>
    </sectiondef>
    <sectiondef kind="public-func">
      <memberdef kind="function" id="class_mandatory_1_1_my_logger_1ac8f7746c9ba1c46a3d8ed406bad9065d" prot="public" static="no" const="no" explicit="no" inline="yes" virt="non-virtual">
        <type>void</type>
        <definition>void Mandatory.MyLogger.AddListener</definition>
        <argsstring>(TraceListener listener)</argsstring>
        <name>AddListener</name>
        <qualifiedname>Mandatory.MyLogger.AddListener</qualifiedname>
        <param>
          <type>TraceListener</type>
          <declname>listener</declname>
        </param>
        <briefdescription>
        </briefdescription>
        <detaileddescription>
        </detaileddescription>
        <inbodydescription>
        </inbodydescription>
        <location file="C:/Users/Mus/Programmering/AdvancedCSharp/Mandatory/Setups/MyLogger.cs" line="16" column="17" bodyfile="C:/Users/Mus/Programmering/AdvancedCSharp/Mandatory/Setups/MyLogger.cs" bodystart="16" bodyend="18"/>
      </memberdef>
      <memberdef kind="function" id="class_mandatory_1_1_my_logger_1ab9eebe2fbd075dd00d00d30ea4acc991" prot="public" static="no" const="no" explicit="no" inline="yes" virt="non-virtual">
        <type>void</type>
        <definition>void Mandatory.MyLogger.RemoveListener</definition>
        <argsstring>(TraceListener listener)</argsstring>
        <name>RemoveListener</name>
        <qualifiedname>Mandatory.MyLogger.RemoveListener</qualifiedname>
        <param>
          <type>TraceListener</type>
          <declname>listener</declname>
        </param>
        <briefdescription>
        </briefdescription>
        <detaileddescription>
        </detaileddescription>
        <inbodydescription>
        </inbodydescription>
        <location file="C:/Users/Mus/Programmering/AdvancedCSharp/Mandatory/Setups/MyLogger.cs" line="20" column="17" bodyfile="C:/Users/Mus/Programmering/AdvancedCSharp/Mandatory/Setups/MyLogger.cs" bodystart="20" bodyend="22"/>
      </memberdef>
      <memberdef kind="function" id="class_mandatory_1_1_my_logger_1a66b83fd5522dedc1d1229a866c304126" prot="public" static="no" const="no" explicit="no" inline="yes" virt="non-virtual">
        <type>void</type>
        <definition>void Mandatory.MyLogger.SetDefaultLevel</definition>
        <argsstring>(SourceLevels level)</argsstring>
        <name>SetDefaultLevel</name>
        <qualifiedname>Mandatory.MyLogger.SetDefaultLevel</qualifiedname>
        <param>
          <type>SourceLevels</type>
          <declname>level</declname>
        </param>
        <briefdescription>
        </briefdescription>
        <detaileddescription>
        </detaileddescription>
        <inbodydescription>
        </inbodydescription>
        <location file="C:/Users/Mus/Programmering/AdvancedCSharp/Mandatory/Setups/MyLogger.cs" line="24" column="17" bodyfile="C:/Users/Mus/Programmering/AdvancedCSharp/Mandatory/Setups/MyLogger.cs" bodystart="24" bodyend="26"/>
      </memberdef>
      <memberdef kind="function" id="class_mandatory_1_1_my_logger_1a952e498a4594236341240477753e6ebe" prot="public" static="no" const="no" explicit="no" inline="yes" virt="non-virtual">
        <type>void</type>
        <definition>void Mandatory.MyLogger.SetDebugLoggin</definition>
        <argsstring>()</argsstring>
        <name>SetDebugLoggin</name>
        <qualifiedname>Mandatory.MyLogger.SetDebugLoggin</qualifiedname>
        <briefdescription>
        </briefdescription>
        <detaileddescription>
        </detaileddescription>
        <inbodydescription>
        </inbodydescription>
        <location file="C:/Users/Mus/Programmering/AdvancedCSharp/Mandatory/Setups/MyLogger.cs" line="28" column="17" bodyfile="C:/Users/Mus/Programmering/AdvancedCSharp/Mandatory/Setups/MyLogger.cs" bodystart="28" bodyend="33"/>
      </memberdef>
      <memberdef kind="function" id="class_mandatory_1_1_my_logger_1a47cac4fec2272b502604d19c4fa8faa6" prot="public" static="no" const="no" explicit="no" inline="yes" virt="non-virtual">
        <type>void</type>
        <definition>void Mandatory.MyLogger.RemoveDebugLogging</definition>
        <argsstring>()</argsstring>
        <name>RemoveDebugLogging</name>
        <qualifiedname>Mandatory.MyLogger.RemoveDebugLogging</qualifiedname>
        <briefdescription>
        </briefdescription>
        <detaileddescription>
        </detaileddescription>
        <inbodydescription>
        </inbodydescription>
        <location file="C:/Users/Mus/Programmering/AdvancedCSharp/Mandatory/Setups/MyLogger.cs" line="35" column="17" bodyfile="C:/Users/Mus/Programmering/AdvancedCSharp/Mandatory/Setups/MyLogger.cs" bodystart="35" bodyend="40"/>
      </memberdef>
      <memberdef kind="function" id="class_mandatory_1_1_my_logger_1af799fdc09e583a3dd13e2974ef87ffdc" prot="public" static="no" const="no" explicit="no" inline="yes" virt="non-virtual">
        <type>void</type>
        <definition>void Mandatory.MyLogger.Stop</definition>
        <argsstring>()</argsstring>
        <name>Stop</name>
        <qualifiedname>Mandatory.MyLogger.Stop</qualifiedname>
        <briefdescription>
        </briefdescription>
        <detaileddescription>
        </detaileddescription>
        <inbodydescription>
        </inbodydescription>
        <location file="C:/Users/Mus/Programmering/AdvancedCSharp/Mandatory/Setups/MyLogger.cs" line="42" column="17" bodyfile="C:/Users/Mus/Programmering/AdvancedCSharp/Mandatory/Setups/MyLogger.cs" bodystart="42" bodyend="44"/>
      </memberdef>
      <memberdef kind="function" id="class_mandatory_1_1_my_logger_1a3d19a34ab6d8d79773bd722127f1de8b" prot="public" static="no" const="no" explicit="no" inline="yes" virt="non-virtual">
        <type>void</type>
        <definition>void Mandatory.MyLogger.LogInfo</definition>
        <argsstring>(string message)</argsstring>
        <name>LogInfo</name>
        <qualifiedname>Mandatory.MyLogger.LogInfo</qualifiedname>
        <param>
          <type>string</type>
          <declname>message</declname>
        </param>
        <briefdescription>
        </briefdescription>
        <detaileddescription>
        </detaileddescription>
        <inbodydescription>
        </inbodydescription>
        <location file="C:/Users/Mus/Programmering/AdvancedCSharp/Mandatory/Setups/MyLogger.cs" line="46" column="17" bodyfile="C:/Users/Mus/Programmering/AdvancedCSharp/Mandatory/Setups/MyLogger.cs" bodystart="46" bodyend="48"/>
      </memberdef>
      <memberdef kind="function" id="class_mandatory_1_1_my_logger_1a5f6ee78b425a815fdbfbdaad1c770087" prot="public" static="no" const="no" explicit="no" inline="yes" virt="non-virtual">
        <type>void</type>
        <definition>void Mandatory.MyLogger.LogWarning</definition>
        <argsstring>(string message)</argsstring>
        <name>LogWarning</name>
        <qualifiedname>Mandatory.MyLogger.LogWarning</qualifiedname>
        <param>
          <type>string</type>
          <declname>message</declname>
        </param>
        <briefdescription>
        </briefdescription>
        <detaileddescription>
        </detaileddescription>
        <inbodydescription>
        </inbodydescription>
        <location file="C:/Users/Mus/Programmering/AdvancedCSharp/Mandatory/Setups/MyLogger.cs" line="50" column="17" bodyfile="C:/Users/Mus/Programmering/AdvancedCSharp/Mandatory/Setups/MyLogger.cs" bodystart="50" bodyend="52"/>
      </memberdef>
      <memberdef kind="function" id="class_mandatory_1_1_my_logger_1a478a809f0e9be18c346e397acf276e55" prot="public" static="no" const="no" explicit="no" inline="yes" virt="non-virtual">
        <type>void</type>
        <definition>void Mandatory.MyLogger.LogError</definition>
        <argsstring>(string message)</argsstring>
        <name>LogError</name>
        <qualifiedname>Mandatory.MyLogger.LogError</qualifiedname>
        <param>
          <type>string</type>
          <declname>message</declname>
        </param>
        <briefdescription>
        </briefdescription>
        <detaileddescription>
        </detaileddescription>
        <inbodydescription>
        </inbodydescription>
        <location file="C:/Users/Mus/Programmering/AdvancedCSharp/Mandatory/Setups/MyLogger.cs" line="54" column="17" bodyfile="C:/Users/Mus/Programmering/AdvancedCSharp/Mandatory/Setups/MyLogger.cs" bodystart="54" bodyend="56"/>
      </memberdef>
      <memberdef kind="function" id="class_mandatory_1_1_my_logger_1a2ea7af9a2d7732da65ded82b8ee93b58" prot="public" static="no" const="no" explicit="no" inline="yes" virt="non-virtual">
        <type>void</type>
        <definition>void Mandatory.MyLogger.LogCritical</definition>
        <argsstring>(string message)</argsstring>
        <name>LogCritical</name>
        <qualifiedname>Mandatory.MyLogger.LogCritical</qualifiedname>
        <param>
          <type>string</type>
          <declname>message</declname>
        </param>
        <briefdescription>
        </briefdescription>
        <detaileddescription>
        </detaileddescription>
        <inbodydescription>
        </inbodydescription>
        <location file="C:/Users/Mus/Programmering/AdvancedCSharp/Mandatory/Setups/MyLogger.cs" line="58" column="17" bodyfile="C:/Users/Mus/Programmering/AdvancedCSharp/Mandatory/Setups/MyLogger.cs" bodystart="58" bodyend="60"/>
      </memberdef>
    </sectiondef>
    <briefdescription>
    </briefdescription>
    <detaileddescription>
    </detaileddescription>
    <location file="C:/Users/Mus/Programmering/AdvancedCSharp/Mandatory/Setups/MyLogger.cs" line="4" column="7" bodyfile="C:/Users/Mus/Programmering/AdvancedCSharp/Mandatory/Setups/MyLogger.cs" bodystart="4" bodyend="61"/>
    <listofallmembers>
      <member refid="class_mandatory_1_1_my_logger_1ac8f7746c9ba1c46a3d8ed406bad9065d" prot="public" virt="non-virtual"><scope>Mandatory::MyLogger</scope><name>AddListener</name></member>
      <member refid="class_mandatory_1_1_my_logger_1a004b40d337604d3f7a46ab345165f15e" prot="private" virt="non-virtual"><scope>Mandatory::MyLogger</scope><name>debugListener</name></member>
      <member refid="class_mandatory_1_1_my_logger_1a84eb98add018c3210879be77f6b17607" prot="public" virt="non-virtual"><scope>Mandatory::MyLogger</scope><name>Instance</name></member>
      <member refid="class_mandatory_1_1_my_logger_1aa81a499bbcffc43008b15ac6ee96af62" prot="private" virt="non-virtual"><scope>Mandatory::MyLogger</scope><name>instance</name></member>
      <member refid="class_mandatory_1_1_my_logger_1a2ea7af9a2d7732da65ded82b8ee93b58" prot="public" virt="non-virtual"><scope>Mandatory::MyLogger</scope><name>LogCritical</name></member>
      <member refid="class_mandatory_1_1_my_logger_1a478a809f0e9be18c346e397acf276e55" prot="public" virt="non-virtual"><scope>Mandatory::MyLogger</scope><name>LogError</name></member>
      <member refid="class_mandatory_1_1_my_logger_1a3d19a34ab6d8d79773bd722127f1de8b" prot="public" virt="non-virtual"><scope>Mandatory::MyLogger</scope><name>LogInfo</name></member>
      <member refid="class_mandatory_1_1_my_logger_1a5f6ee78b425a815fdbfbdaad1c770087" prot="public" virt="non-virtual"><scope>Mandatory::MyLogger</scope><name>LogWarning</name></member>
      <member refid="class_mandatory_1_1_my_logger_1a06609ca4361c9f2b2e47b5fcc9b5b710" prot="private" virt="non-virtual"><scope>Mandatory::MyLogger</scope><name>MyLogger</name></member>
      <member refid="class_mandatory_1_1_my_logger_1a47cac4fec2272b502604d19c4fa8faa6" prot="public" virt="non-virtual"><scope>Mandatory::MyLogger</scope><name>RemoveDebugLogging</name></member>
      <member refid="class_mandatory_1_1_my_logger_1ab9eebe2fbd075dd00d00d30ea4acc991" prot="public" virt="non-virtual"><scope>Mandatory::MyLogger</scope><name>RemoveListener</name></member>
      <member refid="class_mandatory_1_1_my_logger_1a952e498a4594236341240477753e6ebe" prot="public" virt="non-virtual"><scope>Mandatory::MyLogger</scope><name>SetDebugLoggin</name></member>
      <member refid="class_mandatory_1_1_my_logger_1a66b83fd5522dedc1d1229a866c304126" prot="public" virt="non-virtual"><scope>Mandatory::MyLogger</scope><name>SetDefaultLevel</name></member>
      <member refid="class_mandatory_1_1_my_logger_1af799fdc09e583a3dd13e2974ef87ffdc" prot="public" virt="non-virtual"><scope>Mandatory::MyLogger</scope><name>Stop</name></member>
      <member refid="class_mandatory_1_1_my_logger_1a0f9ba07a6f8caa8b0609382a11391f92" prot="private" virt="non-virtual"><scope>Mandatory::MyLogger</scope><name>ts</name></member>
    </listofallmembers>
  </compounddef>
</doxygen>
