<?xml version='1.0' encoding='UTF-8' standalone='no'?>
<doxygen xmlns:xsi="http://www.w3.org/2001/XMLSchema-instance" xsi:noNamespaceSchemaLocation="compound.xsd" version="1.15.0" xml:lang="en-US">
  <compounddef id="class_mandatory_1_1_defense_decreaser_decorator" kind="class" language="C#" prot="public">
    <compoundname>Mandatory::DefenseDecreaserDecorator</compoundname>
    <basecompoundref refid="class_mandatory_1_1_defence_item_decorator" prot="public" virt="non-virtual">Mandatory.DefenceItemDecorator</basecompoundref>
    <sectiondef kind="private-attrib">
      <memberdef kind="variable" id="class_mandatory_1_1_defense_decreaser_decorator_1a7d832099abf11e21dcd00d3cbe9fb576" prot="private" static="no" mutable="no">
        <type>int</type>
        <definition>int Mandatory.DefenseDecreaserDecorator.decreaseAmount</definition>
        <argsstring></argsstring>
        <name>decreaseAmount</name>
        <qualifiedname>Mandatory.DefenseDecreaserDecorator.decreaseAmount</qualifiedname>
        <briefdescription>
        </briefdescription>
        <detaileddescription>
        </detaileddescription>
        <inbodydescription>
        </inbodydescription>
        <location file="C:/Users/Mus/Programmering/AdvancedCSharp/Mandatory/Decorators/DefenseDecreaserDecorator.cs" line="4" column="17" bodyfile="C:/Users/Mus/Programmering/AdvancedCSharp/Mandatory/Decorators/DefenseDecreaserDecorator.cs" bodystart="4" bodyend="-1"/>
      </memberdef>
    </sectiondef>
    <sectiondef kind="public-func">
      <memberdef kind="function" id="class_mandatory_1_1_defense_decreaser_decorator_1a83ae4f328f3b1e33ce89fc35ddbc049e" prot="public" static="no" const="no" explicit="no" inline="yes" virt="non-virtual">
        <type></type>
        <definition>Mandatory.DefenseDecreaserDecorator.DefenseDecreaserDecorator</definition>
        <argsstring>(IArmor wrappedItem, int decreaseAmount)</argsstring>
        <name>DefenseDecreaserDecorator</name>
        <qualifiedname>Mandatory.DefenseDecreaserDecorator.DefenseDecreaserDecorator</qualifiedname>
        <param>
          <type><ref refid="interface_mandatory_1_1_i_armor" kindref="compound">IArmor</ref></type>
          <declname>wrappedItem</declname>
        </param>
        <param>
          <type>int</type>
          <declname>decreaseAmount</declname>
        </param>
        <briefdescription>
        </briefdescription>
        <detaileddescription>
        </detaileddescription>
        <inbodydescription>
        </inbodydescription>
        <location file="C:/Users/Mus/Programmering/AdvancedCSharp/Mandatory/Decorators/DefenseDecreaserDecorator.cs" line="6" column="12" bodyfile="C:/Users/Mus/Programmering/AdvancedCSharp/Mandatory/Decorators/DefenseDecreaserDecorator.cs" bodystart="6" bodyend="8"/>
      </memberdef>
      <memberdef kind="function" id="class_mandatory_1_1_defense_decreaser_decorator_1ae260c9b7619b47a80fbe29a321be5649" prot="public" static="no" const="no" explicit="no" inline="yes" virt="virtual">
        <type>override int</type>
        <definition>override int Mandatory.DefenseDecreaserDecorator.GetTotalDefencePoint</definition>
        <argsstring>()</argsstring>
        <name>GetTotalDefencePoint</name>
        <qualifiedname>Mandatory.DefenseDecreaserDecorator.GetTotalDefencePoint</qualifiedname>
        <reimplements refid="class_mandatory_1_1_defence_item_decorator_1a1d3618cd987f06d4c05ff1ca95442ac1">GetTotalDefencePoint</reimplements>
        <briefdescription>
        </briefdescription>
        <detaileddescription>
        </detaileddescription>
        <inbodydescription>
        </inbodydescription>
        <location file="C:/Users/Mus/Programmering/AdvancedCSharp/Mandatory/Decorators/DefenseDecreaserDecorator.cs" line="10" column="25" bodyfile="C:/Users/Mus/Programmering/AdvancedCSharp/Mandatory/Decorators/DefenseDecreaserDecorator.cs" bodystart="10" bodyend="14"/>
      </memberdef>
    </sectiondef>
    <briefdescription>
    </briefdescription>
    <detaileddescription>
    </detaileddescription>
    <inheritancegraph>
      <node id="6">
        <label>IDisposable</label>
      </node>
      <node id="1">
        <label>Mandatory.DefenseDecreaserDecorator</label>
        <link refid="class_mandatory_1_1_defense_decreaser_decorator"/>
        <childnode refid="2" relation="public-inheritance">
        </childnode>
      </node>
      <node id="2">
        <label>Mandatory.DefenceItemDecorator</label>
        <link refid="class_mandatory_1_1_defence_item_decorator"/>
        <childnode refid="3" relation="public-inheritance">
        </childnode>
      </node>
      <node id="3">
        <label>Mandatory.IArmor</label>
        <link refid="interface_mandatory_1_1_i_armor"/>
        <childnode refid="4" relation="public-inheritance">
        </childnode>
      </node>
      <node id="5">
        <label>Mandatory.IGameObject</label>
        <link refid="interface_mandatory_1_1_i_game_object"/>
        <childnode refid="6" relation="public-inheritance">
        </childnode>
      </node>
      <node id="7">
        <label>Mandatory.ITransform</label>
        <link refid="interface_mandatory_1_1_i_transform"/>
      </node>
      <node id="4">
        <label>Mandatory.IWorldObject</label>
        <link refid="interface_mandatory_1_1_i_world_object"/>
        <childnode refid="5" relation="public-inheritance">
        </childnode>
        <childnode refid="7" relation="public-inheritance">
        </childnode>
      </node>
    </inheritancegraph>
    <collaborationgraph>
      <node id="6">
        <label>IDisposable</label>
      </node>
      <node id="1">
        <label>Mandatory.DefenseDecreaserDecorator</label>
        <link refid="class_mandatory_1_1_defense_decreaser_decorator"/>
        <childnode refid="2" relation="public-inheritance">
        </childnode>
      </node>
      <node id="2">
        <label>Mandatory.DefenceItemDecorator</label>
        <link refid="class_mandatory_1_1_defence_item_decorator"/>
        <childnode refid="3" relation="public-inheritance">
        </childnode>
        <childnode refid="3" relation="usage">
          <edgelabel>wrappedItem</edgelabel>
        </childnode>
      </node>
      <node id="3">
        <label>Mandatory.IArmor</label>
        <link refid="interface_mandatory_1_1_i_armor"/>
        <childnode refid="4" relation="public-inheritance">
        </childnode>
      </node>
      <node id="5">
        <label>Mandatory.IGameObject</label>
        <link refid="interface_mandatory_1_1_i_game_object"/>
        <childnode refid="6" relation="public-inheritance">
        </childnode>
      </node>
      <node id="7">
        <label>Mandatory.ITransform</label>
        <link refid="interface_mandatory_1_1_i_transform"/>
      </node>
      <node id="4">
        <label>Mandatory.IWorldObject</label>
        <link refid="interface_mandatory_1_1_i_world_object"/>
        <childnode refid="5" relation="public-inheritance">
        </childnode>
        <childnode refid="7" relation="public-inheritance">
        </childnode>
      </node>
    </collaborationgraph>
    <location file="C:/Users/Mus/Programmering/AdvancedCSharp/Mandatory/Decorators/DefenseDecreaserDecorator.cs" line="3" column="7" bodyfile="C:/Users/Mus/Programmering/AdvancedCSharp/Mandatory/Decorators/DefenseDecreaserDecorator.cs" bodystart="3" bodyend="15"/>
    <listofallmembers>
      <member refid="class_mandatory_1_1_defence_item_decorator_1ad0358274dd13f480d3959a5c4f7e7589" prot="public" virt="non-virtual"><scope>Mandatory::DefenseDecreaserDecorator</scope><name>ArmorSlot</name></member>
      <member refid="class_mandatory_1_1_defense_decreaser_decorator_1a7d832099abf11e21dcd00d3cbe9fb576" prot="private" virt="non-virtual"><scope>Mandatory::DefenseDecreaserDecorator</scope><name>decreaseAmount</name></member>
      <member refid="class_mandatory_1_1_defence_item_decorator_1a29c73e32653e18f17b1fd62670a67ee3" prot="public" virt="non-virtual"><scope>Mandatory::DefenseDecreaserDecorator</scope><name>DefenceItemDecorator</name></member>
      <member refid="class_mandatory_1_1_defense_decreaser_decorator_1a83ae4f328f3b1e33ce89fc35ddbc049e" prot="public" virt="non-virtual"><scope>Mandatory::DefenseDecreaserDecorator</scope><name>DefenseDecreaserDecorator</name></member>
      <member refid="class_mandatory_1_1_defence_item_decorator_1a8bc8304645fae971e3188730ceaac916" prot="public" virt="non-virtual"><scope>Mandatory::DefenseDecreaserDecorator</scope><name>Dispose</name></member>
      <member refid="class_mandatory_1_1_defense_decreaser_decorator_1ae260c9b7619b47a80fbe29a321be5649" prot="public" virt="virtual"><scope>Mandatory::DefenseDecreaserDecorator</scope><name>GetTotalDefencePoint</name></member>
      <member refid="class_mandatory_1_1_defence_item_decorator_1ae5f8c84f74ae99f997fd31ab7fed7b2b" prot="public" virt="non-virtual"><scope>Mandatory::DefenseDecreaserDecorator</scope><name>Lootable</name></member>
      <member refid="class_mandatory_1_1_defence_item_decorator_1ac6a6945c5474eb410f424c2bb19f85fe" prot="public" virt="non-virtual"><scope>Mandatory::DefenseDecreaserDecorator</scope><name>Name</name></member>
      <member refid="class_mandatory_1_1_defence_item_decorator_1a5ee7a3b9beed3608916c40fc6ab68c2a" prot="public" virt="non-virtual"><scope>Mandatory::DefenseDecreaserDecorator</scope><name>Position</name></member>
      <member refid="class_mandatory_1_1_defence_item_decorator_1a88e11fd3683c27addf34c631f63c8184" prot="public" virt="non-virtual"><scope>Mandatory::DefenseDecreaserDecorator</scope><name>Removeable</name></member>
      <member refid="class_mandatory_1_1_defence_item_decorator_1af43a334caea73e278374c96d4cb82a9a" prot="protected" virt="non-virtual"><scope>Mandatory::DefenseDecreaserDecorator</scope><name>wrappedItem</name></member>
    </listofallmembers>
  </compounddef>
</doxygen>
