<?xml version='1.0' encoding='UTF-8' standalone='no'?>
<doxygen xmlns:xsi="http://www.w3.org/2001/XMLSchema-instance" xsi:noNamespaceSchemaLocation="compound.xsd" version="1.15.0" xml:lang="en-US">
  <compounddef id="class_mandatory_1_1_transform" kind="class" language="C#" prot="public">
    <compoundname>Mandatory::Transform</compoundname>
    <basecompoundref refid="interface_mandatory_1_1_i_transform" prot="public" virt="non-virtual">Mandatory.ITransform</basecompoundref>
    <sectiondef kind="property">
      <memberdef kind="property" id="class_mandatory_1_1_transform_1afa0241f7e4d18a197e2e6dcfde58f8c9" prot="public" static="no" readable="no" writable="no" gettable="yes" privategettable="no" protectedgettable="no" settable="yes" privatesettable="no" protectedsettable="no">
        <type>Position</type>
        <definition>Position Mandatory.Transform.Position</definition>
        <argsstring></argsstring>
        <name>Position</name>
        <qualifiedname>Mandatory.Transform.Position</qualifiedname>
        <reimplements refid="interface_mandatory_1_1_i_transform_1a045d5ec083352905363be26d5f676b51">Position</reimplements>
        <initializer>= new(0,0)</initializer>
        <briefdescription>
<para>Gets or sets the current <ref refid="struct_mandatory_1_1_position" kindref="compound">Position</ref> of the object in the game world. Default position is (0, 0). </para>
        </briefdescription>
        <detaileddescription>
        </detaileddescription>
        <inbodydescription>
        </inbodydescription>
        <location file="C:/Users/Mus/Programmering/AdvancedCSharp/Mandatory/Transform.cs" line="12" column="21" bodyfile="C:/Users/Mus/Programmering/AdvancedCSharp/Mandatory/Transform.cs" bodystart="12" bodyend="12"/>
      </memberdef>
    </sectiondef>
    <briefdescription>
<para>Represents the concrete implementation of <ref refid="interface_mandatory_1_1_i_transform" kindref="compound">ITransform</ref>. Its sole responsibility is to hold and manage the spatial position of a game object. </para>
    </briefdescription>
    <detaileddescription>
    </detaileddescription>
    <inheritancegraph>
      <node id="1">
        <label>Mandatory.Transform</label>
        <link refid="class_mandatory_1_1_transform"/>
        <childnode refid="2" relation="public-inheritance">
        </childnode>
      </node>
      <node id="2">
        <label>Mandatory.ITransform</label>
        <link refid="interface_mandatory_1_1_i_transform"/>
      </node>
    </inheritancegraph>
    <collaborationgraph>
      <node id="1">
        <label>Mandatory.Transform</label>
        <link refid="class_mandatory_1_1_transform"/>
        <childnode refid="2" relation="public-inheritance">
        </childnode>
      </node>
      <node id="2">
        <label>Mandatory.ITransform</label>
        <link refid="interface_mandatory_1_1_i_transform"/>
      </node>
    </collaborationgraph>
    <location file="C:/Users/Mus/Programmering/AdvancedCSharp/Mandatory/Transform.cs" line="7" column="7" bodyfile="C:/Users/Mus/Programmering/AdvancedCSharp/Mandatory/Transform.cs" bodystart="7" bodyend="13"/>
    <listofallmembers>
      <member refid="class_mandatory_1_1_transform_1afa0241f7e4d18a197e2e6dcfde58f8c9" prot="public" virt="non-virtual"><scope>Mandatory::Transform</scope><name>Position</name></member>
    </listofallmembers>
  </compounddef>
</doxygen>
