<?xml version='1.0' encoding='UTF-8' standalone='no'?>
<doxygen xmlns:xsi="http://www.w3.org/2001/XMLSchema-instance" xsi:noNamespaceSchemaLocation="compound.xsd" version="1.15.0" xml:lang="en-US">
  <compounddef id="class_mandatory_1_1_basic_notifier" kind="class" language="C#" prot="public">
    <compoundname>Mandatory::BasicNotifier</compoundname>
    <basecompoundref refid="interface_mandatory_1_1_i_notifier" prot="public" virt="non-virtual">Mandatory.INotifier</basecompoundref>
    <sectiondef kind="public-func">
      <memberdef kind="function" id="class_mandatory_1_1_basic_notifier_1a0eadcc37e10aae6dfb76d870ac58f5e9" prot="public" static="no" const="no" explicit="no" inline="yes" virt="non-virtual">
        <type>void</type>
        <definition>void Mandatory.BasicNotifier.Notify</definition>
        <argsstring>(string message)</argsstring>
        <name>Notify</name>
        <qualifiedname>Mandatory.BasicNotifier.Notify</qualifiedname>
        <reimplements refid="interface_mandatory_1_1_i_notifier_1aaf679cdafe11fa75803496ee4de49dbd">Notify</reimplements>
        <param>
          <type>string</type>
          <declname>message</declname>
        </param>
        <briefdescription>
        </briefdescription>
        <detaileddescription>
        </detaileddescription>
        <inbodydescription>
        </inbodydescription>
        <location file="C:/Users/Mus/Programmering/AdvancedCSharp/Mandatory/FactoryHelpers/BasicNotifier.cs" line="4" column="17" bodyfile="C:/Users/Mus/Programmering/AdvancedCSharp/Mandatory/FactoryHelpers/BasicNotifier.cs" bodystart="4" bodyend="5"/>
      </memberdef>
    </sectiondef>
    <briefdescription>
    </briefdescription>
    <detaileddescription>
    </detaileddescription>
    <inheritancegraph>
      <node id="1">
        <label>Mandatory.BasicNotifier</label>
        <link refid="class_mandatory_1_1_basic_notifier"/>
        <childnode refid="2" relation="public-inheritance">
        </childnode>
      </node>
      <node id="2">
        <label>Mandatory.INotifier</label>
        <link refid="interface_mandatory_1_1_i_notifier"/>
      </node>
    </inheritancegraph>
    <collaborationgraph>
      <node id="1">
        <label>Mandatory.BasicNotifier</label>
        <link refid="class_mandatory_1_1_basic_notifier"/>
        <childnode refid="2" relation="public-inheritance">
        </childnode>
      </node>
      <node id="2">
        <label>Mandatory.INotifier</label>
        <link refid="interface_mandatory_1_1_i_notifier"/>
      </node>
    </collaborationgraph>
    <location file="C:/Users/Mus/Programmering/AdvancedCSharp/Mandatory/FactoryHelpers/BasicNotifier.cs" line="3" column="7" bodyfile="C:/Users/Mus/Programmering/AdvancedCSharp/Mandatory/FactoryHelpers/BasicNotifier.cs" bodystart="3" bodyend="6"/>
    <listofallmembers>
      <member refid="class_mandatory_1_1_basic_notifier_1a0eadcc37e10aae6dfb76d870ac58f5e9" prot="public" virt="non-virtual"><scope>Mandatory::BasicNotifier</scope><name>Notify</name></member>
    </listofallmembers>
  </compounddef>
</doxygen>
