<?xml version='1.0' encoding='UTF-8' standalone='no'?>
<doxygen xmlns:xsi="http://www.w3.org/2001/XMLSchema-instance" xsi:noNamespaceSchemaLocation="compound.xsd" version="1.15.0" xml:lang="en-US">
  <compounddef id="class_mandatory_1_1_grid-1-g" kind="class" language="C#" prot="public">
    <compoundname>Mandatory::Grid-1-g</compoundname>
    <basecompoundref refid="interface_mandatory_1_1_i_grid-1-g" prot="public" virt="non-virtual">Mandatory.IGrid&lt; T &gt;</basecompoundref>
    <templateparamlist>
      <param>
        <type>T</type>
      </param>
    </templateparamlist>
    <sectiondef kind="private-attrib">
      <memberdef kind="variable" id="class_mandatory_1_1_grid-1-g_1a1e26427b177ab5c314308b10909f7dce" prot="private" static="no" mutable="no">
        <type>T[,]</type>
        <definition>T [,] Mandatory.Grid&lt; T &gt;.gridArray</definition>
        <argsstring></argsstring>
        <name>gridArray</name>
        <qualifiedname>Mandatory.Grid-1-g.gridArray</qualifiedname>
        <briefdescription>
        </briefdescription>
        <detaileddescription>
        </detaileddescription>
        <inbodydescription>
        </inbodydescription>
        <location file="C:/Users/Mus/Programmering/AdvancedCSharp/Mandatory/Grid.cs" line="9" column="15" bodyfile="C:/Users/Mus/Programmering/AdvancedCSharp/Mandatory/Grid.cs" bodystart="9" bodyend="-1"/>
      </memberdef>
      <memberdef kind="variable" id="class_mandatory_1_1_grid-1-g_1a6e3bc241f5be702209b556d7a261adf7" prot="private" static="no" mutable="no">
        <type>Func&lt; int, int, T &gt;</type>
        <definition>Func&lt;int,int, T&gt; Mandatory.Grid&lt; T &gt;.originalCell</definition>
        <argsstring></argsstring>
        <name>originalCell</name>
        <qualifiedname>Mandatory.Grid-1-g.originalCell</qualifiedname>
        <briefdescription>
        </briefdescription>
        <detaileddescription>
        </detaileddescription>
        <inbodydescription>
        </inbodydescription>
        <location file="C:/Users/Mus/Programmering/AdvancedCSharp/Mandatory/Grid.cs" line="10" column="18" bodyfile="C:/Users/Mus/Programmering/AdvancedCSharp/Mandatory/Grid.cs" bodystart="10" bodyend="-1"/>
      </memberdef>
    </sectiondef>
    <sectiondef kind="property">
      <memberdef kind="property" id="class_mandatory_1_1_grid-1-g_1a69057e6aa25e414bc060a98dd495d160" prot="public" static="no" readable="no" writable="no" gettable="yes" privategettable="no" protectedgettable="no" settable="no" privatesettable="no" protectedsettable="no">
        <type>int</type>
        <definition>int Mandatory.Grid&lt; T &gt;.Width</definition>
        <argsstring></argsstring>
        <name>Width</name>
        <qualifiedname>Mandatory.Grid-1-g.Width</qualifiedname>
        <reimplements refid="interface_mandatory_1_1_i_grid-1-g_1a4e3e92a81dcb9277c8826eb24922b239">Width</reimplements>
        <briefdescription>
<para>Gets the width (number of columns) of the grid. </para>
        </briefdescription>
        <detaileddescription>
        </detaileddescription>
        <inbodydescription>
        </inbodydescription>
        <location file="C:/Users/Mus/Programmering/AdvancedCSharp/Mandatory/Grid.cs" line="15" column="16" bodyfile="C:/Users/Mus/Programmering/AdvancedCSharp/Mandatory/Grid.cs" bodystart="15" bodyend="15"/>
      </memberdef>
      <memberdef kind="property" id="class_mandatory_1_1_grid-1-g_1ade8ecf567ca2695c7159438e95698bd5" prot="public" static="no" readable="no" writable="no" gettable="yes" privategettable="no" protectedgettable="no" settable="no" privatesettable="no" protectedsettable="no">
        <type>int</type>
        <definition>int Mandatory.Grid&lt; T &gt;.Height</definition>
        <argsstring></argsstring>
        <name>Height</name>
        <qualifiedname>Mandatory.Grid-1-g.Height</qualifiedname>
        <reimplements refid="interface_mandatory_1_1_i_grid-1-g_1af5b83c502ff0e8227eb1ab7da134466b">Height</reimplements>
        <briefdescription>
<para>Gets the height (number of rows) of the grid. </para>
        </briefdescription>
        <detaileddescription>
        </detaileddescription>
        <inbodydescription>
        </inbodydescription>
        <location file="C:/Users/Mus/Programmering/AdvancedCSharp/Mandatory/Grid.cs" line="19" column="16" bodyfile="C:/Users/Mus/Programmering/AdvancedCSharp/Mandatory/Grid.cs" bodystart="19" bodyend="19"/>
      </memberdef>
    </sectiondef>
    <sectiondef kind="public-func">
      <memberdef kind="function" id="class_mandatory_1_1_grid-1-g_1af5b43459cfe00e7629f4efa19537ed23" prot="public" static="no" const="no" explicit="no" inline="yes" virt="non-virtual">
        <type></type>
        <definition>Mandatory.Grid&lt; T &gt;.Grid</definition>
        <argsstring>(int width, int height, Func&lt; int, int, T &gt; cell)</argsstring>
        <name>Grid</name>
        <qualifiedname>Mandatory.Grid-1-g.Grid</qualifiedname>
        <param>
          <type>int</type>
          <declname>width</declname>
        </param>
        <param>
          <type>int</type>
          <declname>height</declname>
        </param>
        <param>
          <type>Func&lt; int, int, T &gt;</type>
          <declname>cell</declname>
        </param>
        <briefdescription>
<para>Initializes a new instance of the <ref refid="class_mandatory_1_1_grid-1-g" kindref="compound">Grid&lt;T&gt;</ref> class. </para>
        </briefdescription>
        <detaileddescription>
<para><parameterlist kind="param"><parameteritem>
<parameternamelist>
<parametername>width</parametername>
</parameternamelist>
<parameterdescription>
<para>The width of the grid (X dimension).</para>
</parameterdescription>
</parameteritem>
<parameteritem>
<parameternamelist>
<parametername>height</parametername>
</parameternamelist>
<parameterdescription>
<para>The height of the grid (Y dimension).</para>
</parameterdescription>
</parameteritem>
<parameteritem>
<parameternamelist>
<parametername>cell</parametername>
</parameternamelist>
<parameterdescription>
<para>A factory function used to initialize the value of each cell, based on its (x, y) coordinates.</para>
</parameterdescription>
</parameteritem>
</parameterlist>
</para>
        </detaileddescription>
        <inbodydescription>
        </inbodydescription>
        <location file="C:/Users/Mus/Programmering/AdvancedCSharp/Mandatory/Grid.cs" line="27" column="12" bodyfile="C:/Users/Mus/Programmering/AdvancedCSharp/Mandatory/Grid.cs" bodystart="27" bodyend="34"/>
      </memberdef>
      <memberdef kind="function" id="class_mandatory_1_1_grid-1-g_1ae4054dad14ff60d3c5e1125b5bbe301a" prot="public" static="no" const="no" explicit="no" inline="yes" virt="non-virtual">
        <type>T</type>
        <definition>T Mandatory.Grid&lt; T &gt;.GetValue</definition>
        <argsstring>(int x, int y)</argsstring>
        <name>GetValue</name>
        <qualifiedname>Mandatory.Grid-1-g.GetValue</qualifiedname>
        <reimplements refid="interface_mandatory_1_1_i_grid-1-g_1a81a0ac7006eee388104f2981186b3320">GetValue</reimplements>
        <param>
          <type>int</type>
          <declname>x</declname>
        </param>
        <param>
          <type>int</type>
          <declname>y</declname>
        </param>
        <briefdescription>
<para>Retrieves the value stored at the specified grid coordinates. </para>
        </briefdescription>
        <detaileddescription>
<para><parameterlist kind="param"><parameteritem>
<parameternamelist>
<parametername>x</parametername>
</parameternamelist>
<parameterdescription>
<para>The X-coordinate (column).</para>
</parameterdescription>
</parameteritem>
<parameteritem>
<parameternamelist>
<parametername>y</parametername>
</parameternamelist>
<parameterdescription>
<para>The Y-coordinate (row).</para>
</parameterdescription>
</parameteritem>
</parameterlist>
<simplesect kind="return"><para>The value of type <emphasis>T</emphasis>  at the given coordinates.</para>
</simplesect>
<parameterlist kind="exception"><parameteritem>
<parameternamelist>
<parametername>InvalidOperationException</parametername>
</parameternamelist>
<parameterdescription>
<para>Thrown if the coordinates are outside the grid bounds.</para>
</parameterdescription>
</parameteritem>
</parameterlist>
</para>
        </detaileddescription>
        <inbodydescription>
        </inbodydescription>
        <location file="C:/Users/Mus/Programmering/AdvancedCSharp/Mandatory/Grid.cs" line="43" column="14" bodyfile="C:/Users/Mus/Programmering/AdvancedCSharp/Mandatory/Grid.cs" bodystart="43" bodyend="46"/>
      </memberdef>
      <memberdef kind="function" id="class_mandatory_1_1_grid-1-g_1a93e859fce0bdc3ee8f02a1dfeb8309e1" prot="public" static="no" const="no" explicit="no" inline="yes" virt="non-virtual">
        <type>void</type>
        <definition>void Mandatory.Grid&lt; T &gt;.SetValue</definition>
        <argsstring>(int x, int y, T value)</argsstring>
        <name>SetValue</name>
        <qualifiedname>Mandatory.Grid-1-g.SetValue</qualifiedname>
        <reimplements refid="interface_mandatory_1_1_i_grid-1-g_1ab41592514b1e2ef52b1d6d58ed73e0c4">SetValue</reimplements>
        <param>
          <type>int</type>
          <declname>x</declname>
        </param>
        <param>
          <type>int</type>
          <declname>y</declname>
        </param>
        <param>
          <type>T</type>
          <declname>value</declname>
        </param>
        <briefdescription>
<para>Sets or updates the value at the specified grid coordinates. </para>
        </briefdescription>
        <detaileddescription>
<para><parameterlist kind="param"><parameteritem>
<parameternamelist>
<parametername>x</parametername>
</parameternamelist>
<parameterdescription>
<para>The X-coordinate (column).</para>
</parameterdescription>
</parameteritem>
<parameteritem>
<parameternamelist>
<parametername>y</parametername>
</parameternamelist>
<parameterdescription>
<para>The Y-coordinate (row).</para>
</parameterdescription>
</parameteritem>
<parameteritem>
<parameternamelist>
<parametername>value</parametername>
</parameternamelist>
<parameterdescription>
<para>The new value of type <emphasis>T</emphasis>  to place in the cell.</para>
</parameterdescription>
</parameteritem>
</parameterlist>
<parameterlist kind="exception"><parameteritem>
<parameternamelist>
<parametername>InvalidOperationException</parametername>
</parameternamelist>
<parameterdescription>
<para>Thrown if the coordinates are outside the grid bounds.</para>
</parameterdescription>
</parameteritem>
</parameterlist>
</para>
        </detaileddescription>
        <inbodydescription>
        </inbodydescription>
        <location file="C:/Users/Mus/Programmering/AdvancedCSharp/Mandatory/Grid.cs" line="55" column="17" bodyfile="C:/Users/Mus/Programmering/AdvancedCSharp/Mandatory/Grid.cs" bodystart="55" bodyend="58"/>
      </memberdef>
      <memberdef kind="function" id="class_mandatory_1_1_grid-1-g_1a0c8aaaf5c0f04574a2dc9d84aa76b66c" prot="public" static="no" const="no" explicit="no" inline="yes" virt="non-virtual">
        <type>void</type>
        <definition>void Mandatory.Grid&lt; T &gt;.RemoveValue</definition>
        <argsstring>(int x, int y)</argsstring>
        <name>RemoveValue</name>
        <qualifiedname>Mandatory.Grid-1-g.RemoveValue</qualifiedname>
        <reimplements refid="interface_mandatory_1_1_i_grid-1-g_1aecb72ff2fe6cc86ca66d619e52fa0e2f">RemoveValue</reimplements>
        <param>
          <type>int</type>
          <declname>x</declname>
        </param>
        <param>
          <type>int</type>
          <declname>y</declname>
        </param>
        <briefdescription>
<para>Removes the current value at the specified coordinates by reverting it to its original, initialized state. </para>
        </briefdescription>
        <detaileddescription>
<para><parameterlist kind="param"><parameteritem>
<parameternamelist>
<parametername>x</parametername>
</parameternamelist>
<parameterdescription>
<para>The X-coordinate (column).</para>
</parameterdescription>
</parameteritem>
<parameteritem>
<parameternamelist>
<parametername>y</parametername>
</parameternamelist>
<parameterdescription>
<para>The Y-coordinate (row).</para>
</parameterdescription>
</parameteritem>
</parameterlist>
</para>
        </detaileddescription>
        <inbodydescription>
        </inbodydescription>
        <location file="C:/Users/Mus/Programmering/AdvancedCSharp/Mandatory/Grid.cs" line="65" column="17" bodyfile="C:/Users/Mus/Programmering/AdvancedCSharp/Mandatory/Grid.cs" bodystart="65" bodyend="67"/>
      </memberdef>
    </sectiondef>
    <sectiondef kind="private-func">
      <memberdef kind="function" id="class_mandatory_1_1_grid-1-g_1a8f8425bf360632ec1ec6a448b57a44b6" prot="private" static="no" const="no" explicit="no" inline="yes" virt="non-virtual">
        <type>void</type>
        <definition>void Mandatory.Grid&lt; T &gt;.RevertValue</definition>
        <argsstring>(int x, int y)</argsstring>
        <name>RevertValue</name>
        <qualifiedname>Mandatory.Grid-1-g.RevertValue</qualifiedname>
        <param>
          <type>int</type>
          <declname>x</declname>
        </param>
        <param>
          <type>int</type>
          <declname>y</declname>
        </param>
        <briefdescription>
<para>Reverts the cell value at the specified coordinates back to the initial value provided by the factory function. </para>
        </briefdescription>
        <detaileddescription>
<para><parameterlist kind="param"><parameteritem>
<parameternamelist>
<parametername>x</parametername>
</parameternamelist>
<parameterdescription>
<para>The X-coordinate.</para>
</parameterdescription>
</parameteritem>
<parameteritem>
<parameternamelist>
<parametername>y</parametername>
</parameternamelist>
<parameterdescription>
<para>The Y-coordinate.</para>
</parameterdescription>
</parameteritem>
</parameterlist>
</para>
        </detaileddescription>
        <inbodydescription>
        </inbodydescription>
        <location file="C:/Users/Mus/Programmering/AdvancedCSharp/Mandatory/Grid.cs" line="74" column="18" bodyfile="C:/Users/Mus/Programmering/AdvancedCSharp/Mandatory/Grid.cs" bodystart="74" bodyend="76"/>
      </memberdef>
      <memberdef kind="function" id="class_mandatory_1_1_grid-1-g_1a2cf282f26cbb18239e966dd1aaf94931" prot="private" static="no" const="no" explicit="no" inline="yes" virt="non-virtual">
        <type>void</type>
        <definition>void Mandatory.Grid&lt; T &gt;.InitializeGrid</definition>
        <argsstring>(Func&lt; int, int, T &gt; cell)</argsstring>
        <name>InitializeGrid</name>
        <qualifiedname>Mandatory.Grid-1-g.InitializeGrid</qualifiedname>
        <param>
          <type>Func&lt; int, int, T &gt;</type>
          <declname>cell</declname>
        </param>
        <briefdescription>
<para>Initializes all cells of the grid using the provided factory function. </para>
        </briefdescription>
        <detaileddescription>
<para><parameterlist kind="param"><parameteritem>
<parameternamelist>
<parametername>cell</parametername>
</parameternamelist>
<parameterdescription>
<para>The factory function to generate the initial value for each cell.</para>
</parameterdescription>
</parameteritem>
</parameterlist>
</para>
        </detaileddescription>
        <inbodydescription>
        </inbodydescription>
        <location file="C:/Users/Mus/Programmering/AdvancedCSharp/Mandatory/Grid.cs" line="82" column="18" bodyfile="C:/Users/Mus/Programmering/AdvancedCSharp/Mandatory/Grid.cs" bodystart="82" bodyend="88"/>
      </memberdef>
    </sectiondef>
    <briefdescription>
<para>Represents a two-dimensional grid structure used to store elements of a specific type <emphasis>T</emphasis> . It enforces boundary checks and provides methods for initialization, retrieval, and modification of grid cell values. </para>
    </briefdescription>
    <detaileddescription>
<para><parameterlist kind="templateparam"><parameteritem>
<parameternamelist>
<parametername>T</parametername>
</parameternamelist>
<parameterdescription>
<para>The type of object stored in each cell of the grid. Must be a non-nullable reference or value type.</para>
</parameterdescription>
</parameteritem>
</parameterlist>
</para>
    </detaileddescription>
    <inheritancegraph>
      <node id="1">
        <label>Mandatory.Grid&lt; T &gt;</label>
        <link refid="class_mandatory_1_1_grid-1-g"/>
        <childnode refid="2" relation="public-inheritance">
        </childnode>
      </node>
      <node id="2">
        <label>Mandatory.IGrid&lt; T &gt;</label>
        <link refid="interface_mandatory_1_1_i_grid-1-g"/>
      </node>
    </inheritancegraph>
    <collaborationgraph>
      <node id="1">
        <label>Mandatory.Grid&lt; T &gt;</label>
        <link refid="class_mandatory_1_1_grid-1-g"/>
        <childnode refid="2" relation="public-inheritance">
        </childnode>
      </node>
      <node id="2">
        <label>Mandatory.IGrid&lt; T &gt;</label>
        <link refid="interface_mandatory_1_1_i_grid-1-g"/>
      </node>
    </collaborationgraph>
    <location file="C:/Users/Mus/Programmering/AdvancedCSharp/Mandatory/Grid.cs" line="8" column="7" bodyfile="C:/Users/Mus/Programmering/AdvancedCSharp/Mandatory/Grid.cs" bodystart="8" bodyend="89"/>
    <listofallmembers>
      <member refid="class_mandatory_1_1_grid-1-g_1ae4054dad14ff60d3c5e1125b5bbe301a" prot="public" virt="non-virtual"><scope>Mandatory::Grid-1-g</scope><name>GetValue</name></member>
      <member refid="class_mandatory_1_1_grid-1-g_1af5b43459cfe00e7629f4efa19537ed23" prot="public" virt="non-virtual"><scope>Mandatory::Grid-1-g</scope><name>Grid</name></member>
      <member refid="class_mandatory_1_1_grid-1-g_1a1e26427b177ab5c314308b10909f7dce" prot="private" virt="non-virtual"><scope>Mandatory::Grid-1-g</scope><name>gridArray</name></member>
      <member refid="class_mandatory_1_1_grid-1-g_1ade8ecf567ca2695c7159438e95698bd5" prot="public" virt="non-virtual"><scope>Mandatory::Grid-1-g</scope><name>Height</name></member>
      <member refid="class_mandatory_1_1_grid-1-g_1a2cf282f26cbb18239e966dd1aaf94931" prot="private" virt="non-virtual"><scope>Mandatory::Grid-1-g</scope><name>InitializeGrid</name></member>
      <member refid="class_mandatory_1_1_grid-1-g_1a6e3bc241f5be702209b556d7a261adf7" prot="private" virt="non-virtual"><scope>Mandatory::Grid-1-g</scope><name>originalCell</name></member>
      <member refid="class_mandatory_1_1_grid-1-g_1a0c8aaaf5c0f04574a2dc9d84aa76b66c" prot="public" virt="non-virtual"><scope>Mandatory::Grid-1-g</scope><name>RemoveValue</name></member>
      <member refid="class_mandatory_1_1_grid-1-g_1a8f8425bf360632ec1ec6a448b57a44b6" prot="private" virt="non-virtual"><scope>Mandatory::Grid-1-g</scope><name>RevertValue</name></member>
      <member refid="class_mandatory_1_1_grid-1-g_1a93e859fce0bdc3ee8f02a1dfeb8309e1" prot="public" virt="non-virtual"><scope>Mandatory::Grid-1-g</scope><name>SetValue</name></member>
      <member refid="class_mandatory_1_1_grid-1-g_1a69057e6aa25e414bc060a98dd495d160" prot="public" virt="non-virtual"><scope>Mandatory::Grid-1-g</scope><name>Width</name></member>
    </listofallmembers>
  </compounddef>
</doxygen>
