<?xml version='1.0' encoding='UTF-8' standalone='no'?>
<doxygen xmlns:xsi="http://www.w3.org/2001/XMLSchema-instance" xsi:noNamespaceSchemaLocation="compound.xsd" version="1.15.0" xml:lang="en-US">
  <compounddef id="class_mandatory_1_1_world_entities_manager" kind="class" language="C#" prot="public">
    <compoundname>Mandatory::WorldEntitiesManager</compoundname>
    <basecompoundref refid="interface_mandatory_1_1_i_world_manager" prot="public" virt="non-virtual">Mandatory.IWorldManager</basecompoundref>
    <sectiondef kind="property">
      <memberdef kind="property" id="class_mandatory_1_1_world_entities_manager_1a35330c4f36e62d0e84d173ef57587925" prot="public" static="no" readable="no" writable="no" gettable="yes" privategettable="no" protectedgettable="no" settable="no" privatesettable="no" protectedsettable="no">
        <type>List&lt; <ref refid="interface_mandatory_1_1_i_game_object" kindref="compound">IGameObject</ref> &gt;</type>
        <definition>List&lt;IGameObject&gt; Mandatory.WorldEntitiesManager.GameObjects</definition>
        <argsstring></argsstring>
        <name>GameObjects</name>
        <qualifiedname>Mandatory.WorldEntitiesManager.GameObjects</qualifiedname>
        <briefdescription>
<para>Gets the list of all active <ref refid="interface_mandatory_1_1_i_game_object" kindref="compound">IGameObject</ref> instances currently managed by the world. </para>
        </briefdescription>
        <detaileddescription>
        </detaileddescription>
        <inbodydescription>
        </inbodydescription>
        <location file="C:/Users/Mus/Programmering/AdvancedCSharp/Mandatory/WorldEntitiesManager.cs" line="11" column="17" bodyfile="C:/Users/Mus/Programmering/AdvancedCSharp/Mandatory/WorldEntitiesManager.cs" bodystart="11" bodyend="11"/>
      </memberdef>
    </sectiondef>
    <sectiondef kind="public-func">
      <memberdef kind="function" id="class_mandatory_1_1_world_entities_manager_1a004f339ecf3f6596207f5a5e8bf848c6" prot="public" static="no" const="no" explicit="no" inline="yes" virt="non-virtual">
        <type></type>
        <definition>Mandatory.WorldEntitiesManager.WorldEntitiesManager</definition>
        <argsstring>()</argsstring>
        <name>WorldEntitiesManager</name>
        <qualifiedname>Mandatory.WorldEntitiesManager.WorldEntitiesManager</qualifiedname>
        <briefdescription>
<para>Initializes a new instance of the <ref refid="class_mandatory_1_1_world_entities_manager" kindref="compound">WorldEntitiesManager</ref> class, initializing the list of game objects. </para>
        </briefdescription>
        <detaileddescription>
        </detaileddescription>
        <inbodydescription>
        </inbodydescription>
        <location file="C:/Users/Mus/Programmering/AdvancedCSharp/Mandatory/WorldEntitiesManager.cs" line="16" column="12" bodyfile="C:/Users/Mus/Programmering/AdvancedCSharp/Mandatory/WorldEntitiesManager.cs" bodystart="16" bodyend="18"/>
      </memberdef>
      <memberdef kind="function" id="class_mandatory_1_1_world_entities_manager_1ac1c6ec259f427f20d21fa17ecea15abd" prot="public" static="no" const="no" explicit="no" inline="yes" virt="non-virtual">
        <type><ref refid="interface_mandatory_1_1_i_game_object" kindref="compound">IGameObject</ref></type>
        <definition>IGameObject Mandatory.WorldEntitiesManager.AddGameObject</definition>
        <argsstring>(IGameObject gameObject)</argsstring>
        <name>AddGameObject</name>
        <qualifiedname>Mandatory.WorldEntitiesManager.AddGameObject</qualifiedname>
        <param>
          <type><ref refid="interface_mandatory_1_1_i_game_object" kindref="compound">IGameObject</ref></type>
          <declname>gameObject</declname>
        </param>
        <briefdescription>
<para>Adds a new <ref refid="interface_mandatory_1_1_i_game_object" kindref="compound">IGameObject</ref> to the manager&apos;s list. </para>
        </briefdescription>
        <detaileddescription>
<para><parameterlist kind="param"><parameteritem>
<parameternamelist>
<parametername>gameObject</parametername>
</parameternamelist>
<parameterdescription>
<para>The game object to add.</para>
</parameterdescription>
</parameteritem>
</parameterlist>
<simplesect kind="return"><para>The game object that was added.</para>
</simplesect>
<parameterlist kind="exception"><parameteritem>
<parameternamelist>
<parametername>ArgumentNullException</parametername>
</parameternamelist>
<parameterdescription>
<para>Thrown if <emphasis>gameObject</emphasis>  is null.</para>
</parameterdescription>
</parameteritem>
</parameterlist>
</para>
        </detaileddescription>
        <inbodydescription>
        </inbodydescription>
        <location file="C:/Users/Mus/Programmering/AdvancedCSharp/Mandatory/WorldEntitiesManager.cs" line="26" column="24" bodyfile="C:/Users/Mus/Programmering/AdvancedCSharp/Mandatory/WorldEntitiesManager.cs" bodystart="26" bodyend="30"/>
      </memberdef>
      <memberdef kind="function" id="class_mandatory_1_1_world_entities_manager_1a1aab6e8efecb07408072000a7b7df4dc" prot="public" static="no" const="no" explicit="no" inline="yes" virt="non-virtual">
        <type>void</type>
        <definition>void Mandatory.WorldEntitiesManager.RemoveGameObject</definition>
        <argsstring>(IGameObject gameObject)</argsstring>
        <name>RemoveGameObject</name>
        <qualifiedname>Mandatory.WorldEntitiesManager.RemoveGameObject</qualifiedname>
        <param>
          <type><ref refid="interface_mandatory_1_1_i_game_object" kindref="compound">IGameObject</ref></type>
          <declname>gameObject</declname>
        </param>
        <briefdescription>
<para>Removes a specific <ref refid="interface_mandatory_1_1_i_game_object" kindref="compound">IGameObject</ref> from the manager&apos;s list. </para>
        </briefdescription>
        <detaileddescription>
<para><parameterlist kind="param"><parameteritem>
<parameternamelist>
<parametername>gameObject</parametername>
</parameternamelist>
<parameterdescription>
<para>The game object to remove.</para>
</parameterdescription>
</parameteritem>
</parameterlist>
</para>
        </detaileddescription>
        <inbodydescription>
        </inbodydescription>
        <location file="C:/Users/Mus/Programmering/AdvancedCSharp/Mandatory/WorldEntitiesManager.cs" line="36" column="17" bodyfile="C:/Users/Mus/Programmering/AdvancedCSharp/Mandatory/WorldEntitiesManager.cs" bodystart="36" bodyend="39"/>
      </memberdef>
      <memberdef kind="function" id="class_mandatory_1_1_world_entities_manager_1ace1e14c1cc5708356a0503d1951125b8" prot="public" static="no" const="no" explicit="no" inline="yes" virt="non-virtual">
        <type>void</type>
        <definition>void Mandatory.WorldEntitiesManager.RemoveAllGameObjects</definition>
        <argsstring>()</argsstring>
        <name>RemoveAllGameObjects</name>
        <qualifiedname>Mandatory.WorldEntitiesManager.RemoveAllGameObjects</qualifiedname>
        <reimplements refid="interface_mandatory_1_1_i_world_manager_1a8141acf5ef1e8f9c8d1d77e2db6d9160">RemoveAllGameObjects</reimplements>
        <briefdescription>
<para>Removes all managed game objects from the list and calls IDisposable.Dispose on each one to ensure proper cleanup of resources. </para>
        </briefdescription>
        <detaileddescription>
        </detaileddescription>
        <inbodydescription>
        </inbodydescription>
        <location file="C:/Users/Mus/Programmering/AdvancedCSharp/Mandatory/WorldEntitiesManager.cs" line="45" column="17" bodyfile="C:/Users/Mus/Programmering/AdvancedCSharp/Mandatory/WorldEntitiesManager.cs" bodystart="45" bodyend="50"/>
      </memberdef>
    </sectiondef>
    <briefdescription>
<para>Manages all active game objects within the world. This class is responsible for adding, removing, and tracking the lifecycle of <ref refid="interface_mandatory_1_1_i_game_object" kindref="compound">IGameObject</ref> instances. </para>
    </briefdescription>
    <detaileddescription>
    </detaileddescription>
    <inheritancegraph>
      <node id="1">
        <label>Mandatory.WorldEntitiesManager</label>
        <link refid="class_mandatory_1_1_world_entities_manager"/>
        <childnode refid="2" relation="public-inheritance">
        </childnode>
      </node>
      <node id="2">
        <label>Mandatory.IWorldManager</label>
        <link refid="interface_mandatory_1_1_i_world_manager"/>
      </node>
    </inheritancegraph>
    <collaborationgraph>
      <node id="1">
        <label>Mandatory.WorldEntitiesManager</label>
        <link refid="class_mandatory_1_1_world_entities_manager"/>
        <childnode refid="2" relation="public-inheritance">
        </childnode>
      </node>
      <node id="2">
        <label>Mandatory.IWorldManager</label>
        <link refid="interface_mandatory_1_1_i_world_manager"/>
      </node>
    </collaborationgraph>
    <location file="C:/Users/Mus/Programmering/AdvancedCSharp/Mandatory/WorldEntitiesManager.cs" line="7" column="7" bodyfile="C:/Users/Mus/Programmering/AdvancedCSharp/Mandatory/WorldEntitiesManager.cs" bodystart="7" bodyend="51"/>
    <listofallmembers>
      <member refid="class_mandatory_1_1_world_entities_manager_1ac1c6ec259f427f20d21fa17ecea15abd" prot="public" virt="non-virtual"><scope>Mandatory::WorldEntitiesManager</scope><name>AddGameObject</name></member>
      <member refid="class_mandatory_1_1_world_entities_manager_1a35330c4f36e62d0e84d173ef57587925" prot="public" virt="non-virtual"><scope>Mandatory::WorldEntitiesManager</scope><name>GameObjects</name></member>
      <member refid="class_mandatory_1_1_world_entities_manager_1ace1e14c1cc5708356a0503d1951125b8" prot="public" virt="non-virtual"><scope>Mandatory::WorldEntitiesManager</scope><name>RemoveAllGameObjects</name></member>
      <member refid="class_mandatory_1_1_world_entities_manager_1a1aab6e8efecb07408072000a7b7df4dc" prot="public" virt="non-virtual"><scope>Mandatory::WorldEntitiesManager</scope><name>RemoveGameObject</name></member>
      <member refid="class_mandatory_1_1_world_entities_manager_1a004f339ecf3f6596207f5a5e8bf848c6" prot="public" virt="non-virtual"><scope>Mandatory::WorldEntitiesManager</scope><name>WorldEntitiesManager</name></member>
    </listofallmembers>
  </compounddef>
</doxygen>
