<?xml version='1.0' encoding='UTF-8' standalone='no'?>
<doxygen xmlns:xsi="http://www.w3.org/2001/XMLSchema-instance" xsi:noNamespaceSchemaLocation="compound.xsd" version="1.15.0" xml:lang="en-US">
  <compounddef id="class_mandatory_1_1_config_file_reader" kind="class" language="C#" prot="public">
    <compoundname>Mandatory::ConfigFileReader</compoundname>
    <basecompoundref refid="interface_mandatory_1_1_i_config_file_reader" prot="public" virt="non-virtual">Mandatory.IConfigFileReader</basecompoundref>
    <sectiondef kind="private-attrib">
      <memberdef kind="variable" id="class_mandatory_1_1_config_file_reader_1a149b2de7f8f672537931571ebb26886b" prot="private" static="no" mutable="no">
        <type><ref refid="interface_mandatory_1_1_i_file_loader" kindref="compound">IFileLoader</ref></type>
        <definition>IFileLoader Mandatory.ConfigFileReader.fileLoader</definition>
        <argsstring></argsstring>
        <name>fileLoader</name>
        <qualifiedname>Mandatory.ConfigFileReader.fileLoader</qualifiedname>
        <briefdescription>
        </briefdescription>
        <detaileddescription>
        </detaileddescription>
        <inbodydescription>
        </inbodydescription>
        <location file="C:/Users/Mus/Programmering/AdvancedCSharp/Mandatory/Setups/ConfigFileReader.cs" line="5" column="25" bodyfile="C:/Users/Mus/Programmering/AdvancedCSharp/Mandatory/Setups/ConfigFileReader.cs" bodystart="5" bodyend="-1"/>
      </memberdef>
      <memberdef kind="variable" id="class_mandatory_1_1_config_file_reader_1a451cb38233606b9eee6487d769dc3ed6" prot="private" static="no" mutable="no">
        <type><ref refid="interface_mandatory_1_1_i_config_parser" kindref="compound">IConfigParser</ref></type>
        <definition>IConfigParser Mandatory.ConfigFileReader.parser</definition>
        <argsstring></argsstring>
        <name>parser</name>
        <qualifiedname>Mandatory.ConfigFileReader.parser</qualifiedname>
        <briefdescription>
        </briefdescription>
        <detaileddescription>
        </detaileddescription>
        <inbodydescription>
        </inbodydescription>
        <location file="C:/Users/Mus/Programmering/AdvancedCSharp/Mandatory/Setups/ConfigFileReader.cs" line="6" column="27" bodyfile="C:/Users/Mus/Programmering/AdvancedCSharp/Mandatory/Setups/ConfigFileReader.cs" bodystart="6" bodyend="-1"/>
      </memberdef>
      <memberdef kind="variable" id="class_mandatory_1_1_config_file_reader_1aa8cd48c13462fd6a93e3f72d224c8df1" prot="private" static="no" mutable="no">
        <type>readonly string</type>
        <definition>readonly string Mandatory.ConfigFileReader.filePath</definition>
        <argsstring></argsstring>
        <name>filePath</name>
        <qualifiedname>Mandatory.ConfigFileReader.filePath</qualifiedname>
        <briefdescription>
        </briefdescription>
        <detaileddescription>
        </detaileddescription>
        <inbodydescription>
        </inbodydescription>
        <location file="C:/Users/Mus/Programmering/AdvancedCSharp/Mandatory/Setups/ConfigFileReader.cs" line="8" column="29" bodyfile="C:/Users/Mus/Programmering/AdvancedCSharp/Mandatory/Setups/ConfigFileReader.cs" bodystart="8" bodyend="-1"/>
      </memberdef>
    </sectiondef>
    <sectiondef kind="public-func">
      <memberdef kind="function" id="class_mandatory_1_1_config_file_reader_1ace21d40f601e8f8aab32ba985423aa04" prot="public" static="no" const="no" explicit="no" inline="yes" virt="non-virtual">
        <type></type>
        <definition>Mandatory.ConfigFileReader.ConfigFileReader</definition>
        <argsstring>(IFileLoader fileLoader, IConfigParser parser, string filePath)</argsstring>
        <name>ConfigFileReader</name>
        <qualifiedname>Mandatory.ConfigFileReader.ConfigFileReader</qualifiedname>
        <param>
          <type><ref refid="interface_mandatory_1_1_i_file_loader" kindref="compound">IFileLoader</ref></type>
          <declname>fileLoader</declname>
        </param>
        <param>
          <type><ref refid="interface_mandatory_1_1_i_config_parser" kindref="compound">IConfigParser</ref></type>
          <declname>parser</declname>
        </param>
        <param>
          <type>string</type>
          <declname>filePath</declname>
        </param>
        <briefdescription>
        </briefdescription>
        <detaileddescription>
        </detaileddescription>
        <inbodydescription>
        </inbodydescription>
        <location file="C:/Users/Mus/Programmering/AdvancedCSharp/Mandatory/Setups/ConfigFileReader.cs" line="10" column="12" bodyfile="C:/Users/Mus/Programmering/AdvancedCSharp/Mandatory/Setups/ConfigFileReader.cs" bodystart="10" bodyend="14"/>
      </memberdef>
      <memberdef kind="function" id="class_mandatory_1_1_config_file_reader_1abc84aa7da74c361cd83254eabb065b7b" prot="public" static="no" const="no" explicit="no" inline="yes" virt="non-virtual">
        <type>void</type>
        <definition>void Mandatory.ConfigFileReader.GetWorldDimensions</definition>
        <argsstring>(out Size worldDimension)</argsstring>
        <name>GetWorldDimensions</name>
        <qualifiedname>Mandatory.ConfigFileReader.GetWorldDimensions</qualifiedname>
        <reimplements refid="interface_mandatory_1_1_i_config_file_reader_1a06307810b9516a6aa6b83d02385ae026">GetWorldDimensions</reimplements>
        <param>
          <type>out <ref refid="struct_mandatory_1_1_size" kindref="compound">Size</ref></type>
          <declname>worldDimension</declname>
        </param>
        <briefdescription>
        </briefdescription>
        <detaileddescription>
        </detaileddescription>
        <inbodydescription>
        </inbodydescription>
        <location file="C:/Users/Mus/Programmering/AdvancedCSharp/Mandatory/Setups/ConfigFileReader.cs" line="16" column="17" bodyfile="C:/Users/Mus/Programmering/AdvancedCSharp/Mandatory/Setups/ConfigFileReader.cs" bodystart="16" bodyend="31"/>
      </memberdef>
      <memberdef kind="function" id="class_mandatory_1_1_config_file_reader_1a4fe3ed62688e6e53b387e92842ff8f90" prot="public" static="no" const="no" explicit="no" inline="yes" virt="non-virtual">
        <type>GameDifficulty</type>
        <definition>GameDifficulty Mandatory.ConfigFileReader.GetGameDifficulty</definition>
        <argsstring>()</argsstring>
        <name>GetGameDifficulty</name>
        <qualifiedname>Mandatory.ConfigFileReader.GetGameDifficulty</qualifiedname>
        <briefdescription>
        </briefdescription>
        <detaileddescription>
        </detaileddescription>
        <inbodydescription>
        </inbodydescription>
        <location file="C:/Users/Mus/Programmering/AdvancedCSharp/Mandatory/Setups/ConfigFileReader.cs" line="33" column="27" bodyfile="C:/Users/Mus/Programmering/AdvancedCSharp/Mandatory/Setups/ConfigFileReader.cs" bodystart="33" bodyend="41"/>
      </memberdef>
    </sectiondef>
    <briefdescription>
    </briefdescription>
    <detaileddescription>
    </detaileddescription>
    <inheritancegraph>
      <node id="1">
        <label>Mandatory.ConfigFileReader</label>
        <link refid="class_mandatory_1_1_config_file_reader"/>
        <childnode refid="2" relation="public-inheritance">
        </childnode>
      </node>
      <node id="2">
        <label>Mandatory.IConfigFileReader</label>
        <link refid="interface_mandatory_1_1_i_config_file_reader"/>
      </node>
    </inheritancegraph>
    <collaborationgraph>
      <node id="1">
        <label>Mandatory.ConfigFileReader</label>
        <link refid="class_mandatory_1_1_config_file_reader"/>
        <childnode refid="2" relation="public-inheritance">
        </childnode>
      </node>
      <node id="2">
        <label>Mandatory.IConfigFileReader</label>
        <link refid="interface_mandatory_1_1_i_config_file_reader"/>
      </node>
    </collaborationgraph>
    <location file="C:/Users/Mus/Programmering/AdvancedCSharp/Mandatory/Setups/ConfigFileReader.cs" line="4" column="7" bodyfile="C:/Users/Mus/Programmering/AdvancedCSharp/Mandatory/Setups/ConfigFileReader.cs" bodystart="4" bodyend="42"/>
    <listofallmembers>
      <member refid="class_mandatory_1_1_config_file_reader_1ace21d40f601e8f8aab32ba985423aa04" prot="public" virt="non-virtual"><scope>Mandatory::ConfigFileReader</scope><name>ConfigFileReader</name></member>
      <member refid="class_mandatory_1_1_config_file_reader_1a149b2de7f8f672537931571ebb26886b" prot="private" virt="non-virtual"><scope>Mandatory::ConfigFileReader</scope><name>fileLoader</name></member>
      <member refid="class_mandatory_1_1_config_file_reader_1aa8cd48c13462fd6a93e3f72d224c8df1" prot="private" virt="non-virtual"><scope>Mandatory::ConfigFileReader</scope><name>filePath</name></member>
      <member refid="class_mandatory_1_1_config_file_reader_1a4fe3ed62688e6e53b387e92842ff8f90" prot="public" virt="non-virtual"><scope>Mandatory::ConfigFileReader</scope><name>GetGameDifficulty</name></member>
      <member refid="class_mandatory_1_1_config_file_reader_1abc84aa7da74c361cd83254eabb065b7b" prot="public" virt="non-virtual"><scope>Mandatory::ConfigFileReader</scope><name>GetWorldDimensions</name></member>
      <member refid="class_mandatory_1_1_config_file_reader_1a451cb38233606b9eee6487d769dc3ed6" prot="private" virt="non-virtual"><scope>Mandatory::ConfigFileReader</scope><name>parser</name></member>
    </listofallmembers>
  </compounddef>
</doxygen>
