<?xml version='1.0' encoding='UTF-8' standalone='no'?>
<doxygen xmlns:xsi="http://www.w3.org/2001/XMLSchema-instance" xsi:noNamespaceSchemaLocation="compound.xsd" version="1.15.0" xml:lang="en-US">
  <compounddef id="class_mandatory_1_1_base_damage_increase" kind="class" language="C#" prot="public">
    <compoundname>Mandatory::BaseDamageIncrease</compoundname>
    <basecompoundref refid="interface_mandatory_1_1_i_increase_weapon_damage" prot="public" virt="non-virtual">Mandatory.IIncreaseWeaponDamage</basecompoundref>
    <sectiondef kind="public-func">
      <memberdef kind="function" id="class_mandatory_1_1_base_damage_increase_1a9c0fd0f4969bb33dd254cdf2b2704971" prot="public" static="no" const="no" explicit="no" inline="yes" virt="non-virtual">
        <type>void</type>
        <definition>void Mandatory.BaseDamageIncrease.IncreaseWeaponDamage</definition>
        <argsstring>(IWeaponModTarget target, int amount)</argsstring>
        <name>IncreaseWeaponDamage</name>
        <qualifiedname>Mandatory.BaseDamageIncrease.IncreaseWeaponDamage</qualifiedname>
        <reimplements refid="interface_mandatory_1_1_i_increase_weapon_damage_1a6d8f5e3fa05a59154e571cfec50d709c">IncreaseWeaponDamage</reimplements>
        <param>
          <type><ref refid="interface_mandatory_1_1_i_weapon_mod_target" kindref="compound">IWeaponModTarget</ref></type>
          <declname>target</declname>
        </param>
        <param>
          <type>int</type>
          <declname>amount</declname>
        </param>
        <briefdescription>
        </briefdescription>
        <detaileddescription>
        </detaileddescription>
        <inbodydescription>
        </inbodydescription>
        <location file="C:/Users/Mus/Programmering/AdvancedCSharp/Mandatory/Helpers/BaseDamageIncrease.cs" line="4" column="17" bodyfile="C:/Users/Mus/Programmering/AdvancedCSharp/Mandatory/Helpers/BaseDamageIncrease.cs" bodystart="4" bodyend="6"/>
      </memberdef>
    </sectiondef>
    <briefdescription>
    </briefdescription>
    <detaileddescription>
    </detaileddescription>
    <inheritancegraph>
      <node id="1">
        <label>Mandatory.BaseDamageIncrease</label>
        <link refid="class_mandatory_1_1_base_damage_increase"/>
        <childnode refid="2" relation="public-inheritance">
        </childnode>
      </node>
      <node id="2">
        <label>Mandatory.IIncreaseWeaponDamage</label>
        <link refid="interface_mandatory_1_1_i_increase_weapon_damage"/>
      </node>
    </inheritancegraph>
    <collaborationgraph>
      <node id="1">
        <label>Mandatory.BaseDamageIncrease</label>
        <link refid="class_mandatory_1_1_base_damage_increase"/>
        <childnode refid="2" relation="public-inheritance">
        </childnode>
      </node>
      <node id="2">
        <label>Mandatory.IIncreaseWeaponDamage</label>
        <link refid="interface_mandatory_1_1_i_increase_weapon_damage"/>
      </node>
    </collaborationgraph>
    <location file="C:/Users/Mus/Programmering/AdvancedCSharp/Mandatory/Helpers/BaseDamageIncrease.cs" line="3" column="7" bodyfile="C:/Users/Mus/Programmering/AdvancedCSharp/Mandatory/Helpers/BaseDamageIncrease.cs" bodystart="3" bodyend="7"/>
    <listofallmembers>
      <member refid="class_mandatory_1_1_base_damage_increase_1a9c0fd0f4969bb33dd254cdf2b2704971" prot="public" virt="non-virtual"><scope>Mandatory::BaseDamageIncrease</scope><name>IncreaseWeaponDamage</name></member>
    </listofallmembers>
  </compounddef>
</doxygen>
