<?xml version='1.0' encoding='UTF-8' standalone='no'?>
<doxygen xmlns:xsi="http://www.w3.org/2001/XMLSchema-instance" xsi:noNamespaceSchemaLocation="compound.xsd" version="1.15.0" xml:lang="en-US">
  <compounddef id="class_mandatory_1_1_xml_parser" kind="class" language="C#" prot="public">
    <compoundname>Mandatory::XmlParser</compoundname>
    <basecompoundref refid="interface_mandatory_1_1_i_config_parser" prot="public" virt="non-virtual">Mandatory.IConfigParser</basecompoundref>
    <sectiondef kind="public-func">
      <memberdef kind="function" id="class_mandatory_1_1_xml_parser_1a58bcac79d3c95167b392dc1a4a33d67a" prot="public" static="no" const="no" explicit="no" inline="yes" virt="non-virtual">
        <type><ref refid="struct_mandatory_1_1_size" kindref="compound">Size</ref></type>
        <definition>Size Mandatory.XmlParser.ParseDimensions</definition>
        <argsstring>(XmlDocument configFile)</argsstring>
        <name>ParseDimensions</name>
        <qualifiedname>Mandatory.XmlParser.ParseDimensions</qualifiedname>
        <reimplements refid="interface_mandatory_1_1_i_config_parser_1a6cd013a5c334b3ab20d1177613878805">ParseDimensions</reimplements>
        <param>
          <type>XmlDocument</type>
          <declname>configFile</declname>
        </param>
        <briefdescription>
        </briefdescription>
        <detaileddescription>
        </detaileddescription>
        <inbodydescription>
        </inbodydescription>
        <location file="C:/Users/Mus/Programmering/AdvancedCSharp/Mandatory/Setups/XmlParser.cs" line="5" column="17" bodyfile="C:/Users/Mus/Programmering/AdvancedCSharp/Mandatory/Setups/XmlParser.cs" bodystart="5" bodyend="29"/>
      </memberdef>
      <memberdef kind="function" id="class_mandatory_1_1_xml_parser_1af05e657b23d9dc96c70fd403005f3dd7" prot="public" static="no" const="no" explicit="no" inline="yes" virt="non-virtual">
        <type>GameDifficulty</type>
        <definition>GameDifficulty Mandatory.XmlParser.GetGameDifficulty</definition>
        <argsstring>(XmlDocument configFile)</argsstring>
        <name>GetGameDifficulty</name>
        <qualifiedname>Mandatory.XmlParser.GetGameDifficulty</qualifiedname>
        <reimplements refid="interface_mandatory_1_1_i_config_parser_1a937c85ad3d277006650448eff1dfbd9a">GetGameDifficulty</reimplements>
        <param>
          <type>XmlDocument</type>
          <declname>configFile</declname>
        </param>
        <briefdescription>
        </briefdescription>
        <detaileddescription>
        </detaileddescription>
        <inbodydescription>
        </inbodydescription>
        <location file="C:/Users/Mus/Programmering/AdvancedCSharp/Mandatory/Setups/XmlParser.cs" line="31" column="27" bodyfile="C:/Users/Mus/Programmering/AdvancedCSharp/Mandatory/Setups/XmlParser.cs" bodystart="31" bodyend="48"/>
      </memberdef>
    </sectiondef>
    <sectiondef kind="private-func">
      <memberdef kind="function" id="class_mandatory_1_1_xml_parser_1aaa236880a77d812cd021c3a5af049892" prot="private" static="no" const="no" explicit="no" inline="yes" virt="non-virtual">
        <type>XmlNode?</type>
        <definition>XmlNode? Mandatory.XmlParser.GetSingleNode</definition>
        <argsstring>(XmlDocument configDoc, string node)</argsstring>
        <name>GetSingleNode</name>
        <qualifiedname>Mandatory.XmlParser.GetSingleNode</qualifiedname>
        <param>
          <type>XmlDocument</type>
          <declname>configDoc</declname>
        </param>
        <param>
          <type>string</type>
          <declname>node</declname>
        </param>
        <briefdescription>
        </briefdescription>
        <detaileddescription>
        </detaileddescription>
        <inbodydescription>
        </inbodydescription>
        <location file="C:/Users/Mus/Programmering/AdvancedCSharp/Mandatory/Setups/XmlParser.cs" line="50" column="21" bodyfile="C:/Users/Mus/Programmering/AdvancedCSharp/Mandatory/Setups/XmlParser.cs" bodystart="50" bodyend="52"/>
      </memberdef>
    </sectiondef>
    <briefdescription>
    </briefdescription>
    <detaileddescription>
    </detaileddescription>
    <inheritancegraph>
      <node id="1">
        <label>Mandatory.XmlParser</label>
        <link refid="class_mandatory_1_1_xml_parser"/>
        <childnode refid="2" relation="public-inheritance">
        </childnode>
      </node>
      <node id="2">
        <label>Mandatory.IConfigParser</label>
        <link refid="interface_mandatory_1_1_i_config_parser"/>
      </node>
    </inheritancegraph>
    <collaborationgraph>
      <node id="1">
        <label>Mandatory.XmlParser</label>
        <link refid="class_mandatory_1_1_xml_parser"/>
        <childnode refid="2" relation="public-inheritance">
        </childnode>
      </node>
      <node id="2">
        <label>Mandatory.IConfigParser</label>
        <link refid="interface_mandatory_1_1_i_config_parser"/>
      </node>
    </collaborationgraph>
    <location file="C:/Users/Mus/Programmering/AdvancedCSharp/Mandatory/Setups/XmlParser.cs" line="4" column="7" bodyfile="C:/Users/Mus/Programmering/AdvancedCSharp/Mandatory/Setups/XmlParser.cs" bodystart="4" bodyend="53"/>
    <listofallmembers>
      <member refid="class_mandatory_1_1_xml_parser_1af05e657b23d9dc96c70fd403005f3dd7" prot="public" virt="non-virtual"><scope>Mandatory::XmlParser</scope><name>GetGameDifficulty</name></member>
      <member refid="class_mandatory_1_1_xml_parser_1aaa236880a77d812cd021c3a5af049892" prot="private" virt="non-virtual"><scope>Mandatory::XmlParser</scope><name>GetSingleNode</name></member>
      <member refid="class_mandatory_1_1_xml_parser_1a58bcac79d3c95167b392dc1a4a33d67a" prot="public" virt="non-virtual"><scope>Mandatory::XmlParser</scope><name>ParseDimensions</name></member>
    </listofallmembers>
  </compounddef>
</doxygen>
