<?xml version='1.0' encoding='UTF-8' standalone='no'?>
<doxygen xmlns:xsi="http://www.w3.org/2001/XMLSchema-instance" xsi:noNamespaceSchemaLocation="compound.xsd" version="1.15.0" xml:lang="en-US">
  <compounddef id="class_mandatory_1_1_basic_factory" kind="class" language="C#" prot="public">
    <compoundname>Mandatory::BasicFactory</compoundname>
    <basecompoundref refid="class_mandatory_1_1_game_object_factory" prot="public" virt="non-virtual">Mandatory.GameObjectFactory</basecompoundref>
    <sectiondef kind="public-func">
      <memberdef kind="function" id="class_mandatory_1_1_basic_factory_1abd0a39e522255e0120c82eaaa3df544e" prot="public" static="no" const="no" explicit="no" inline="yes" virt="non-virtual">
        <type>override <ref refid="interface_mandatory_1_1_i_armor" kindref="compound">IArmor</ref></type>
        <definition>override IArmor Mandatory.BasicFactory.CreateArmor</definition>
        <argsstring>()</argsstring>
        <name>CreateArmor</name>
        <qualifiedname>Mandatory.BasicFactory.CreateArmor</qualifiedname>
        <reimplements refid="interface_mandatory_1_1_i_game_object_factory_1acd29f045c1fdbda4c037744efba0757a">CreateArmor</reimplements>
        <briefdescription>
        </briefdescription>
        <detaileddescription>
        </detaileddescription>
        <inbodydescription>
        </inbodydescription>
        <location file="C:/Users/Mus/Programmering/AdvancedCSharp/Mandatory/BasicFactory.cs" line="4" column="28" bodyfile="C:/Users/Mus/Programmering/AdvancedCSharp/Mandatory/BasicFactory.cs" bodystart="4" bodyend="6"/>
      </memberdef>
      <memberdef kind="function" id="class_mandatory_1_1_basic_factory_1aa8b2fb7344c72c8728924f252ed16a5e" prot="public" static="no" const="no" explicit="no" inline="yes" virt="non-virtual">
        <type>override <ref refid="interface_mandatory_1_1_i_weapon" kindref="compound">IWeapon</ref></type>
        <definition>override IWeapon Mandatory.BasicFactory.CreateWeapon</definition>
        <argsstring>()</argsstring>
        <name>CreateWeapon</name>
        <qualifiedname>Mandatory.BasicFactory.CreateWeapon</qualifiedname>
        <reimplements refid="interface_mandatory_1_1_i_game_object_factory_1a118fb8a56325f9406c9c5757d16f0297">CreateWeapon</reimplements>
        <briefdescription>
        </briefdescription>
        <detaileddescription>
        </detaileddescription>
        <inbodydescription>
        </inbodydescription>
        <location file="C:/Users/Mus/Programmering/AdvancedCSharp/Mandatory/BasicFactory.cs" line="8" column="29" bodyfile="C:/Users/Mus/Programmering/AdvancedCSharp/Mandatory/BasicFactory.cs" bodystart="8" bodyend="10"/>
      </memberdef>
      <memberdef kind="function" id="class_mandatory_1_1_basic_factory_1a40c86ff9e5b90147ea07e5b862972278" prot="public" static="no" const="no" explicit="no" inline="yes" virt="non-virtual">
        <type>override <ref refid="interface_mandatory_1_1_i_creature" kindref="compound">ICreature</ref></type>
        <definition>override ICreature Mandatory.BasicFactory.CreateCreature</definition>
        <argsstring>()</argsstring>
        <name>CreateCreature</name>
        <qualifiedname>Mandatory.BasicFactory.CreateCreature</qualifiedname>
        <reimplements refid="interface_mandatory_1_1_i_game_object_factory_1a12eba48a3b8f01fb46c164293a19de08">CreateCreature</reimplements>
        <briefdescription>
        </briefdescription>
        <detaileddescription>
        </detaileddescription>
        <inbodydescription>
        </inbodydescription>
        <location file="C:/Users/Mus/Programmering/AdvancedCSharp/Mandatory/BasicFactory.cs" line="12" column="31" bodyfile="C:/Users/Mus/Programmering/AdvancedCSharp/Mandatory/BasicFactory.cs" bodystart="12" bodyend="14"/>
      </memberdef>
    </sectiondef>
    <briefdescription>
    </briefdescription>
    <detaileddescription>
    </detaileddescription>
    <inheritancegraph>
      <node id="1">
        <label>Mandatory.BasicFactory</label>
        <link refid="class_mandatory_1_1_basic_factory"/>
        <childnode refid="2" relation="public-inheritance">
        </childnode>
      </node>
      <node id="2">
        <label>Mandatory.GameObjectFactory</label>
        <link refid="class_mandatory_1_1_game_object_factory"/>
        <childnode refid="3" relation="public-inheritance">
        </childnode>
      </node>
      <node id="3">
        <label>Mandatory.IGameObjectFactory</label>
        <link refid="interface_mandatory_1_1_i_game_object_factory"/>
      </node>
    </inheritancegraph>
    <collaborationgraph>
      <node id="1">
        <label>Mandatory.BasicFactory</label>
        <link refid="class_mandatory_1_1_basic_factory"/>
        <childnode refid="2" relation="public-inheritance">
        </childnode>
      </node>
      <node id="2">
        <label>Mandatory.GameObjectFactory</label>
        <link refid="class_mandatory_1_1_game_object_factory"/>
        <childnode refid="3" relation="public-inheritance">
        </childnode>
      </node>
      <node id="3">
        <label>Mandatory.IGameObjectFactory</label>
        <link refid="interface_mandatory_1_1_i_game_object_factory"/>
      </node>
    </collaborationgraph>
    <location file="C:/Users/Mus/Programmering/AdvancedCSharp/Mandatory/BasicFactory.cs" line="3" column="7" bodyfile="C:/Users/Mus/Programmering/AdvancedCSharp/Mandatory/BasicFactory.cs" bodystart="3" bodyend="15"/>
    <listofallmembers>
      <member refid="class_mandatory_1_1_basic_factory_1abd0a39e522255e0120c82eaaa3df544e" prot="public" virt="non-virtual"><scope>Mandatory::BasicFactory</scope><name>CreateArmor</name></member>
      <member refid="class_mandatory_1_1_basic_factory_1a40c86ff9e5b90147ea07e5b862972278" prot="public" virt="non-virtual"><scope>Mandatory::BasicFactory</scope><name>CreateCreature</name></member>
      <member refid="class_mandatory_1_1_basic_factory_1aa8b2fb7344c72c8728924f252ed16a5e" prot="public" virt="non-virtual"><scope>Mandatory::BasicFactory</scope><name>CreateWeapon</name></member>
    </listofallmembers>
  </compounddef>
</doxygen>
