<?xml version='1.0' encoding='UTF-8' standalone='no'?>
<doxygen xmlns:xsi="http://www.w3.org/2001/XMLSchema-instance" xsi:noNamespaceSchemaLocation="compound.xsd" version="1.15.0" xml:lang="en-US">
  <compounddef id="class_mandatory_1_1_weapon_collection" kind="class" language="C#" prot="public">
    <compoundname>Mandatory::WeaponCollection</compoundname>
    <basecompoundref refid="interface_mandatory_1_1_i_weapon" prot="public" virt="non-virtual">Mandatory.IWeapon</basecompoundref>
    <sectiondef kind="private-attrib">
      <memberdef kind="variable" id="class_mandatory_1_1_weapon_collection_1a502b8f979fbfe50984eafd70f2e8794a" prot="private" static="no" mutable="no">
        <type>Dictionary&lt; <ref refid="class_mandatory_1_1_weapon_collection_1aef8cb39262a8ad80eb73429d5794c55b" kindref="member">WeaponSlot</ref>, <ref refid="interface_mandatory_1_1_i_weapon" kindref="compound">IWeapon</ref> &gt;</type>
        <definition>Dictionary&lt;WeaponSlot, IWeapon&gt; Mandatory.WeaponCollection.weapons</definition>
        <argsstring></argsstring>
        <name>weapons</name>
        <qualifiedname>Mandatory.WeaponCollection.weapons</qualifiedname>
        <initializer>= new()</initializer>
        <briefdescription>
        </briefdescription>
        <detaileddescription>
        </detaileddescription>
        <inbodydescription>
        </inbodydescription>
        <location file="C:/Users/Mus/Programmering/AdvancedCSharp/Mandatory/WeaponCollection.cs" line="8" column="24" bodyfile="C:/Users/Mus/Programmering/AdvancedCSharp/Mandatory/WeaponCollection.cs" bodystart="8" bodyend="-1"/>
      </memberdef>
    </sectiondef>
    <sectiondef kind="property">
      <memberdef kind="property" id="class_mandatory_1_1_weapon_collection_1ae2187d15f7ee35bd9cc86a8061fb1c43" prot="public" static="no" readable="no" writable="no" gettable="yes" privategettable="no" protectedgettable="no" settable="yes" privatesettable="no" protectedsettable="no">
        <type>string?</type>
        <definition>string? Mandatory.WeaponCollection.Name</definition>
        <argsstring></argsstring>
        <name>Name</name>
        <qualifiedname>Mandatory.WeaponCollection.Name</qualifiedname>
        <reimplements refid="interface_mandatory_1_1_i_game_object_1a42aa80381992f8d7f3b43ed206876f06">Name</reimplements>
        <initializer>= &quot;Weapon collection&quot;</initializer>
        <briefdescription>
<para>Gets or sets the name of the collection. Default is &quot;Weapon collection&quot;. </para>
        </briefdescription>
        <detaileddescription>
        </detaileddescription>
        <inbodydescription>
        </inbodydescription>
        <location file="C:/Users/Mus/Programmering/AdvancedCSharp/Mandatory/WeaponCollection.cs" line="13" column="19" bodyfile="C:/Users/Mus/Programmering/AdvancedCSharp/Mandatory/WeaponCollection.cs" bodystart="13" bodyend="13"/>
      </memberdef>
      <memberdef kind="property" id="class_mandatory_1_1_weapon_collection_1acbaf1e9a37c9c4ce1b97969e8d51cbaf" prot="public" static="no" readable="no" writable="no" gettable="yes" privategettable="no" protectedgettable="no" settable="yes" privatesettable="no" protectedsettable="no">
        <type>bool</type>
        <definition>bool Mandatory.WeaponCollection.Lootable</definition>
        <argsstring></argsstring>
        <name>Lootable</name>
        <qualifiedname>Mandatory.WeaponCollection.Lootable</qualifiedname>
        <reimplements refid="interface_mandatory_1_1_i_game_object_1a549268d62408a0fa0af6802d81869940">Lootable</reimplements>
        <initializer>= true</initializer>
        <briefdescription>
<para>Gets or sets a value indicating whether the collection can be looted. Default is true. </para>
        </briefdescription>
        <detaileddescription>
        </detaileddescription>
        <inbodydescription>
        </inbodydescription>
        <location file="C:/Users/Mus/Programmering/AdvancedCSharp/Mandatory/WeaponCollection.cs" line="17" column="17" bodyfile="C:/Users/Mus/Programmering/AdvancedCSharp/Mandatory/WeaponCollection.cs" bodystart="17" bodyend="17"/>
      </memberdef>
      <memberdef kind="property" id="class_mandatory_1_1_weapon_collection_1a3f33670440305dfdbcec644cabb335a1" prot="public" static="no" readable="no" writable="no" gettable="yes" privategettable="no" protectedgettable="no" settable="yes" privatesettable="no" protectedsettable="no">
        <type>bool</type>
        <definition>bool Mandatory.WeaponCollection.Removeable</definition>
        <argsstring></argsstring>
        <name>Removeable</name>
        <qualifiedname>Mandatory.WeaponCollection.Removeable</qualifiedname>
        <reimplements refid="interface_mandatory_1_1_i_game_object_1aaf05885daf8cca71768aa10deac2ac54">Removeable</reimplements>
        <initializer>= true</initializer>
        <briefdescription>
<para>Gets or sets a value indicating whether the collection can be removed. Default is true. </para>
        </briefdescription>
        <detaileddescription>
        </detaileddescription>
        <inbodydescription>
        </inbodydescription>
        <location file="C:/Users/Mus/Programmering/AdvancedCSharp/Mandatory/WeaponCollection.cs" line="21" column="17" bodyfile="C:/Users/Mus/Programmering/AdvancedCSharp/Mandatory/WeaponCollection.cs" bodystart="21" bodyend="21"/>
      </memberdef>
      <memberdef kind="property" id="class_mandatory_1_1_weapon_collection_1aef8cb39262a8ad80eb73429d5794c55b" prot="public" static="no" readable="no" writable="no" gettable="yes" privategettable="no" protectedgettable="no" settable="yes" privatesettable="no" protectedsettable="no">
        <type>WeaponSlot</type>
        <definition>WeaponSlot Mandatory.WeaponCollection.WeaponSlot</definition>
        <argsstring></argsstring>
        <name>WeaponSlot</name>
        <qualifiedname>Mandatory.WeaponCollection.WeaponSlot</qualifiedname>
        <reimplements refid="interface_mandatory_1_1_i_weapon_1af4be1545955b7f2017f7d1cd25dec321">WeaponSlot</reimplements>
        <initializer>= WeaponSlot.All</initializer>
        <briefdescription>
<para>Gets or sets the weapon slot designation. For a collection, this is typically set to WeaponSlot.All. </para>
        </briefdescription>
        <detaileddescription>
        </detaileddescription>
        <inbodydescription>
        </inbodydescription>
        <location file="C:/Users/Mus/Programmering/AdvancedCSharp/Mandatory/WeaponCollection.cs" line="25" column="23" bodyfile="C:/Users/Mus/Programmering/AdvancedCSharp/Mandatory/WeaponCollection.cs" bodystart="25" bodyend="25"/>
      </memberdef>
      <memberdef kind="property" id="class_mandatory_1_1_weapon_collection_1a13733a8fe8d0ab4a6374f0cfd831fd8a" prot="public" static="no" readable="no" writable="no" gettable="yes" privategettable="no" protectedgettable="no" settable="yes" privatesettable="no" protectedsettable="no">
        <type>Position</type>
        <definition>Position Mandatory.WeaponCollection.Position</definition>
        <argsstring></argsstring>
        <name>Position</name>
        <qualifiedname>Mandatory.WeaponCollection.Position</qualifiedname>
        <reimplements refid="interface_mandatory_1_1_i_transform_1a045d5ec083352905363be26d5f676b51">Position</reimplements>
        <briefdescription>
<para>Gets or sets the position of the weapon collection in the game world. </para>
        </briefdescription>
        <detaileddescription>
        </detaileddescription>
        <inbodydescription>
        </inbodydescription>
        <location file="C:/Users/Mus/Programmering/AdvancedCSharp/Mandatory/WeaponCollection.cs" line="29" column="21" bodyfile="C:/Users/Mus/Programmering/AdvancedCSharp/Mandatory/WeaponCollection.cs" bodystart="29" bodyend="29"/>
      </memberdef>
    </sectiondef>
    <sectiondef kind="public-func">
      <memberdef kind="function" id="class_mandatory_1_1_weapon_collection_1ac531ed7c22a0aed5061ba435d540105d" prot="public" static="no" const="no" explicit="no" inline="yes" virt="non-virtual">
        <type>void</type>
        <definition>void Mandatory.WeaponCollection.EquipWeapon</definition>
        <argsstring>(IWeapon weapon)</argsstring>
        <name>EquipWeapon</name>
        <qualifiedname>Mandatory.WeaponCollection.EquipWeapon</qualifiedname>
        <param>
          <type><ref refid="interface_mandatory_1_1_i_weapon" kindref="compound">IWeapon</ref></type>
          <declname>weapon</declname>
        </param>
        <briefdescription>
<para>Equips a new <ref refid="interface_mandatory_1_1_i_weapon" kindref="compound">IWeapon</ref> item into the collection, keyed by its slot. </para>
        </briefdescription>
        <detaileddescription>
<para><parameterlist kind="param"><parameteritem>
<parameternamelist>
<parametername>weapon</parametername>
</parameternamelist>
<parameterdescription>
<para>The weapon item to be equipped.</para>
</parameterdescription>
</parameteritem>
</parameterlist>
<parameterlist kind="exception"><parameteritem>
<parameternamelist>
<parametername>InvalidOperationException</parametername>
</parameternamelist>
<parameterdescription>
<para>Thrown if the specific slot the weapon requires is already occupied.</para>
</parameterdescription>
</parameteritem>
</parameterlist>
</para>
        </detaileddescription>
        <inbodydescription>
        </inbodydescription>
        <location file="C:/Users/Mus/Programmering/AdvancedCSharp/Mandatory/WeaponCollection.cs" line="36" column="17" bodyfile="C:/Users/Mus/Programmering/AdvancedCSharp/Mandatory/WeaponCollection.cs" bodystart="36" bodyend="41"/>
      </memberdef>
      <memberdef kind="function" id="class_mandatory_1_1_weapon_collection_1a86fdfc1dc6e61aa7de382606f1acb15f" prot="public" static="no" const="no" explicit="no" inline="yes" virt="non-virtual">
        <type>void</type>
        <definition>void Mandatory.WeaponCollection.UnequipWeapon</definition>
        <argsstring>(WeaponSlot slot)</argsstring>
        <name>UnequipWeapon</name>
        <qualifiedname>Mandatory.WeaponCollection.UnequipWeapon</qualifiedname>
        <param>
          <type><ref refid="class_mandatory_1_1_weapon_collection_1aef8cb39262a8ad80eb73429d5794c55b" kindref="member">WeaponSlot</ref></type>
          <declname>slot</declname>
        </param>
        <briefdescription>
<para>Removes an <ref refid="interface_mandatory_1_1_i_weapon" kindref="compound">IWeapon</ref> item from the collection based on its slot type. </para>
        </briefdescription>
        <detaileddescription>
<para><parameterlist kind="param"><parameteritem>
<parameternamelist>
<parametername>slot</parametername>
</parameternamelist>
<parameterdescription>
<para>The slot type of the weapon to unequip.</para>
</parameterdescription>
</parameteritem>
</parameterlist>
</para>
        </detaileddescription>
        <inbodydescription>
        </inbodydescription>
        <location file="C:/Users/Mus/Programmering/AdvancedCSharp/Mandatory/WeaponCollection.cs" line="47" column="17" bodyfile="C:/Users/Mus/Programmering/AdvancedCSharp/Mandatory/WeaponCollection.cs" bodystart="47" bodyend="51"/>
      </memberdef>
      <memberdef kind="function" id="class_mandatory_1_1_weapon_collection_1abdc1f4931ab0515c35e77e58b7ac57c1" prot="public" static="no" const="no" explicit="no" inline="yes" virt="non-virtual">
        <type>int</type>
        <definition>int Mandatory.WeaponCollection.GetTotalAttackDamage</definition>
        <argsstring>()</argsstring>
        <name>GetTotalAttackDamage</name>
        <qualifiedname>Mandatory.WeaponCollection.GetTotalAttackDamage</qualifiedname>
        <reimplements refid="interface_mandatory_1_1_i_weapon_1ab76bf9b7f4beb27249b4108560655735">GetTotalAttackDamage</reimplements>
        <briefdescription>
<para>Calculates the total combined attack damage value by summing the damage of all equipped weapons. </para>
        </briefdescription>
        <detaileddescription>
<para><simplesect kind="return"><para>The sum of all <computeroutput><ref refid="class_mandatory_1_1_weapon_collection_1abdc1f4931ab0515c35e77e58b7ac57c1" kindref="member">GetTotalAttackDamage()</ref></computeroutput> calls on the child weapon items.</para>
</simplesect>
</para>
        </detaileddescription>
        <inbodydescription>
        </inbodydescription>
        <location file="C:/Users/Mus/Programmering/AdvancedCSharp/Mandatory/WeaponCollection.cs" line="57" column="16" bodyfile="C:/Users/Mus/Programmering/AdvancedCSharp/Mandatory/WeaponCollection.cs" bodystart="57" bodyend="64"/>
      </memberdef>
      <memberdef kind="function" id="class_mandatory_1_1_weapon_collection_1a0bfd950c53b66e00f82b0b2bccee9d61" prot="public" static="no" const="no" explicit="no" inline="yes" virt="non-virtual">
        <type>void</type>
        <definition>void Mandatory.WeaponCollection.Dispose</definition>
        <argsstring>()</argsstring>
        <name>Dispose</name>
        <qualifiedname>Mandatory.WeaponCollection.Dispose</qualifiedname>
        <briefdescription>
<para>Performs application-defined tasks associated with freeing, releasing, or resetting resources. This implementation disposes of all contained weapon items before clearing the collection. </para>
        </briefdescription>
        <detaileddescription>
        </detaileddescription>
        <inbodydescription>
        </inbodydescription>
        <location file="C:/Users/Mus/Programmering/AdvancedCSharp/Mandatory/WeaponCollection.cs" line="70" column="17" bodyfile="C:/Users/Mus/Programmering/AdvancedCSharp/Mandatory/WeaponCollection.cs" bodystart="70" bodyend="76"/>
      </memberdef>
    </sectiondef>
    <briefdescription>
<para>Represents a composite structure for managing multiple weapon items, treating them as a single <ref refid="interface_mandatory_1_1_i_weapon" kindref="compound">IWeapon</ref> component. This class aggregates the attack damage of all equipped weapons. </para>
    </briefdescription>
    <detaileddescription>
    </detaileddescription>
    <inheritancegraph>
      <node id="5">
        <label>IDisposable</label>
      </node>
      <node id="1">
        <label>Mandatory.WeaponCollection</label>
        <link refid="class_mandatory_1_1_weapon_collection"/>
        <childnode refid="2" relation="public-inheritance">
        </childnode>
      </node>
      <node id="4">
        <label>Mandatory.IGameObject</label>
        <link refid="interface_mandatory_1_1_i_game_object"/>
        <childnode refid="5" relation="public-inheritance">
        </childnode>
      </node>
      <node id="6">
        <label>Mandatory.ITransform</label>
        <link refid="interface_mandatory_1_1_i_transform"/>
      </node>
      <node id="2">
        <label>Mandatory.IWeapon</label>
        <link refid="interface_mandatory_1_1_i_weapon"/>
        <childnode refid="3" relation="public-inheritance">
        </childnode>
      </node>
      <node id="3">
        <label>Mandatory.IWorldObject</label>
        <link refid="interface_mandatory_1_1_i_world_object"/>
        <childnode refid="4" relation="public-inheritance">
        </childnode>
        <childnode refid="6" relation="public-inheritance">
        </childnode>
      </node>
    </inheritancegraph>
    <collaborationgraph>
      <node id="5">
        <label>IDisposable</label>
      </node>
      <node id="1">
        <label>Mandatory.WeaponCollection</label>
        <link refid="class_mandatory_1_1_weapon_collection"/>
        <childnode refid="2" relation="public-inheritance">
        </childnode>
      </node>
      <node id="4">
        <label>Mandatory.IGameObject</label>
        <link refid="interface_mandatory_1_1_i_game_object"/>
        <childnode refid="5" relation="public-inheritance">
        </childnode>
      </node>
      <node id="6">
        <label>Mandatory.ITransform</label>
        <link refid="interface_mandatory_1_1_i_transform"/>
      </node>
      <node id="2">
        <label>Mandatory.IWeapon</label>
        <link refid="interface_mandatory_1_1_i_weapon"/>
        <childnode refid="3" relation="public-inheritance">
        </childnode>
      </node>
      <node id="3">
        <label>Mandatory.IWorldObject</label>
        <link refid="interface_mandatory_1_1_i_world_object"/>
        <childnode refid="4" relation="public-inheritance">
        </childnode>
        <childnode refid="6" relation="public-inheritance">
        </childnode>
      </node>
    </collaborationgraph>
    <location file="C:/Users/Mus/Programmering/AdvancedCSharp/Mandatory/WeaponCollection.cs" line="7" column="7" bodyfile="C:/Users/Mus/Programmering/AdvancedCSharp/Mandatory/WeaponCollection.cs" bodystart="7" bodyend="77"/>
    <listofallmembers>
      <member refid="class_mandatory_1_1_weapon_collection_1a0bfd950c53b66e00f82b0b2bccee9d61" prot="public" virt="non-virtual"><scope>Mandatory::WeaponCollection</scope><name>Dispose</name></member>
      <member refid="class_mandatory_1_1_weapon_collection_1ac531ed7c22a0aed5061ba435d540105d" prot="public" virt="non-virtual"><scope>Mandatory::WeaponCollection</scope><name>EquipWeapon</name></member>
      <member refid="class_mandatory_1_1_weapon_collection_1abdc1f4931ab0515c35e77e58b7ac57c1" prot="public" virt="non-virtual"><scope>Mandatory::WeaponCollection</scope><name>GetTotalAttackDamage</name></member>
      <member refid="class_mandatory_1_1_weapon_collection_1acbaf1e9a37c9c4ce1b97969e8d51cbaf" prot="public" virt="non-virtual"><scope>Mandatory::WeaponCollection</scope><name>Lootable</name></member>
      <member refid="class_mandatory_1_1_weapon_collection_1ae2187d15f7ee35bd9cc86a8061fb1c43" prot="public" virt="non-virtual"><scope>Mandatory::WeaponCollection</scope><name>Name</name></member>
      <member refid="class_mandatory_1_1_weapon_collection_1a13733a8fe8d0ab4a6374f0cfd831fd8a" prot="public" virt="non-virtual"><scope>Mandatory::WeaponCollection</scope><name>Position</name></member>
      <member refid="class_mandatory_1_1_weapon_collection_1a3f33670440305dfdbcec644cabb335a1" prot="public" virt="non-virtual"><scope>Mandatory::WeaponCollection</scope><name>Removeable</name></member>
      <member refid="class_mandatory_1_1_weapon_collection_1a86fdfc1dc6e61aa7de382606f1acb15f" prot="public" virt="non-virtual"><scope>Mandatory::WeaponCollection</scope><name>UnequipWeapon</name></member>
      <member refid="class_mandatory_1_1_weapon_collection_1a502b8f979fbfe50984eafd70f2e8794a" prot="private" virt="non-virtual"><scope>Mandatory::WeaponCollection</scope><name>weapons</name></member>
      <member refid="class_mandatory_1_1_weapon_collection_1aef8cb39262a8ad80eb73429d5794c55b" prot="public" virt="non-virtual"><scope>Mandatory::WeaponCollection</scope><name>WeaponSlot</name></member>
    </listofallmembers>
  </compounddef>
</doxygen>
