<?xml version='1.0' encoding='UTF-8' standalone='no'?>
<doxygen xmlns:xsi="http://www.w3.org/2001/XMLSchema-instance" xsi:noNamespaceSchemaLocation="compound.xsd" version="1.15.0" xml:lang="en-US">
  <compounddef id="class_mandatory_1_1_offence_item_decorator" kind="class" language="C#" prot="public" abstract="yes">
    <compoundname>Mandatory::OffenceItemDecorator</compoundname>
    <basecompoundref refid="interface_mandatory_1_1_i_weapon" prot="public" virt="non-virtual">Mandatory.IWeapon</basecompoundref>
    <sectiondef kind="protected-attrib">
      <memberdef kind="variable" id="class_mandatory_1_1_offence_item_decorator_1a67658ab97c0c95cc076e0c3520a3544e" prot="protected" static="no" mutable="no">
        <type>readonly <ref refid="interface_mandatory_1_1_i_weapon" kindref="compound">IWeapon</ref></type>
        <definition>readonly IWeapon Mandatory.OffenceItemDecorator.wrappedWeapon</definition>
        <argsstring></argsstring>
        <name>wrappedWeapon</name>
        <qualifiedname>Mandatory.OffenceItemDecorator.wrappedWeapon</qualifiedname>
        <briefdescription>
<para>The reference to the core weapon component being wrapped and decorated. </para>
        </briefdescription>
        <detaileddescription>
        </detaileddescription>
        <inbodydescription>
        </inbodydescription>
        <location file="C:/Users/Mus/Programmering/AdvancedCSharp/Mandatory/OffenceItemDecorator.cs" line="12" column="32" bodyfile="C:/Users/Mus/Programmering/AdvancedCSharp/Mandatory/OffenceItemDecorator.cs" bodystart="12" bodyend="-1"/>
      </memberdef>
    </sectiondef>
    <sectiondef kind="property">
      <memberdef kind="property" id="class_mandatory_1_1_offence_item_decorator_1a0fdbeaf937645f34b1d2b88dc223724b" prot="public" static="no" readable="no" writable="no" gettable="yes" privategettable="no" protectedgettable="no" settable="yes" privatesettable="no" protectedsettable="no">
        <type>WeaponSlot</type>
        <definition>WeaponSlot Mandatory.OffenceItemDecorator.WeaponSlot</definition>
        <argsstring></argsstring>
        <name>WeaponSlot</name>
        <qualifiedname>Mandatory.OffenceItemDecorator.WeaponSlot</qualifiedname>
        <reimplements refid="interface_mandatory_1_1_i_weapon_1af4be1545955b7f2017f7d1cd25dec321">WeaponSlot</reimplements>
        <briefdescription>
<para>Gets or sets the slot type this weapon occupies. Access is delegated to the wrapped item. </para>
        </briefdescription>
        <detaileddescription>
        </detaileddescription>
        <inbodydescription>
        </inbodydescription>
        <location file="C:/Users/Mus/Programmering/AdvancedCSharp/Mandatory/OffenceItemDecorator.cs" line="17" column="23" bodyfile="C:/Users/Mus/Programmering/AdvancedCSharp/Mandatory/OffenceItemDecorator.cs" bodystart="17" bodyend="17"/>
      </memberdef>
      <memberdef kind="property" id="class_mandatory_1_1_offence_item_decorator_1a03c4c1bc506f391ab3e7879a8edfea6f" prot="public" static="no" readable="no" writable="no" gettable="yes" privategettable="no" protectedgettable="no" settable="yes" privatesettable="no" protectedsettable="no">
        <type>string?</type>
        <definition>string? Mandatory.OffenceItemDecorator.Name</definition>
        <argsstring></argsstring>
        <name>Name</name>
        <qualifiedname>Mandatory.OffenceItemDecorator.Name</qualifiedname>
        <reimplements refid="interface_mandatory_1_1_i_game_object_1a42aa80381992f8d7f3b43ed206876f06">Name</reimplements>
        <briefdescription>
<para>Gets or sets the name of the decorated item. Access is delegated to the wrapped item. </para>
        </briefdescription>
        <detaileddescription>
        </detaileddescription>
        <inbodydescription>
        </inbodydescription>
        <location file="C:/Users/Mus/Programmering/AdvancedCSharp/Mandatory/OffenceItemDecorator.cs" line="21" column="19" bodyfile="C:/Users/Mus/Programmering/AdvancedCSharp/Mandatory/OffenceItemDecorator.cs" bodystart="21" bodyend="21"/>
      </memberdef>
      <memberdef kind="property" id="class_mandatory_1_1_offence_item_decorator_1a7210538a78ff5692db508610db1c1eb7" prot="public" static="no" readable="no" writable="no" gettable="yes" privategettable="no" protectedgettable="no" settable="yes" privatesettable="no" protectedsettable="no">
        <type>bool</type>
        <definition>bool Mandatory.OffenceItemDecorator.Lootable</definition>
        <argsstring></argsstring>
        <name>Lootable</name>
        <qualifiedname>Mandatory.OffenceItemDecorator.Lootable</qualifiedname>
        <reimplements refid="interface_mandatory_1_1_i_game_object_1a549268d62408a0fa0af6802d81869940">Lootable</reimplements>
        <briefdescription>
<para>Gets or sets a value indicating whether the decorated item can be looted. Access is delegated to the wrapped item. </para>
        </briefdescription>
        <detaileddescription>
        </detaileddescription>
        <inbodydescription>
        </inbodydescription>
        <location file="C:/Users/Mus/Programmering/AdvancedCSharp/Mandatory/OffenceItemDecorator.cs" line="25" column="17" bodyfile="C:/Users/Mus/Programmering/AdvancedCSharp/Mandatory/OffenceItemDecorator.cs" bodystart="25" bodyend="25"/>
      </memberdef>
      <memberdef kind="property" id="class_mandatory_1_1_offence_item_decorator_1ac461bb26074ab2ce0cfb88eb9e782ac0" prot="public" static="no" readable="no" writable="no" gettable="yes" privategettable="no" protectedgettable="no" settable="yes" privatesettable="no" protectedsettable="no">
        <type>bool</type>
        <definition>bool Mandatory.OffenceItemDecorator.Removeable</definition>
        <argsstring></argsstring>
        <name>Removeable</name>
        <qualifiedname>Mandatory.OffenceItemDecorator.Removeable</qualifiedname>
        <reimplements refid="interface_mandatory_1_1_i_game_object_1aaf05885daf8cca71768aa10deac2ac54">Removeable</reimplements>
        <briefdescription>
<para>Gets or sets a value indicating whether the decorated item can be removed. Access is delegated to the wrapped item. </para>
        </briefdescription>
        <detaileddescription>
        </detaileddescription>
        <inbodydescription>
        </inbodydescription>
        <location file="C:/Users/Mus/Programmering/AdvancedCSharp/Mandatory/OffenceItemDecorator.cs" line="29" column="17" bodyfile="C:/Users/Mus/Programmering/AdvancedCSharp/Mandatory/OffenceItemDecorator.cs" bodystart="29" bodyend="29"/>
      </memberdef>
      <memberdef kind="property" id="class_mandatory_1_1_offence_item_decorator_1a8491b5d7f61314894a6155839d4c661e" prot="public" static="no" readable="no" writable="no" gettable="yes" privategettable="no" protectedgettable="no" settable="yes" privatesettable="no" protectedsettable="no">
        <type>Position</type>
        <definition>Position Mandatory.OffenceItemDecorator.Position</definition>
        <argsstring></argsstring>
        <name>Position</name>
        <qualifiedname>Mandatory.OffenceItemDecorator.Position</qualifiedname>
        <reimplements refid="interface_mandatory_1_1_i_transform_1a045d5ec083352905363be26d5f676b51">Position</reimplements>
        <briefdescription>
<para>Gets or sets the position of the decorated item in the game world. Access is delegated to the wrapped item. </para>
        </briefdescription>
        <detaileddescription>
        </detaileddescription>
        <inbodydescription>
        </inbodydescription>
        <location file="C:/Users/Mus/Programmering/AdvancedCSharp/Mandatory/OffenceItemDecorator.cs" line="33" column="21" bodyfile="C:/Users/Mus/Programmering/AdvancedCSharp/Mandatory/OffenceItemDecorator.cs" bodystart="33" bodyend="33"/>
      </memberdef>
    </sectiondef>
    <sectiondef kind="public-func">
      <memberdef kind="function" id="class_mandatory_1_1_offence_item_decorator_1aae7e3ef2c2aaef9d4f9526d98b456eb2" prot="public" static="no" const="no" explicit="no" inline="yes" virt="non-virtual">
        <type></type>
        <definition>Mandatory.OffenceItemDecorator.OffenceItemDecorator</definition>
        <argsstring>(IWeapon wrappedWeapon)</argsstring>
        <name>OffenceItemDecorator</name>
        <qualifiedname>Mandatory.OffenceItemDecorator.OffenceItemDecorator</qualifiedname>
        <param>
          <type><ref refid="interface_mandatory_1_1_i_weapon" kindref="compound">IWeapon</ref></type>
          <declname>wrappedWeapon</declname>
        </param>
        <briefdescription>
<para>Initializes a new instance of the <ref refid="class_mandatory_1_1_offence_item_decorator" kindref="compound">OffenceItemDecorator</ref> class. </para>
        </briefdescription>
        <detaileddescription>
<para><parameterlist kind="param"><parameteritem>
<parameternamelist>
<parametername>wrappedWeapon</parametername>
</parameternamelist>
<parameterdescription>
<para>The weapon component to be decorated.</para>
</parameterdescription>
</parameteritem>
</parameterlist>
</para>
        </detaileddescription>
        <inbodydescription>
        </inbodydescription>
        <location file="C:/Users/Mus/Programmering/AdvancedCSharp/Mandatory/OffenceItemDecorator.cs" line="39" column="12" bodyfile="C:/Users/Mus/Programmering/AdvancedCSharp/Mandatory/OffenceItemDecorator.cs" bodystart="39" bodyend="41"/>
      </memberdef>
      <memberdef kind="function" id="class_mandatory_1_1_offence_item_decorator_1a16651063ce4836639355103a9e1b375a" prot="public" static="no" const="no" explicit="no" inline="yes" virt="non-virtual">
        <type>void</type>
        <definition>void Mandatory.OffenceItemDecorator.Dispose</definition>
        <argsstring>()</argsstring>
        <name>Dispose</name>
        <qualifiedname>Mandatory.OffenceItemDecorator.Dispose</qualifiedname>
        <briefdescription>
<para>Implements the IDisposable contract. NOTE: For full cleanup, this should also call <computeroutput>wrappedWeapon.Dispose()</computeroutput> if the decorator is responsible for the wrapped item&apos;s lifetime. </para>
        </briefdescription>
        <detaileddescription>
        </detaileddescription>
        <inbodydescription>
        </inbodydescription>
        <location file="C:/Users/Mus/Programmering/AdvancedCSharp/Mandatory/OffenceItemDecorator.cs" line="48" column="17" bodyfile="C:/Users/Mus/Programmering/AdvancedCSharp/Mandatory/OffenceItemDecorator.cs" bodystart="48" bodyend="50"/>
      </memberdef>
      <memberdef kind="function" id="class_mandatory_1_1_offence_item_decorator_1a775b50ca6a583484676d9452c1a94b1c" prot="public" static="no" const="no" explicit="no" inline="yes" virt="non-virtual">
        <type>int</type>
        <definition>int Mandatory.OffenceItemDecorator.GetTotalAttackDamage</definition>
        <argsstring>()</argsstring>
        <name>GetTotalAttackDamage</name>
        <qualifiedname>Mandatory.OffenceItemDecorator.GetTotalAttackDamage</qualifiedname>
        <reimplements refid="interface_mandatory_1_1_i_weapon_1ab76bf9b7f4beb27249b4108560655735">GetTotalAttackDamage</reimplements>
        <briefdescription>
<para>Gets the total attack damage value. By default, this delegates the call to the wrapped item. Concrete subclasses must override this method to add their unique damage bonus or effects. </para>
        </briefdescription>
        <detaileddescription>
<para><simplesect kind="return"><para>The total attack damage from the wrapped weapon.</para>
</simplesect>
</para>
        </detaileddescription>
        <inbodydescription>
        </inbodydescription>
        <location file="C:/Users/Mus/Programmering/AdvancedCSharp/Mandatory/OffenceItemDecorator.cs" line="57" column="16" bodyfile="C:/Users/Mus/Programmering/AdvancedCSharp/Mandatory/OffenceItemDecorator.cs" bodystart="57" bodyend="59"/>
      </memberdef>
    </sectiondef>
    <briefdescription>
<para>Represents the abstract base class for all decorators that add functionality or modifiers to an <ref refid="interface_mandatory_1_1_i_weapon" kindref="compound">IWeapon</ref> item. It implements the <ref refid="interface_mandatory_1_1_i_weapon" kindref="compound">IWeapon</ref> interface and uses property delegation to ensure it always reflects the current state of the wrapped weapon. </para>
    </briefdescription>
    <detaileddescription>
    </detaileddescription>
    <inheritancegraph>
      <node id="5">
        <label>IDisposable</label>
      </node>
      <node id="1">
        <label>Mandatory.OffenceItemDecorator</label>
        <link refid="class_mandatory_1_1_offence_item_decorator"/>
        <childnode refid="2" relation="public-inheritance">
        </childnode>
      </node>
      <node id="4">
        <label>Mandatory.IGameObject</label>
        <link refid="interface_mandatory_1_1_i_game_object"/>
        <childnode refid="5" relation="public-inheritance">
        </childnode>
      </node>
      <node id="6">
        <label>Mandatory.ITransform</label>
        <link refid="interface_mandatory_1_1_i_transform"/>
      </node>
      <node id="2">
        <label>Mandatory.IWeapon</label>
        <link refid="interface_mandatory_1_1_i_weapon"/>
        <childnode refid="3" relation="public-inheritance">
        </childnode>
      </node>
      <node id="3">
        <label>Mandatory.IWorldObject</label>
        <link refid="interface_mandatory_1_1_i_world_object"/>
        <childnode refid="4" relation="public-inheritance">
        </childnode>
        <childnode refid="6" relation="public-inheritance">
        </childnode>
      </node>
    </inheritancegraph>
    <collaborationgraph>
      <node id="5">
        <label>IDisposable</label>
      </node>
      <node id="1">
        <label>Mandatory.OffenceItemDecorator</label>
        <link refid="class_mandatory_1_1_offence_item_decorator"/>
        <childnode refid="2" relation="public-inheritance">
        </childnode>
        <childnode refid="2" relation="usage">
          <edgelabel>wrappedWeapon</edgelabel>
        </childnode>
      </node>
      <node id="4">
        <label>Mandatory.IGameObject</label>
        <link refid="interface_mandatory_1_1_i_game_object"/>
        <childnode refid="5" relation="public-inheritance">
        </childnode>
      </node>
      <node id="6">
        <label>Mandatory.ITransform</label>
        <link refid="interface_mandatory_1_1_i_transform"/>
      </node>
      <node id="2">
        <label>Mandatory.IWeapon</label>
        <link refid="interface_mandatory_1_1_i_weapon"/>
        <childnode refid="3" relation="public-inheritance">
        </childnode>
      </node>
      <node id="3">
        <label>Mandatory.IWorldObject</label>
        <link refid="interface_mandatory_1_1_i_world_object"/>
        <childnode refid="4" relation="public-inheritance">
        </childnode>
        <childnode refid="6" relation="public-inheritance">
        </childnode>
      </node>
    </collaborationgraph>
    <location file="C:/Users/Mus/Programmering/AdvancedCSharp/Mandatory/OffenceItemDecorator.cs" line="8" column="17" bodyfile="C:/Users/Mus/Programmering/AdvancedCSharp/Mandatory/OffenceItemDecorator.cs" bodystart="8" bodyend="60"/>
    <listofallmembers>
      <member refid="class_mandatory_1_1_offence_item_decorator_1a16651063ce4836639355103a9e1b375a" prot="public" virt="non-virtual"><scope>Mandatory::OffenceItemDecorator</scope><name>Dispose</name></member>
      <member refid="class_mandatory_1_1_offence_item_decorator_1a775b50ca6a583484676d9452c1a94b1c" prot="public" virt="non-virtual"><scope>Mandatory::OffenceItemDecorator</scope><name>GetTotalAttackDamage</name></member>
      <member refid="class_mandatory_1_1_offence_item_decorator_1a7210538a78ff5692db508610db1c1eb7" prot="public" virt="non-virtual"><scope>Mandatory::OffenceItemDecorator</scope><name>Lootable</name></member>
      <member refid="class_mandatory_1_1_offence_item_decorator_1a03c4c1bc506f391ab3e7879a8edfea6f" prot="public" virt="non-virtual"><scope>Mandatory::OffenceItemDecorator</scope><name>Name</name></member>
      <member refid="class_mandatory_1_1_offence_item_decorator_1aae7e3ef2c2aaef9d4f9526d98b456eb2" prot="public" virt="non-virtual"><scope>Mandatory::OffenceItemDecorator</scope><name>OffenceItemDecorator</name></member>
      <member refid="class_mandatory_1_1_offence_item_decorator_1a8491b5d7f61314894a6155839d4c661e" prot="public" virt="non-virtual"><scope>Mandatory::OffenceItemDecorator</scope><name>Position</name></member>
      <member refid="class_mandatory_1_1_offence_item_decorator_1ac461bb26074ab2ce0cfb88eb9e782ac0" prot="public" virt="non-virtual"><scope>Mandatory::OffenceItemDecorator</scope><name>Removeable</name></member>
      <member refid="class_mandatory_1_1_offence_item_decorator_1a0fdbeaf937645f34b1d2b88dc223724b" prot="public" virt="non-virtual"><scope>Mandatory::OffenceItemDecorator</scope><name>WeaponSlot</name></member>
      <member refid="class_mandatory_1_1_offence_item_decorator_1a67658ab97c0c95cc076e0c3520a3544e" prot="protected" virt="non-virtual"><scope>Mandatory::OffenceItemDecorator</scope><name>wrappedWeapon</name></member>
    </listofallmembers>
  </compounddef>
</doxygen>
