<?xml version='1.0' encoding='UTF-8' standalone='no'?>
<doxygen xmlns:xsi="http://www.w3.org/2001/XMLSchema-instance" xsi:noNamespaceSchemaLocation="compound.xsd" version="1.15.0" xml:lang="en-US">
  <compounddef id="class_mandatory_1_1_offense_decreaser_decorator" kind="class" language="C#" prot="public">
    <compoundname>Mandatory::OffenseDecreaserDecorator</compoundname>
    <basecompoundref refid="class_mandatory_1_1_offence_item_decorator" prot="public" virt="non-virtual">Mandatory.OffenceItemDecorator</basecompoundref>
    <sectiondef kind="private-attrib">
      <memberdef kind="variable" id="class_mandatory_1_1_offense_decreaser_decorator_1a47245199e7ff1bcadb89f92039261ff8" prot="private" static="no" mutable="no">
        <type>int</type>
        <definition>int Mandatory.OffenseDecreaserDecorator.decreaseAmount</definition>
        <argsstring></argsstring>
        <name>decreaseAmount</name>
        <qualifiedname>Mandatory.OffenseDecreaserDecorator.decreaseAmount</qualifiedname>
        <briefdescription>
        </briefdescription>
        <detaileddescription>
        </detaileddescription>
        <inbodydescription>
        </inbodydescription>
        <location file="C:/Users/Mus/Programmering/AdvancedCSharp/Mandatory/Decorators/OffenseDecreaserDecorator.cs" line="4" column="17" bodyfile="C:/Users/Mus/Programmering/AdvancedCSharp/Mandatory/Decorators/OffenseDecreaserDecorator.cs" bodystart="4" bodyend="-1"/>
      </memberdef>
    </sectiondef>
    <sectiondef kind="public-func">
      <memberdef kind="function" id="class_mandatory_1_1_offense_decreaser_decorator_1acd5c5218fec2ac3767f8ff26e91ccf2a" prot="public" static="no" const="no" explicit="no" inline="yes" virt="non-virtual">
        <type></type>
        <definition>Mandatory.OffenseDecreaserDecorator.OffenseDecreaserDecorator</definition>
        <argsstring>(IWeapon wrappedWeapon, int decreaseAmount)</argsstring>
        <name>OffenseDecreaserDecorator</name>
        <qualifiedname>Mandatory.OffenseDecreaserDecorator.OffenseDecreaserDecorator</qualifiedname>
        <param>
          <type><ref refid="interface_mandatory_1_1_i_weapon" kindref="compound">IWeapon</ref></type>
          <declname>wrappedWeapon</declname>
        </param>
        <param>
          <type>int</type>
          <declname>decreaseAmount</declname>
        </param>
        <briefdescription>
        </briefdescription>
        <detaileddescription>
        </detaileddescription>
        <inbodydescription>
        </inbodydescription>
        <location file="C:/Users/Mus/Programmering/AdvancedCSharp/Mandatory/Decorators/OffenseDecreaserDecorator.cs" line="6" column="12" bodyfile="C:/Users/Mus/Programmering/AdvancedCSharp/Mandatory/Decorators/OffenseDecreaserDecorator.cs" bodystart="6" bodyend="8"/>
      </memberdef>
      <memberdef kind="function" id="class_mandatory_1_1_offense_decreaser_decorator_1a21f197ae257e782cec1fa625217e104e" prot="public" static="no" const="no" explicit="no" inline="yes" virt="non-virtual">
        <type>override int</type>
        <definition>override int Mandatory.OffenseDecreaserDecorator.GetTotalAttackDamage</definition>
        <argsstring>()</argsstring>
        <name>GetTotalAttackDamage</name>
        <qualifiedname>Mandatory.OffenseDecreaserDecorator.GetTotalAttackDamage</qualifiedname>
        <reimplements refid="interface_mandatory_1_1_i_weapon_1ab76bf9b7f4beb27249b4108560655735">GetTotalAttackDamage</reimplements>
        <briefdescription>
        </briefdescription>
        <detaileddescription>
        </detaileddescription>
        <inbodydescription>
        </inbodydescription>
        <location file="C:/Users/Mus/Programmering/AdvancedCSharp/Mandatory/Decorators/OffenseDecreaserDecorator.cs" line="10" column="25" bodyfile="C:/Users/Mus/Programmering/AdvancedCSharp/Mandatory/Decorators/OffenseDecreaserDecorator.cs" bodystart="10" bodyend="14"/>
      </memberdef>
    </sectiondef>
    <briefdescription>
    </briefdescription>
    <detaileddescription>
    </detaileddescription>
    <inheritancegraph>
      <node id="7">
        <label>IDisposable</label>
      </node>
      <node id="1">
        <label>Mandatory.OffenseDecreaserDecorator</label>
        <link refid="class_mandatory_1_1_offense_decreaser_decorator"/>
        <childnode refid="2" relation="public-inheritance">
        </childnode>
      </node>
      <node id="3">
        <label>Mandatory.AttackItem</label>
        <link refid="class_mandatory_1_1_attack_item"/>
        <childnode refid="4" relation="public-inheritance">
        </childnode>
      </node>
      <node id="6">
        <label>Mandatory.IGameObject</label>
        <link refid="interface_mandatory_1_1_i_game_object"/>
        <childnode refid="7" relation="public-inheritance">
        </childnode>
      </node>
      <node id="8">
        <label>Mandatory.ITransform</label>
        <link refid="interface_mandatory_1_1_i_transform"/>
      </node>
      <node id="4">
        <label>Mandatory.IWeapon</label>
        <link refid="interface_mandatory_1_1_i_weapon"/>
        <childnode refid="5" relation="public-inheritance">
        </childnode>
      </node>
      <node id="5">
        <label>Mandatory.IWorldObject</label>
        <link refid="interface_mandatory_1_1_i_world_object"/>
        <childnode refid="6" relation="public-inheritance">
        </childnode>
        <childnode refid="8" relation="public-inheritance">
        </childnode>
      </node>
      <node id="2">
        <label>Mandatory.OffenceItemDecorator</label>
        <link refid="class_mandatory_1_1_offence_item_decorator"/>
        <childnode refid="3" relation="public-inheritance">
        </childnode>
      </node>
    </inheritancegraph>
    <collaborationgraph>
      <node id="7">
        <label>IDisposable</label>
      </node>
      <node id="1">
        <label>Mandatory.OffenseDecreaserDecorator</label>
        <link refid="class_mandatory_1_1_offense_decreaser_decorator"/>
        <childnode refid="2" relation="public-inheritance">
        </childnode>
      </node>
      <node id="3">
        <label>Mandatory.AttackItem</label>
        <link refid="class_mandatory_1_1_attack_item"/>
        <childnode refid="4" relation="public-inheritance">
        </childnode>
      </node>
      <node id="6">
        <label>Mandatory.IGameObject</label>
        <link refid="interface_mandatory_1_1_i_game_object"/>
        <childnode refid="7" relation="public-inheritance">
        </childnode>
      </node>
      <node id="8">
        <label>Mandatory.ITransform</label>
        <link refid="interface_mandatory_1_1_i_transform"/>
      </node>
      <node id="4">
        <label>Mandatory.IWeapon</label>
        <link refid="interface_mandatory_1_1_i_weapon"/>
        <childnode refid="5" relation="public-inheritance">
        </childnode>
      </node>
      <node id="5">
        <label>Mandatory.IWorldObject</label>
        <link refid="interface_mandatory_1_1_i_world_object"/>
        <childnode refid="6" relation="public-inheritance">
        </childnode>
        <childnode refid="8" relation="public-inheritance">
        </childnode>
      </node>
      <node id="2">
        <label>Mandatory.OffenceItemDecorator</label>
        <link refid="class_mandatory_1_1_offence_item_decorator"/>
        <childnode refid="3" relation="public-inheritance">
        </childnode>
        <childnode refid="4" relation="usage">
          <edgelabel>wrappedWeapon</edgelabel>
        </childnode>
      </node>
    </collaborationgraph>
    <location file="C:/Users/Mus/Programmering/AdvancedCSharp/Mandatory/Decorators/OffenseDecreaserDecorator.cs" line="3" column="7" bodyfile="C:/Users/Mus/Programmering/AdvancedCSharp/Mandatory/Decorators/OffenseDecreaserDecorator.cs" bodystart="3" bodyend="15"/>
    <listofallmembers>
      <member refid="class_mandatory_1_1_offense_decreaser_decorator_1a47245199e7ff1bcadb89f92039261ff8" prot="private" virt="non-virtual"><scope>Mandatory::OffenseDecreaserDecorator</scope><name>decreaseAmount</name></member>
      <member refid="class_mandatory_1_1_offence_item_decorator_1ac54ac5bbdd59381d0414c6e6f2835054" prot="public" virt="non-virtual"><scope>Mandatory::OffenseDecreaserDecorator</scope><name>Dispose</name></member>
      <member refid="class_mandatory_1_1_offense_decreaser_decorator_1a21f197ae257e782cec1fa625217e104e" prot="public" virt="non-virtual"><scope>Mandatory::OffenseDecreaserDecorator</scope><name>GetTotalAttackDamage</name></member>
      <member refid="class_mandatory_1_1_attack_item_1a7b81d74871eebfee2430b7ab185ddb60" prot="public" virt="non-virtual"><scope>Mandatory::OffenseDecreaserDecorator</scope><name>Lootable</name></member>
      <member refid="class_mandatory_1_1_attack_item_1a5ab8357e1e3bfcb4a6fea5c7f736b958" prot="public" virt="non-virtual"><scope>Mandatory::OffenseDecreaserDecorator</scope><name>Name</name></member>
      <member refid="class_mandatory_1_1_offence_item_decorator_1aae7e3ef2c2aaef9d4f9526d98b456eb2" prot="public" virt="non-virtual"><scope>Mandatory::OffenseDecreaserDecorator</scope><name>OffenceItemDecorator</name></member>
      <member refid="class_mandatory_1_1_offense_decreaser_decorator_1acd5c5218fec2ac3767f8ff26e91ccf2a" prot="public" virt="non-virtual"><scope>Mandatory::OffenseDecreaserDecorator</scope><name>OffenseDecreaserDecorator</name></member>
      <member refid="class_mandatory_1_1_attack_item_1a7601dc2e3f180400114cee08c82ec8ec" prot="public" virt="non-virtual"><scope>Mandatory::OffenseDecreaserDecorator</scope><name>Position</name></member>
      <member refid="class_mandatory_1_1_attack_item_1a0a26bc6900f9ce3d8bb28478695058fd" prot="public" virt="non-virtual"><scope>Mandatory::OffenseDecreaserDecorator</scope><name>Removeable</name></member>
      <member refid="class_mandatory_1_1_attack_item_1a95204adb66da8836e89afbc9bd8890d7" prot="public" virt="non-virtual"><scope>Mandatory::OffenseDecreaserDecorator</scope><name>WeaponSlot</name></member>
      <member refid="class_mandatory_1_1_offence_item_decorator_1a67658ab97c0c95cc076e0c3520a3544e" prot="protected" virt="non-virtual"><scope>Mandatory::OffenseDecreaserDecorator</scope><name>wrappedWeapon</name></member>
    </listofallmembers>
  </compounddef>
</doxygen>
