<?xml version='1.0' encoding='UTF-8' standalone='no'?>
<doxygen xmlns:xsi="http://www.w3.org/2001/XMLSchema-instance" xsi:noNamespaceSchemaLocation="compound.xsd" version="1.15.0" xml:lang="en-US">
  <compounddef id="class_mandatory_1_1_armor_collection" kind="class" language="C#" prot="public">
    <compoundname>Mandatory::ArmorCollection</compoundname>
    <basecompoundref refid="interface_mandatory_1_1_i_armor" prot="public" virt="non-virtual">Mandatory.IArmor</basecompoundref>
    <sectiondef kind="private-attrib">
      <memberdef kind="variable" id="class_mandatory_1_1_armor_collection_1a6c7de841af8fafd0bd03400138a58cbc" prot="private" static="no" mutable="no">
        <type>Dictionary&lt; <ref refid="class_mandatory_1_1_armor_collection_1a1ae3739975b6a075e59b197ea6a5c18b" kindref="member">ArmorSlot</ref>, <ref refid="interface_mandatory_1_1_i_armor" kindref="compound">IArmor</ref> &gt;</type>
        <definition>Dictionary&lt;ArmorSlot, IArmor&gt; Mandatory.ArmorCollection.armors</definition>
        <argsstring></argsstring>
        <name>armors</name>
        <qualifiedname>Mandatory.ArmorCollection.armors</qualifiedname>
        <initializer>= new()</initializer>
        <briefdescription>
        </briefdescription>
        <detaileddescription>
        </detaileddescription>
        <inbodydescription>
        </inbodydescription>
        <location file="C:/Users/Mus/Programmering/AdvancedCSharp/Mandatory/ArmorCollection.cs" line="9" column="24" bodyfile="C:/Users/Mus/Programmering/AdvancedCSharp/Mandatory/ArmorCollection.cs" bodystart="9" bodyend="-1"/>
      </memberdef>
    </sectiondef>
    <sectiondef kind="property">
      <memberdef kind="property" id="class_mandatory_1_1_armor_collection_1ac379586bf335187b66bdcf0c73fc3658" prot="public" static="no" readable="no" writable="no" gettable="yes" privategettable="no" protectedgettable="no" settable="yes" privatesettable="no" protectedsettable="no">
        <type>string?</type>
        <definition>string? Mandatory.ArmorCollection.Name</definition>
        <argsstring></argsstring>
        <name>Name</name>
        <qualifiedname>Mandatory.ArmorCollection.Name</qualifiedname>
        <reimplements refid="interface_mandatory_1_1_i_game_object_1a42aa80381992f8d7f3b43ed206876f06">Name</reimplements>
        <initializer>= &quot;Armor collection&quot;</initializer>
        <briefdescription>
<para>Gets or sets the name of the collection. Default is &quot;Armor collection&quot;. </para>
        </briefdescription>
        <detaileddescription>
        </detaileddescription>
        <inbodydescription>
        </inbodydescription>
        <location file="C:/Users/Mus/Programmering/AdvancedCSharp/Mandatory/ArmorCollection.cs" line="14" column="19" bodyfile="C:/Users/Mus/Programmering/AdvancedCSharp/Mandatory/ArmorCollection.cs" bodystart="14" bodyend="14"/>
      </memberdef>
      <memberdef kind="property" id="class_mandatory_1_1_armor_collection_1a8ec2322746a46ab66d6557f3a849f9d4" prot="public" static="no" readable="no" writable="no" gettable="yes" privategettable="no" protectedgettable="no" settable="yes" privatesettable="no" protectedsettable="no">
        <type>bool</type>
        <definition>bool Mandatory.ArmorCollection.Lootable</definition>
        <argsstring></argsstring>
        <name>Lootable</name>
        <qualifiedname>Mandatory.ArmorCollection.Lootable</qualifiedname>
        <reimplements refid="interface_mandatory_1_1_i_game_object_1a549268d62408a0fa0af6802d81869940">Lootable</reimplements>
        <initializer>= true</initializer>
        <briefdescription>
<para>Gets or sets a value indicating whether the collection can be looted. Default is true. </para>
        </briefdescription>
        <detaileddescription>
        </detaileddescription>
        <inbodydescription>
        </inbodydescription>
        <location file="C:/Users/Mus/Programmering/AdvancedCSharp/Mandatory/ArmorCollection.cs" line="18" column="17" bodyfile="C:/Users/Mus/Programmering/AdvancedCSharp/Mandatory/ArmorCollection.cs" bodystart="18" bodyend="18"/>
      </memberdef>
      <memberdef kind="property" id="class_mandatory_1_1_armor_collection_1ae5be72ea520e879518020ec1086ed2e9" prot="public" static="no" readable="no" writable="no" gettable="yes" privategettable="no" protectedgettable="no" settable="yes" privatesettable="no" protectedsettable="no">
        <type>bool</type>
        <definition>bool Mandatory.ArmorCollection.Removeable</definition>
        <argsstring></argsstring>
        <name>Removeable</name>
        <qualifiedname>Mandatory.ArmorCollection.Removeable</qualifiedname>
        <reimplements refid="interface_mandatory_1_1_i_game_object_1aaf05885daf8cca71768aa10deac2ac54">Removeable</reimplements>
        <initializer>= true</initializer>
        <briefdescription>
<para>Gets or sets a value indicating whether the collection can be removed. Default is true. </para>
        </briefdescription>
        <detaileddescription>
        </detaileddescription>
        <inbodydescription>
        </inbodydescription>
        <location file="C:/Users/Mus/Programmering/AdvancedCSharp/Mandatory/ArmorCollection.cs" line="22" column="17" bodyfile="C:/Users/Mus/Programmering/AdvancedCSharp/Mandatory/ArmorCollection.cs" bodystart="22" bodyend="22"/>
      </memberdef>
      <memberdef kind="property" id="class_mandatory_1_1_armor_collection_1a1ae3739975b6a075e59b197ea6a5c18b" prot="public" static="no" readable="no" writable="no" gettable="yes" privategettable="no" protectedgettable="no" settable="yes" privatesettable="no" protectedsettable="no">
        <type>ArmorSlot</type>
        <definition>ArmorSlot Mandatory.ArmorCollection.ArmorSlot</definition>
        <argsstring></argsstring>
        <name>ArmorSlot</name>
        <qualifiedname>Mandatory.ArmorCollection.ArmorSlot</qualifiedname>
        <reimplements refid="interface_mandatory_1_1_i_armor_1a30b4f3f4ce42bc471a5c0f9f069cb428">ArmorSlot</reimplements>
        <initializer>= ArmorSlot.All</initializer>
        <briefdescription>
<para>Gets or sets the armor slot designation. For a collection, this is typically set to ArmorSlot.All. </para>
        </briefdescription>
        <detaileddescription>
        </detaileddescription>
        <inbodydescription>
        </inbodydescription>
        <location file="C:/Users/Mus/Programmering/AdvancedCSharp/Mandatory/ArmorCollection.cs" line="26" column="22" bodyfile="C:/Users/Mus/Programmering/AdvancedCSharp/Mandatory/ArmorCollection.cs" bodystart="26" bodyend="26"/>
      </memberdef>
      <memberdef kind="property" id="class_mandatory_1_1_armor_collection_1a0f3a4ef9a983e5a07439be6a9e9fc98c" prot="public" static="no" readable="no" writable="no" gettable="yes" privategettable="no" protectedgettable="no" settable="yes" privatesettable="no" protectedsettable="no">
        <type>Position</type>
        <definition>Position Mandatory.ArmorCollection.Position</definition>
        <argsstring></argsstring>
        <name>Position</name>
        <qualifiedname>Mandatory.ArmorCollection.Position</qualifiedname>
        <reimplements refid="interface_mandatory_1_1_i_transform_1a045d5ec083352905363be26d5f676b51">Position</reimplements>
        <briefdescription>
<para>Gets or sets the position of the armor collection in the game world. </para>
        </briefdescription>
        <detaileddescription>
        </detaileddescription>
        <inbodydescription>
        </inbodydescription>
        <location file="C:/Users/Mus/Programmering/AdvancedCSharp/Mandatory/ArmorCollection.cs" line="30" column="21" bodyfile="C:/Users/Mus/Programmering/AdvancedCSharp/Mandatory/ArmorCollection.cs" bodystart="30" bodyend="30"/>
      </memberdef>
    </sectiondef>
    <sectiondef kind="public-func">
      <memberdef kind="function" id="class_mandatory_1_1_armor_collection_1aec696708682af5d2b82966bb35498703" prot="public" static="no" const="no" explicit="no" inline="yes" virt="non-virtual">
        <type>void</type>
        <definition>void Mandatory.ArmorCollection.EquipArmor</definition>
        <argsstring>(IArmor armor)</argsstring>
        <name>EquipArmor</name>
        <qualifiedname>Mandatory.ArmorCollection.EquipArmor</qualifiedname>
        <param>
          <type><ref refid="interface_mandatory_1_1_i_armor" kindref="compound">IArmor</ref></type>
          <declname>armor</declname>
        </param>
        <briefdescription>
<para>Equips a new <ref refid="interface_mandatory_1_1_i_armor" kindref="compound">IArmor</ref> item into the collection. </para>
        </briefdescription>
        <detaileddescription>
<para><parameterlist kind="param"><parameteritem>
<parameternamelist>
<parametername>armor</parametername>
</parameternamelist>
<parameterdescription>
<para>The armor item to be equipped.</para>
</parameterdescription>
</parameteritem>
</parameterlist>
<parameterlist kind="exception"><parameteritem>
<parameternamelist>
<parametername>ArgumentException</parametername>
</parameternamelist>
<parameterdescription>
<para>Thrown if a full armor set (ArmorSlot.All) is already equipped and the new armor is not a full set.</para>
</parameterdescription>
</parameteritem>
<parameteritem>
<parameternamelist>
<parametername>InvalidOperationException</parametername>
</parameternamelist>
<parameterdescription>
<para>Thrown if the specific slot the new armor requires is already occupied.</para>
</parameterdescription>
</parameteritem>
</parameterlist>
</para>
        </detaileddescription>
        <inbodydescription>
        </inbodydescription>
        <location file="C:/Users/Mus/Programmering/AdvancedCSharp/Mandatory/ArmorCollection.cs" line="38" column="17" bodyfile="C:/Users/Mus/Programmering/AdvancedCSharp/Mandatory/ArmorCollection.cs" bodystart="38" bodyend="47"/>
      </memberdef>
      <memberdef kind="function" id="class_mandatory_1_1_armor_collection_1a138299c40e78901adcd93d277e27db84" prot="public" static="no" const="no" explicit="no" inline="yes" virt="non-virtual">
        <type>void</type>
        <definition>void Mandatory.ArmorCollection.UnequipArmor</definition>
        <argsstring>(ArmorSlot type)</argsstring>
        <name>UnequipArmor</name>
        <qualifiedname>Mandatory.ArmorCollection.UnequipArmor</qualifiedname>
        <param>
          <type><ref refid="class_mandatory_1_1_armor_collection_1a1ae3739975b6a075e59b197ea6a5c18b" kindref="member">ArmorSlot</ref></type>
          <declname>type</declname>
        </param>
        <briefdescription>
<para>Removes an <ref refid="interface_mandatory_1_1_i_armor" kindref="compound">IArmor</ref> item from the collection based on its slot type. </para>
        </briefdescription>
        <detaileddescription>
<para><parameterlist kind="param"><parameteritem>
<parameternamelist>
<parametername>type</parametername>
</parameternamelist>
<parameterdescription>
<para>The slot type of the armor to unequip.</para>
</parameterdescription>
</parameteritem>
</parameterlist>
</para>
        </detaileddescription>
        <inbodydescription>
        </inbodydescription>
        <location file="C:/Users/Mus/Programmering/AdvancedCSharp/Mandatory/ArmorCollection.cs" line="53" column="17" bodyfile="C:/Users/Mus/Programmering/AdvancedCSharp/Mandatory/ArmorCollection.cs" bodystart="53" bodyend="57"/>
      </memberdef>
      <memberdef kind="function" id="class_mandatory_1_1_armor_collection_1aaaed361ae9aa02b282f1be21526f0459" prot="public" static="no" const="no" explicit="no" inline="yes" virt="non-virtual">
        <type>int</type>
        <definition>int Mandatory.ArmorCollection.GetTotalDefencePoint</definition>
        <argsstring>()</argsstring>
        <name>GetTotalDefencePoint</name>
        <qualifiedname>Mandatory.ArmorCollection.GetTotalDefencePoint</qualifiedname>
        <reimplements refid="interface_mandatory_1_1_i_armor_1a9871f89d8f5c40bb1ee060045e910c2f">GetTotalDefencePoint</reimplements>
        <briefdescription>
<para>Calculates the total combined defense point value by summing the defense of all equipped armor items. </para>
        </briefdescription>
        <detaileddescription>
<para><simplesect kind="return"><para>The sum of all <ref refid="class_mandatory_1_1_armor_collection_1aaaed361ae9aa02b282f1be21526f0459" kindref="member">GetTotalDefencePoint()</ref> calls on the child armor items.</para>
</simplesect>
</para>
        </detaileddescription>
        <inbodydescription>
        </inbodydescription>
        <location file="C:/Users/Mus/Programmering/AdvancedCSharp/Mandatory/ArmorCollection.cs" line="63" column="16" bodyfile="C:/Users/Mus/Programmering/AdvancedCSharp/Mandatory/ArmorCollection.cs" bodystart="63" bodyend="70"/>
      </memberdef>
      <memberdef kind="function" id="class_mandatory_1_1_armor_collection_1ac4ae6ac4b7d3e0d3a534b37a23753843" prot="public" static="no" const="no" explicit="no" inline="yes" virt="non-virtual">
        <type>void</type>
        <definition>void Mandatory.ArmorCollection.Dispose</definition>
        <argsstring>()</argsstring>
        <name>Dispose</name>
        <qualifiedname>Mandatory.ArmorCollection.Dispose</qualifiedname>
        <briefdescription>
<para>Performs application-defined tasks associated with freeing, releasing, or resetting resources. This implementation disposes of all contained armor items before clearing the collection. </para>
        </briefdescription>
        <detaileddescription>
        </detaileddescription>
        <inbodydescription>
        </inbodydescription>
        <location file="C:/Users/Mus/Programmering/AdvancedCSharp/Mandatory/ArmorCollection.cs" line="76" column="17" bodyfile="C:/Users/Mus/Programmering/AdvancedCSharp/Mandatory/ArmorCollection.cs" bodystart="76" bodyend="82"/>
      </memberdef>
    </sectiondef>
    <briefdescription>
<para>Represents a collection of individual armor items, treating them as a single <ref refid="interface_mandatory_1_1_i_armor" kindref="compound">IArmor</ref> component. This class acts as the Composite in the Composite Pattern, providing methods to manage and aggregate the stats of the equipped armor pieces. </para>
    </briefdescription>
    <detaileddescription>
    </detaileddescription>
    <inheritancegraph>
      <node id="5">
        <label>IDisposable</label>
      </node>
      <node id="1">
        <label>Mandatory.ArmorCollection</label>
        <link refid="class_mandatory_1_1_armor_collection"/>
        <childnode refid="2" relation="public-inheritance">
        </childnode>
      </node>
      <node id="2">
        <label>Mandatory.IArmor</label>
        <link refid="interface_mandatory_1_1_i_armor"/>
        <childnode refid="3" relation="public-inheritance">
        </childnode>
      </node>
      <node id="4">
        <label>Mandatory.IGameObject</label>
        <link refid="interface_mandatory_1_1_i_game_object"/>
        <childnode refid="5" relation="public-inheritance">
        </childnode>
      </node>
      <node id="6">
        <label>Mandatory.ITransform</label>
        <link refid="interface_mandatory_1_1_i_transform"/>
      </node>
      <node id="3">
        <label>Mandatory.IWorldObject</label>
        <link refid="interface_mandatory_1_1_i_world_object"/>
        <childnode refid="4" relation="public-inheritance">
        </childnode>
        <childnode refid="6" relation="public-inheritance">
        </childnode>
      </node>
    </inheritancegraph>
    <collaborationgraph>
      <node id="5">
        <label>IDisposable</label>
      </node>
      <node id="1">
        <label>Mandatory.ArmorCollection</label>
        <link refid="class_mandatory_1_1_armor_collection"/>
        <childnode refid="2" relation="public-inheritance">
        </childnode>
      </node>
      <node id="2">
        <label>Mandatory.IArmor</label>
        <link refid="interface_mandatory_1_1_i_armor"/>
        <childnode refid="3" relation="public-inheritance">
        </childnode>
      </node>
      <node id="4">
        <label>Mandatory.IGameObject</label>
        <link refid="interface_mandatory_1_1_i_game_object"/>
        <childnode refid="5" relation="public-inheritance">
        </childnode>
      </node>
      <node id="6">
        <label>Mandatory.ITransform</label>
        <link refid="interface_mandatory_1_1_i_transform"/>
      </node>
      <node id="3">
        <label>Mandatory.IWorldObject</label>
        <link refid="interface_mandatory_1_1_i_world_object"/>
        <childnode refid="4" relation="public-inheritance">
        </childnode>
        <childnode refid="6" relation="public-inheritance">
        </childnode>
      </node>
    </collaborationgraph>
    <location file="C:/Users/Mus/Programmering/AdvancedCSharp/Mandatory/ArmorCollection.cs" line="8" column="7" bodyfile="C:/Users/Mus/Programmering/AdvancedCSharp/Mandatory/ArmorCollection.cs" bodystart="8" bodyend="83"/>
    <listofallmembers>
      <member refid="class_mandatory_1_1_armor_collection_1a6c7de841af8fafd0bd03400138a58cbc" prot="private" virt="non-virtual"><scope>Mandatory::ArmorCollection</scope><name>armors</name></member>
      <member refid="class_mandatory_1_1_armor_collection_1a1ae3739975b6a075e59b197ea6a5c18b" prot="public" virt="non-virtual"><scope>Mandatory::ArmorCollection</scope><name>ArmorSlot</name></member>
      <member refid="class_mandatory_1_1_armor_collection_1ac4ae6ac4b7d3e0d3a534b37a23753843" prot="public" virt="non-virtual"><scope>Mandatory::ArmorCollection</scope><name>Dispose</name></member>
      <member refid="class_mandatory_1_1_armor_collection_1aec696708682af5d2b82966bb35498703" prot="public" virt="non-virtual"><scope>Mandatory::ArmorCollection</scope><name>EquipArmor</name></member>
      <member refid="class_mandatory_1_1_armor_collection_1aaaed361ae9aa02b282f1be21526f0459" prot="public" virt="non-virtual"><scope>Mandatory::ArmorCollection</scope><name>GetTotalDefencePoint</name></member>
      <member refid="class_mandatory_1_1_armor_collection_1a8ec2322746a46ab66d6557f3a849f9d4" prot="public" virt="non-virtual"><scope>Mandatory::ArmorCollection</scope><name>Lootable</name></member>
      <member refid="class_mandatory_1_1_armor_collection_1ac379586bf335187b66bdcf0c73fc3658" prot="public" virt="non-virtual"><scope>Mandatory::ArmorCollection</scope><name>Name</name></member>
      <member refid="class_mandatory_1_1_armor_collection_1a0f3a4ef9a983e5a07439be6a9e9fc98c" prot="public" virt="non-virtual"><scope>Mandatory::ArmorCollection</scope><name>Position</name></member>
      <member refid="class_mandatory_1_1_armor_collection_1ae5be72ea520e879518020ec1086ed2e9" prot="public" virt="non-virtual"><scope>Mandatory::ArmorCollection</scope><name>Removeable</name></member>
      <member refid="class_mandatory_1_1_armor_collection_1a138299c40e78901adcd93d277e27db84" prot="public" virt="non-virtual"><scope>Mandatory::ArmorCollection</scope><name>UnequipArmor</name></member>
    </listofallmembers>
  </compounddef>
</doxygen>
