<?xml version='1.0' encoding='UTF-8' standalone='no'?>
<doxygen xmlns:xsi="http://www.w3.org/2001/XMLSchema-instance" xsi:noNamespaceSchemaLocation="compound.xsd" version="1.15.0" xml:lang="en-US">
  <compounddef id="class_mandatory_1_1_world-1-g" kind="class" language="C#" prot="public">
    <compoundname>Mandatory::World-1-g</compoundname>
    <basecompoundref refid="interface_mandatory_1_1_i_world" prot="public" virt="non-virtual">Mandatory.IWorld</basecompoundref>
    <basecompoundref prot="public" virt="non-virtual">IDisposable</basecompoundref>
    <templateparamlist>
      <param>
        <type>T</type>
      </param>
    </templateparamlist>
    <sectiondef kind="private-attrib">
      <memberdef kind="variable" id="class_mandatory_1_1_world-1-g_1a0facde77dc874c90a7556cfc1048b499" prot="private" static="no" mutable="no">
        <type><ref refid="interface_mandatory_1_1_i_config_file_reader" kindref="compound">IConfigFileReader</ref>?</type>
        <definition>IConfigFileReader? Mandatory.World&lt; T &gt;.configFileReader</definition>
        <argsstring></argsstring>
        <name>configFileReader</name>
        <qualifiedname>Mandatory.World-1-g.configFileReader</qualifiedname>
        <briefdescription>
        </briefdescription>
        <detaileddescription>
        </detaileddescription>
        <inbodydescription>
        </inbodydescription>
        <location file="C:/Users/Mus/Programmering/AdvancedCSharp/Mandatory/World.cs" line="9" column="31" bodyfile="C:/Users/Mus/Programmering/AdvancedCSharp/Mandatory/World.cs" bodystart="9" bodyend="-1"/>
      </memberdef>
      <memberdef kind="variable" id="class_mandatory_1_1_world-1-g_1aab205f23add50e657f7853e9b520f4bc" prot="private" static="no" mutable="no">
        <type><ref refid="interface_mandatory_1_1_i_world_manager" kindref="compound">IWorldManager</ref></type>
        <definition>IWorldManager Mandatory.World&lt; T &gt;.WorldManager</definition>
        <argsstring></argsstring>
        <name>WorldManager</name>
        <qualifiedname>Mandatory.World-1-g.WorldManager</qualifiedname>
        <briefdescription>
        </briefdescription>
        <detaileddescription>
        </detaileddescription>
        <inbodydescription>
        </inbodydescription>
        <location file="C:/Users/Mus/Programmering/AdvancedCSharp/Mandatory/World.cs" line="10" column="27" bodyfile="C:/Users/Mus/Programmering/AdvancedCSharp/Mandatory/World.cs" bodystart="10" bodyend="-1"/>
      </memberdef>
      <memberdef kind="variable" id="class_mandatory_1_1_world-1-g_1a8a1db1fd90fdf4ea5a008cadef2cd4f2" prot="private" static="no" mutable="no">
        <type>IGrid&lt; T &gt;</type>
        <definition>IGrid&lt;T&gt; Mandatory.World&lt; T &gt;.grid</definition>
        <argsstring></argsstring>
        <name>grid</name>
        <qualifiedname>Mandatory.World-1-g.grid</qualifiedname>
        <briefdescription>
        </briefdescription>
        <detaileddescription>
        </detaileddescription>
        <inbodydescription>
        </inbodydescription>
        <location file="C:/Users/Mus/Programmering/AdvancedCSharp/Mandatory/World.cs" line="12" column="19" bodyfile="C:/Users/Mus/Programmering/AdvancedCSharp/Mandatory/World.cs" bodystart="12" bodyend="-1"/>
      </memberdef>
    </sectiondef>
    <sectiondef kind="property">
      <memberdef kind="property" id="class_mandatory_1_1_world-1-g_1a48ccc2a666615e0129fadff38a3b6b43" prot="public" static="no" readable="no" writable="no" gettable="yes" privategettable="no" protectedgettable="no" settable="no" privatesettable="no" protectedsettable="no">
        <type>int</type>
        <definition>int Mandatory.World&lt; T &gt;.Width</definition>
        <argsstring></argsstring>
        <name>Width</name>
        <qualifiedname>Mandatory.World-1-g.Width</qualifiedname>
        <briefdescription>
<para>Gets the width of the game world grid. </para>
        </briefdescription>
        <detaileddescription>
        </detaileddescription>
        <inbodydescription>
        </inbodydescription>
        <location file="C:/Users/Mus/Programmering/AdvancedCSharp/Mandatory/World.cs" line="46" column="16" bodyfile="C:/Users/Mus/Programmering/AdvancedCSharp/Mandatory/World.cs" bodystart="46" bodyend="48"/>
      </memberdef>
      <memberdef kind="property" id="class_mandatory_1_1_world-1-g_1aa50b3fb771f78ccd78d93717f826676e" prot="public" static="no" readable="no" writable="no" gettable="yes" privategettable="no" protectedgettable="no" settable="no" privatesettable="no" protectedsettable="no">
        <type>int</type>
        <definition>int Mandatory.World&lt; T &gt;.Height</definition>
        <argsstring></argsstring>
        <name>Height</name>
        <qualifiedname>Mandatory.World-1-g.Height</qualifiedname>
        <briefdescription>
<para>Gets the height of the game world grid. </para>
        </briefdescription>
        <detaileddescription>
        </detaileddescription>
        <inbodydescription>
        </inbodydescription>
        <location file="C:/Users/Mus/Programmering/AdvancedCSharp/Mandatory/World.cs" line="53" column="16" bodyfile="C:/Users/Mus/Programmering/AdvancedCSharp/Mandatory/World.cs" bodystart="53" bodyend="55"/>
      </memberdef>
    </sectiondef>
    <sectiondef kind="public-func">
      <memberdef kind="function" id="class_mandatory_1_1_world-1-g_1a2f8d78aa9ce74ba37ad54fb0f929e775" prot="public" static="no" const="no" explicit="no" inline="yes" virt="non-virtual">
        <type></type>
        <definition>Mandatory.World&lt; T &gt;.World</definition>
        <argsstring>(IConfigFileReader configFileReader, Func&lt; int, int, T &gt; cell, IWorldManager worldManager)</argsstring>
        <name>World</name>
        <qualifiedname>Mandatory.World-1-g.World</qualifiedname>
        <param>
          <type><ref refid="interface_mandatory_1_1_i_config_file_reader" kindref="compound">IConfigFileReader</ref></type>
          <declname>configFileReader</declname>
        </param>
        <param>
          <type>Func&lt; int, int, T &gt;</type>
          <declname>cell</declname>
        </param>
        <param>
          <type><ref refid="interface_mandatory_1_1_i_world_manager" kindref="compound">IWorldManager</ref></type>
          <declname>worldManager</declname>
        </param>
        <briefdescription>
<para>Initializes a new instance of the <ref refid="class_mandatory_1_1_world-1-g" kindref="compound">World&lt;T&gt;</ref> class, reading dimensions from a configuration file. </para>
        </briefdescription>
        <detaileddescription>
<para><parameterlist kind="param"><parameteritem>
<parameternamelist>
<parametername>configFileReader</parametername>
</parameternamelist>
<parameterdescription>
<para>The service used to read world dimensions and configuration.</para>
</parameterdescription>
</parameteritem>
<parameteritem>
<parameternamelist>
<parametername>cell</parametername>
</parameternamelist>
<parameterdescription>
<para>A function used to initialize the value of each new grid cell, taking (x, y) coordinates.</para>
</parameterdescription>
</parameteritem>
<parameteritem>
<parameternamelist>
<parametername>worldManager</parametername>
</parameternamelist>
<parameterdescription>
<para>The service responsible for managing game objects within the world.</para>
</parameterdescription>
</parameteritem>
</parameterlist>
</para>
        </detaileddescription>
        <inbodydescription>
        </inbodydescription>
        <location file="C:/Users/Mus/Programmering/AdvancedCSharp/Mandatory/World.cs" line="20" column="12" bodyfile="C:/Users/Mus/Programmering/AdvancedCSharp/Mandatory/World.cs" bodystart="20" bodyend="26"/>
      </memberdef>
      <memberdef kind="function" id="class_mandatory_1_1_world-1-g_1a3957c9b76449dd8f1c371fc0a0dd44dc" prot="public" static="no" const="no" explicit="no" inline="yes" virt="non-virtual">
        <type></type>
        <definition>Mandatory.World&lt; T &gt;.World</definition>
        <argsstring>(int width, int height, Func&lt; int, int, T &gt; cell, IWorldManager worldManager)</argsstring>
        <name>World</name>
        <qualifiedname>Mandatory.World-1-g.World</qualifiedname>
        <param>
          <type>int</type>
          <declname>width</declname>
        </param>
        <param>
          <type>int</type>
          <declname>height</declname>
        </param>
        <param>
          <type>Func&lt; int, int, T &gt;</type>
          <declname>cell</declname>
        </param>
        <param>
          <type><ref refid="interface_mandatory_1_1_i_world_manager" kindref="compound">IWorldManager</ref></type>
          <declname>worldManager</declname>
        </param>
        <briefdescription>
<para>Initializes a new instance of the <ref refid="class_mandatory_1_1_world-1-g" kindref="compound">World&lt;T&gt;</ref> class with explicitly defined dimensions. </para>
        </briefdescription>
        <detaileddescription>
<para><parameterlist kind="param"><parameteritem>
<parameternamelist>
<parametername>width</parametername>
</parameternamelist>
<parameterdescription>
<para>The width of the game world grid.</para>
</parameterdescription>
</parameteritem>
<parameteritem>
<parameternamelist>
<parametername>height</parametername>
</parameternamelist>
<parameterdescription>
<para>The height of the game world grid.</para>
</parameterdescription>
</parameteritem>
<parameteritem>
<parameternamelist>
<parametername>cell</parametername>
</parameternamelist>
<parameterdescription>
<para>A function used to initialize the value of each new grid cell, taking (x, y) coordinates.</para>
</parameterdescription>
</parameteritem>
<parameteritem>
<parameternamelist>
<parametername>worldManager</parametername>
</parameternamelist>
<parameterdescription>
<para>The service responsible for managing game objects within the world.</para>
</parameterdescription>
</parameteritem>
</parameterlist>
<parameterlist kind="exception"><parameteritem>
<parameternamelist>
<parametername>ArgumentException</parametername>
</parameternamelist>
<parameterdescription>
<para>Thrown if the width or height is less than or equal to 0.</para>
</parameterdescription>
</parameteritem>
</parameterlist>
</para>
        </detaileddescription>
        <inbodydescription>
        </inbodydescription>
        <location file="C:/Users/Mus/Programmering/AdvancedCSharp/Mandatory/World.cs" line="36" column="12" bodyfile="C:/Users/Mus/Programmering/AdvancedCSharp/Mandatory/World.cs" bodystart="36" bodyend="41"/>
      </memberdef>
      <memberdef kind="function" id="class_mandatory_1_1_world-1-g_1acb00292d47b561c8074075086ae92ae5" prot="public" static="no" const="no" explicit="no" inline="yes" virt="non-virtual">
        <type>T</type>
        <definition>T Mandatory.World&lt; T &gt;.GetValue</definition>
        <argsstring>(int x, int y)</argsstring>
        <name>GetValue</name>
        <qualifiedname>Mandatory.World-1-g.GetValue</qualifiedname>
        <param>
          <type>int</type>
          <declname>x</declname>
        </param>
        <param>
          <type>int</type>
          <declname>y</declname>
        </param>
        <briefdescription>
<para>Retrieves the value (object) at the specified grid coordinates. </para>
        </briefdescription>
        <detaileddescription>
<para><parameterlist kind="param"><parameteritem>
<parameternamelist>
<parametername>x</parametername>
</parameternamelist>
<parameterdescription>
<para>The X-coordinate (column).</para>
</parameterdescription>
</parameteritem>
<parameteritem>
<parameternamelist>
<parametername>y</parametername>
</parameternamelist>
<parameterdescription>
<para>The Y-coordinate (row).</para>
</parameterdescription>
</parameteritem>
</parameterlist>
<simplesect kind="return"><para>The value of type T at the given coordinates.</para>
</simplesect>
</para>
        </detaileddescription>
        <inbodydescription>
        </inbodydescription>
        <location file="C:/Users/Mus/Programmering/AdvancedCSharp/Mandatory/World.cs" line="63" column="14" bodyfile="C:/Users/Mus/Programmering/AdvancedCSharp/Mandatory/World.cs" bodystart="63" bodyend="65"/>
      </memberdef>
      <memberdef kind="function" id="class_mandatory_1_1_world-1-g_1a9b8d0c20210c2976fcc63869db80adcf" prot="public" static="no" const="no" explicit="no" inline="yes" virt="non-virtual">
        <type>void</type>
        <definition>void Mandatory.World&lt; T &gt;.SetValue</definition>
        <argsstring>(int x, int y, T value)</argsstring>
        <name>SetValue</name>
        <qualifiedname>Mandatory.World-1-g.SetValue</qualifiedname>
        <param>
          <type>int</type>
          <declname>x</declname>
        </param>
        <param>
          <type>int</type>
          <declname>y</declname>
        </param>
        <param>
          <type>T</type>
          <declname>value</declname>
        </param>
        <briefdescription>
<para>Sets or updates the value (object) at the specified grid coordinates. </para>
        </briefdescription>
        <detaileddescription>
<para><parameterlist kind="param"><parameteritem>
<parameternamelist>
<parametername>x</parametername>
</parameternamelist>
<parameterdescription>
<para>The X-coordinate (column).</para>
</parameterdescription>
</parameteritem>
<parameteritem>
<parameternamelist>
<parametername>y</parametername>
</parameternamelist>
<parameterdescription>
<para>The Y-coordinate (row).</para>
</parameterdescription>
</parameteritem>
<parameteritem>
<parameternamelist>
<parametername>value</parametername>
</parameternamelist>
<parameterdescription>
<para>The new value of type T to place in the cell.</para>
</parameterdescription>
</parameteritem>
</parameterlist>
</para>
        </detaileddescription>
        <inbodydescription>
        </inbodydescription>
        <location file="C:/Users/Mus/Programmering/AdvancedCSharp/Mandatory/World.cs" line="73" column="17" bodyfile="C:/Users/Mus/Programmering/AdvancedCSharp/Mandatory/World.cs" bodystart="73" bodyend="75"/>
      </memberdef>
      <memberdef kind="function" id="class_mandatory_1_1_world-1-g_1aa5fc52d7146cd78a9ba2ee46210873b4" prot="public" static="no" const="no" explicit="no" inline="yes" virt="non-virtual">
        <type>void</type>
        <definition>void Mandatory.World&lt; T &gt;.RemoveValue</definition>
        <argsstring>(int x, int y)</argsstring>
        <name>RemoveValue</name>
        <qualifiedname>Mandatory.World-1-g.RemoveValue</qualifiedname>
        <param>
          <type>int</type>
          <declname>x</declname>
        </param>
        <param>
          <type>int</type>
          <declname>y</declname>
        </param>
        <briefdescription>
<para>Removes the value (object) at the specified grid coordinates. </para>
        </briefdescription>
        <detaileddescription>
<para><parameterlist kind="param"><parameteritem>
<parameternamelist>
<parametername>x</parametername>
</parameternamelist>
<parameterdescription>
<para>The X-coordinate (column).</para>
</parameterdescription>
</parameteritem>
<parameteritem>
<parameternamelist>
<parametername>y</parametername>
</parameternamelist>
<parameterdescription>
<para>The Y-coordinate (row).</para>
</parameterdescription>
</parameteritem>
</parameterlist>
</para>
        </detaileddescription>
        <inbodydescription>
        </inbodydescription>
        <location file="C:/Users/Mus/Programmering/AdvancedCSharp/Mandatory/World.cs" line="82" column="17" bodyfile="C:/Users/Mus/Programmering/AdvancedCSharp/Mandatory/World.cs" bodystart="82" bodyend="84"/>
      </memberdef>
      <memberdef kind="function" id="class_mandatory_1_1_world-1-g_1a2ae27ecc754be97838c95e1d7f81c24a" prot="public" static="no" const="no" explicit="no" inline="yes" virt="non-virtual">
        <type>void</type>
        <definition>void Mandatory.World&lt; T &gt;.Dispose</definition>
        <argsstring>()</argsstring>
        <name>Dispose</name>
        <qualifiedname>Mandatory.World-1-g.Dispose</qualifiedname>
        <briefdescription>
<para>Performs application-defined tasks associated with freeing, releasing, or resetting unmanaged resources. This implementation instructs the WorldManager to remove all game objects. </para>
        </briefdescription>
        <detaileddescription>
        </detaileddescription>
        <inbodydescription>
        </inbodydescription>
        <location file="C:/Users/Mus/Programmering/AdvancedCSharp/Mandatory/World.cs" line="90" column="17" bodyfile="C:/Users/Mus/Programmering/AdvancedCSharp/Mandatory/World.cs" bodystart="90" bodyend="93"/>
      </memberdef>
    </sectiondef>
    <briefdescription>
<para>Represents the game world, acting as a container and manager for the game grid and world objects. It wraps an underlying <ref refid="interface_mandatory_1_1_i_grid-1-g" kindref="compound">IGrid&lt;T&gt;</ref> and integrates with world management services. </para>
    </briefdescription>
    <detaileddescription>
<para><parameterlist kind="templateparam"><parameteritem>
<parameternamelist>
<parametername>T</parametername>
</parameternamelist>
<parameterdescription>
<para>The type of object stored in each cell of the grid (e.g., a Tile or <ref refid="class_mandatory_1_1_game_object" kindref="compound">GameObject</ref>).</para>
</parameterdescription>
</parameteritem>
</parameterlist>
</para>
    </detaileddescription>
    <inheritancegraph>
      <node id="3">
        <label>IDisposable</label>
      </node>
      <node id="1">
        <label>Mandatory.World&lt; T &gt;</label>
        <link refid="class_mandatory_1_1_world-1-g"/>
        <childnode refid="2" relation="public-inheritance">
        </childnode>
        <childnode refid="3" relation="public-inheritance">
        </childnode>
      </node>
      <node id="2">
        <label>Mandatory.IWorld</label>
        <link refid="interface_mandatory_1_1_i_world"/>
      </node>
    </inheritancegraph>
    <collaborationgraph>
      <node id="3">
        <label>IDisposable</label>
      </node>
      <node id="1">
        <label>Mandatory.World&lt; T &gt;</label>
        <link refid="class_mandatory_1_1_world-1-g"/>
        <childnode refid="2" relation="public-inheritance">
        </childnode>
        <childnode refid="3" relation="public-inheritance">
        </childnode>
      </node>
      <node id="2">
        <label>Mandatory.IWorld</label>
        <link refid="interface_mandatory_1_1_i_world"/>
      </node>
    </collaborationgraph>
    <location file="C:/Users/Mus/Programmering/AdvancedCSharp/Mandatory/World.cs" line="8" column="7" bodyfile="C:/Users/Mus/Programmering/AdvancedCSharp/Mandatory/World.cs" bodystart="8" bodyend="94"/>
    <listofallmembers>
      <member refid="class_mandatory_1_1_world-1-g_1a0facde77dc874c90a7556cfc1048b499" prot="private" virt="non-virtual"><scope>Mandatory::World-1-g</scope><name>configFileReader</name></member>
      <member refid="class_mandatory_1_1_world-1-g_1a2ae27ecc754be97838c95e1d7f81c24a" prot="public" virt="non-virtual"><scope>Mandatory::World-1-g</scope><name>Dispose</name></member>
      <member refid="class_mandatory_1_1_world-1-g_1acb00292d47b561c8074075086ae92ae5" prot="public" virt="non-virtual"><scope>Mandatory::World-1-g</scope><name>GetValue</name></member>
      <member refid="class_mandatory_1_1_world-1-g_1a8a1db1fd90fdf4ea5a008cadef2cd4f2" prot="private" virt="non-virtual"><scope>Mandatory::World-1-g</scope><name>grid</name></member>
      <member refid="class_mandatory_1_1_world-1-g_1aa50b3fb771f78ccd78d93717f826676e" prot="public" virt="non-virtual"><scope>Mandatory::World-1-g</scope><name>Height</name></member>
      <member refid="class_mandatory_1_1_world-1-g_1aa5fc52d7146cd78a9ba2ee46210873b4" prot="public" virt="non-virtual"><scope>Mandatory::World-1-g</scope><name>RemoveValue</name></member>
      <member refid="class_mandatory_1_1_world-1-g_1a9b8d0c20210c2976fcc63869db80adcf" prot="public" virt="non-virtual"><scope>Mandatory::World-1-g</scope><name>SetValue</name></member>
      <member refid="class_mandatory_1_1_world-1-g_1a48ccc2a666615e0129fadff38a3b6b43" prot="public" virt="non-virtual"><scope>Mandatory::World-1-g</scope><name>Width</name></member>
      <member refid="class_mandatory_1_1_world-1-g_1a2f8d78aa9ce74ba37ad54fb0f929e775" prot="public" virt="non-virtual"><scope>Mandatory::World-1-g</scope><name>World</name></member>
      <member refid="class_mandatory_1_1_world-1-g_1a3957c9b76449dd8f1c371fc0a0dd44dc" prot="public" virt="non-virtual"><scope>Mandatory::World-1-g</scope><name>World</name></member>
      <member refid="class_mandatory_1_1_world-1-g_1aab205f23add50e657f7853e9b520f4bc" prot="private" virt="non-virtual"><scope>Mandatory::World-1-g</scope><name>WorldManager</name></member>
    </listofallmembers>
  </compounddef>
</doxygen>
