<?xml version='1.0' encoding='UTF-8' standalone='no'?>
<doxygen xmlns:xsi="http://www.w3.org/2001/XMLSchema-instance" xsi:noNamespaceSchemaLocation="compound.xsd" version="1.15.0" xml:lang="en-US">
  <compounddef id="class_mandatory_1_1_event_handler" kind="class" language="C#" prot="public">
    <compoundname>Mandatory::EventHandler</compoundname>
    <basecompoundref refid="interface_mandatory_1_1_i_observer_handler" prot="public" virt="non-virtual">Mandatory.IObserverHandler</basecompoundref>
    <sectiondef kind="private-attrib">
      <memberdef kind="variable" id="class_mandatory_1_1_event_handler_1afd1cdb292ab4e7dfa988b7196bb48799" prot="private" static="no" mutable="no">
        <type>List&lt; <ref refid="interface_mandatory_1_1_i_observer_listener" kindref="compound">IObserverListener</ref> &gt;</type>
        <definition>List&lt;IObserverListener&gt; Mandatory.EventHandler.observers</definition>
        <argsstring></argsstring>
        <name>observers</name>
        <qualifiedname>Mandatory.EventHandler.observers</qualifiedname>
        <initializer>= new()</initializer>
        <briefdescription>
        </briefdescription>
        <detaileddescription>
        </detaileddescription>
        <inbodydescription>
        </inbodydescription>
        <location file="C:/Users/Mus/Programmering/AdvancedCSharp/Mandatory/Setups/EventHandler.cs" line="4" column="18" bodyfile="C:/Users/Mus/Programmering/AdvancedCSharp/Mandatory/Setups/EventHandler.cs" bodystart="4" bodyend="-1"/>
      </memberdef>
    </sectiondef>
    <sectiondef kind="private-static-attrib">
      <memberdef kind="variable" id="class_mandatory_1_1_event_handler_1a60da069a03ccbc30730a1822dd00e3b2" prot="private" static="yes" mutable="no">
        <type><ref refid="class_mandatory_1_1_event_handler" kindref="compound">EventHandler</ref></type>
        <definition>EventHandler Mandatory.EventHandler.instance</definition>
        <argsstring></argsstring>
        <name>instance</name>
        <qualifiedname>Mandatory.EventHandler.instance</qualifiedname>
        <initializer>= new()</initializer>
        <briefdescription>
        </briefdescription>
        <detaileddescription>
        </detaileddescription>
        <inbodydescription>
        </inbodydescription>
        <location file="C:/Users/Mus/Programmering/AdvancedCSharp/Mandatory/Setups/EventHandler.cs" line="6" column="33" bodyfile="C:/Users/Mus/Programmering/AdvancedCSharp/Mandatory/Setups/EventHandler.cs" bodystart="6" bodyend="-1"/>
      </memberdef>
    </sectiondef>
    <sectiondef kind="property">
      <memberdef kind="property" id="class_mandatory_1_1_event_handler_1a701a9760d6b83df281684443ad6de4d3" prot="public" static="yes" readable="no" writable="no" gettable="yes" privategettable="no" protectedgettable="no" settable="no" privatesettable="no" protectedsettable="no">
        <type><ref refid="class_mandatory_1_1_event_handler" kindref="compound">EventHandler</ref></type>
        <definition>EventHandler Mandatory.EventHandler.Instance</definition>
        <argsstring></argsstring>
        <name>Instance</name>
        <qualifiedname>Mandatory.EventHandler.Instance</qualifiedname>
        <briefdescription>
        </briefdescription>
        <detaileddescription>
        </detaileddescription>
        <inbodydescription>
        </inbodydescription>
        <location file="C:/Users/Mus/Programmering/AdvancedCSharp/Mandatory/Setups/EventHandler.cs" line="7" column="32" bodyfile="C:/Users/Mus/Programmering/AdvancedCSharp/Mandatory/Setups/EventHandler.cs" bodystart="7" bodyend="7"/>
      </memberdef>
    </sectiondef>
    <sectiondef kind="public-func">
      <memberdef kind="function" id="class_mandatory_1_1_event_handler_1abdd663cf56781edd2fe796d4ca027cb1" prot="public" static="no" const="no" explicit="no" inline="yes" virt="non-virtual">
        <type>void</type>
        <definition>void Mandatory.EventHandler.AddObserverListener</definition>
        <argsstring>(IObserverListener observer)</argsstring>
        <name>AddObserverListener</name>
        <qualifiedname>Mandatory.EventHandler.AddObserverListener</qualifiedname>
        <reimplements refid="interface_mandatory_1_1_i_observer_handler_1af6c30f984d141aa37c0d7c6a60b2d7f1">AddObserverListener</reimplements>
        <param>
          <type><ref refid="interface_mandatory_1_1_i_observer_listener" kindref="compound">IObserverListener</ref></type>
          <declname>observer</declname>
        </param>
        <briefdescription>
        </briefdescription>
        <detaileddescription>
        </detaileddescription>
        <inbodydescription>
        </inbodydescription>
        <location file="C:/Users/Mus/Programmering/AdvancedCSharp/Mandatory/Setups/EventHandler.cs" line="9" column="17" bodyfile="C:/Users/Mus/Programmering/AdvancedCSharp/Mandatory/Setups/EventHandler.cs" bodystart="9" bodyend="11"/>
      </memberdef>
      <memberdef kind="function" id="class_mandatory_1_1_event_handler_1ae59c0232f97e70361668db9fc1c80e1d" prot="public" static="no" const="no" explicit="no" inline="yes" virt="non-virtual">
        <type>void</type>
        <definition>void Mandatory.EventHandler.RemoveObserverListener</definition>
        <argsstring>(IObserverListener observer)</argsstring>
        <name>RemoveObserverListener</name>
        <qualifiedname>Mandatory.EventHandler.RemoveObserverListener</qualifiedname>
        <reimplements refid="interface_mandatory_1_1_i_observer_handler_1a6cb7fdfaa8ff4161f4fce648b56eb1df">RemoveObserverListener</reimplements>
        <param>
          <type><ref refid="interface_mandatory_1_1_i_observer_listener" kindref="compound">IObserverListener</ref></type>
          <declname>observer</declname>
        </param>
        <briefdescription>
        </briefdescription>
        <detaileddescription>
        </detaileddescription>
        <inbodydescription>
        </inbodydescription>
        <location file="C:/Users/Mus/Programmering/AdvancedCSharp/Mandatory/Setups/EventHandler.cs" line="13" column="17" bodyfile="C:/Users/Mus/Programmering/AdvancedCSharp/Mandatory/Setups/EventHandler.cs" bodystart="13" bodyend="15"/>
      </memberdef>
      <memberdef kind="function" id="class_mandatory_1_1_event_handler_1a5f2adb45b930e8021b2a026e6cc26cf6" prot="public" static="no" const="no" explicit="no" inline="yes" virt="non-virtual">
        <type>void</type>
        <definition>void Mandatory.EventHandler.NotifyObserverListeners</definition>
        <argsstring>(string status)</argsstring>
        <name>NotifyObserverListeners</name>
        <qualifiedname>Mandatory.EventHandler.NotifyObserverListeners</qualifiedname>
        <reimplements refid="interface_mandatory_1_1_i_observer_handler_1a2ed82e8d86e28bece3d19c9ac430387b">NotifyObserverListeners</reimplements>
        <param>
          <type>string</type>
          <declname>status</declname>
        </param>
        <briefdescription>
        </briefdescription>
        <detaileddescription>
        </detaileddescription>
        <inbodydescription>
        </inbodydescription>
        <location file="C:/Users/Mus/Programmering/AdvancedCSharp/Mandatory/Setups/EventHandler.cs" line="17" column="17" bodyfile="C:/Users/Mus/Programmering/AdvancedCSharp/Mandatory/Setups/EventHandler.cs" bodystart="17" bodyend="21"/>
      </memberdef>
      <memberdef kind="function" id="class_mandatory_1_1_event_handler_1a37e3dc321bf3fc01c4d1d22ce814da32" prot="public" static="no" const="no" explicit="no" inline="yes" virt="non-virtual">
        <type>void</type>
        <definition>void Mandatory.EventHandler.Dispose</definition>
        <argsstring>()</argsstring>
        <name>Dispose</name>
        <qualifiedname>Mandatory.EventHandler.Dispose</qualifiedname>
        <briefdescription>
        </briefdescription>
        <detaileddescription>
        </detaileddescription>
        <inbodydescription>
        </inbodydescription>
        <location file="C:/Users/Mus/Programmering/AdvancedCSharp/Mandatory/Setups/EventHandler.cs" line="23" column="17" bodyfile="C:/Users/Mus/Programmering/AdvancedCSharp/Mandatory/Setups/EventHandler.cs" bodystart="23" bodyend="26"/>
      </memberdef>
    </sectiondef>
    <briefdescription>
    </briefdescription>
    <detaileddescription>
    </detaileddescription>
    <inheritancegraph>
      <node id="3">
        <label>IDisposable</label>
      </node>
      <node id="1">
        <label>Mandatory.EventHandler</label>
        <link refid="class_mandatory_1_1_event_handler"/>
        <childnode refid="2" relation="public-inheritance">
        </childnode>
      </node>
      <node id="2">
        <label>Mandatory.IObserverHandler</label>
        <link refid="interface_mandatory_1_1_i_observer_handler"/>
        <childnode refid="3" relation="public-inheritance">
        </childnode>
      </node>
    </inheritancegraph>
    <collaborationgraph>
      <node id="3">
        <label>IDisposable</label>
      </node>
      <node id="1">
        <label>Mandatory.EventHandler</label>
        <link refid="class_mandatory_1_1_event_handler"/>
        <childnode refid="2" relation="public-inheritance">
        </childnode>
      </node>
      <node id="2">
        <label>Mandatory.IObserverHandler</label>
        <link refid="interface_mandatory_1_1_i_observer_handler"/>
        <childnode refid="3" relation="public-inheritance">
        </childnode>
      </node>
    </collaborationgraph>
    <location file="C:/Users/Mus/Programmering/AdvancedCSharp/Mandatory/Setups/EventHandler.cs" line="3" column="7" bodyfile="C:/Users/Mus/Programmering/AdvancedCSharp/Mandatory/Setups/EventHandler.cs" bodystart="3" bodyend="27"/>
    <listofallmembers>
      <member refid="class_mandatory_1_1_event_handler_1abdd663cf56781edd2fe796d4ca027cb1" prot="public" virt="non-virtual"><scope>Mandatory::EventHandler</scope><name>AddObserverListener</name></member>
      <member refid="class_mandatory_1_1_event_handler_1a37e3dc321bf3fc01c4d1d22ce814da32" prot="public" virt="non-virtual"><scope>Mandatory::EventHandler</scope><name>Dispose</name></member>
      <member refid="class_mandatory_1_1_event_handler_1a701a9760d6b83df281684443ad6de4d3" prot="public" virt="non-virtual"><scope>Mandatory::EventHandler</scope><name>Instance</name></member>
      <member refid="class_mandatory_1_1_event_handler_1a60da069a03ccbc30730a1822dd00e3b2" prot="private" virt="non-virtual"><scope>Mandatory::EventHandler</scope><name>instance</name></member>
      <member refid="class_mandatory_1_1_event_handler_1a5f2adb45b930e8021b2a026e6cc26cf6" prot="public" virt="non-virtual"><scope>Mandatory::EventHandler</scope><name>NotifyObserverListeners</name></member>
      <member refid="class_mandatory_1_1_event_handler_1afd1cdb292ab4e7dfa988b7196bb48799" prot="private" virt="non-virtual"><scope>Mandatory::EventHandler</scope><name>observers</name></member>
      <member refid="class_mandatory_1_1_event_handler_1ae59c0232f97e70361668db9fc1c80e1d" prot="public" virt="non-virtual"><scope>Mandatory::EventHandler</scope><name>RemoveObserverListener</name></member>
    </listofallmembers>
  </compounddef>
</doxygen>
