<?xml version='1.0' encoding='UTF-8' standalone='no'?>
<doxygen xmlns:xsi="http://www.w3.org/2001/XMLSchema-instance" xsi:noNamespaceSchemaLocation="compound.xsd" version="1.15.0" xml:lang="en-US">
  <compounddef id="class_mandatory_1_1_armor" kind="class" language="C#" prot="public">
    <compoundname>Mandatory::Armor</compoundname>
    <basecompoundref refid="class_mandatory_1_1_defence_item" prot="public" virt="non-virtual">Mandatory.DefenceItem</basecompoundref>
    <basecompoundref refid="interface_mandatory_1_1_i_armor_mod_target" prot="public" virt="non-virtual">Mandatory.IArmorModTarget</basecompoundref>
    <sectiondef kind="private-attrib">
      <memberdef kind="variable" id="class_mandatory_1_1_armor_1a63727f4ef9c15440a6b93cb2d035c76c" prot="private" static="no" mutable="no">
        <type>int</type>
        <definition>int Mandatory.Armor.armorAmount</definition>
        <argsstring></argsstring>
        <name>armorAmount</name>
        <qualifiedname>Mandatory.Armor.armorAmount</qualifiedname>
        <briefdescription>
        </briefdescription>
        <detaileddescription>
        </detaileddescription>
        <inbodydescription>
        </inbodydescription>
        <location file="C:/Users/Mus/Programmering/AdvancedCSharp/Mandatory/Armor.cs" line="9" column="17" bodyfile="C:/Users/Mus/Programmering/AdvancedCSharp/Mandatory/Armor.cs" bodystart="9" bodyend="-1"/>
      </memberdef>
    </sectiondef>
    <sectiondef kind="property">
      <memberdef kind="property" id="class_mandatory_1_1_armor_1ab2a0baaee09eb3bbe6942c84b68fd09b" prot="public" static="no" readable="no" writable="no" gettable="yes" privategettable="no" protectedgettable="no" settable="yes" privatesettable="no" protectedsettable="no">
        <type><ref refid="class_mandatory_1_1_defence_item_1afc7d1058978dffddafbc7e03e5136b22" kindref="member">ArmorSlot</ref></type>
        <definition>ArmorSlot Mandatory.Armor.Slot</definition>
        <argsstring></argsstring>
        <name>Slot</name>
        <qualifiedname>Mandatory.Armor.Slot</qualifiedname>
        <briefdescription>
<para>Gets or sets the slot type this armor occupies (e.g., Head, Torso). </para>
        </briefdescription>
        <detaileddescription>
        </detaileddescription>
        <inbodydescription>
        </inbodydescription>
        <location file="C:/Users/Mus/Programmering/AdvancedCSharp/Mandatory/Armor.cs" line="13" column="22" bodyfile="C:/Users/Mus/Programmering/AdvancedCSharp/Mandatory/Armor.cs" bodystart="13" bodyend="13"/>
      </memberdef>
    </sectiondef>
    <sectiondef kind="public-func">
      <memberdef kind="function" id="class_mandatory_1_1_armor_1afcf52fc010e36a6e54a372a7b9784a13" prot="public" static="no" const="no" explicit="no" inline="yes" virt="non-virtual">
        <type></type>
        <definition>Mandatory.Armor.Armor</definition>
        <argsstring>(int armorAmount, ArmorSlot slot)</argsstring>
        <name>Armor</name>
        <qualifiedname>Mandatory.Armor.Armor</qualifiedname>
        <param>
          <type>int</type>
          <declname>armorAmount</declname>
        </param>
        <param>
          <type><ref refid="class_mandatory_1_1_defence_item_1afc7d1058978dffddafbc7e03e5136b22" kindref="member">ArmorSlot</ref></type>
          <declname>slot</declname>
        </param>
        <briefdescription>
<para>Initializes a new instance of the <ref refid="class_mandatory_1_1_armor" kindref="compound">Armor</ref> class. </para>
        </briefdescription>
        <detaileddescription>
<para><parameterlist kind="param"><parameteritem>
<parameternamelist>
<parametername>armorAmount</parametername>
</parameternamelist>
<parameterdescription>
<para>The initial base defense value of the armor.</para>
</parameterdescription>
</parameteritem>
<parameteritem>
<parameternamelist>
<parametername>slot</parametername>
</parameternamelist>
<parameterdescription>
<para>The slot this armor occupies.</para>
</parameterdescription>
</parameteritem>
</parameterlist>
</para>
        </detaileddescription>
        <inbodydescription>
        </inbodydescription>
        <location file="C:/Users/Mus/Programmering/AdvancedCSharp/Mandatory/Armor.cs" line="20" column="12" bodyfile="C:/Users/Mus/Programmering/AdvancedCSharp/Mandatory/Armor.cs" bodystart="20" bodyend="23"/>
      </memberdef>
      <memberdef kind="function" id="class_mandatory_1_1_armor_1ae097f811be2f76aad747fc8c60a12c81" prot="public" static="no" const="no" explicit="no" inline="yes" virt="non-virtual">
        <type>void</type>
        <definition>void Mandatory.Armor.ChangeArmorValue</definition>
        <argsstring>(int amount)</argsstring>
        <name>ChangeArmorValue</name>
        <qualifiedname>Mandatory.Armor.ChangeArmorValue</qualifiedname>
        <reimplements refid="interface_mandatory_1_1_i_armor_mod_target_1a702aa29ca7f59157df1890cb405dea4d">ChangeArmorValue</reimplements>
        <param>
          <type>int</type>
          <declname>amount</declname>
        </param>
        <briefdescription>
<para>Changes the base defense value of the armor by the specified amount. This is part of the <ref refid="interface_mandatory_1_1_i_armor_mod_target" kindref="compound">IArmorModTarget</ref> contract. </para>
        </briefdescription>
        <detaileddescription>
<para><parameterlist kind="param"><parameteritem>
<parameternamelist>
<parametername>amount</parametername>
</parameternamelist>
<parameterdescription>
<para>The amount to add to or subtract from the current armor value.</para>
</parameterdescription>
</parameteritem>
</parameterlist>
</para>
        </detaileddescription>
        <inbodydescription>
        </inbodydescription>
        <location file="C:/Users/Mus/Programmering/AdvancedCSharp/Mandatory/Armor.cs" line="30" column="17" bodyfile="C:/Users/Mus/Programmering/AdvancedCSharp/Mandatory/Armor.cs" bodystart="30" bodyend="32"/>
      </memberdef>
      <memberdef kind="function" id="class_mandatory_1_1_armor_1ab594c7fdb77a1b8fe1084bf840d34569" prot="public" static="no" const="no" explicit="no" inline="yes" virt="non-virtual">
        <type>override int</type>
        <definition>override int Mandatory.Armor.GetTotalDefencePoint</definition>
        <argsstring>()</argsstring>
        <name>GetTotalDefencePoint</name>
        <qualifiedname>Mandatory.Armor.GetTotalDefencePoint</qualifiedname>
        <reimplements refid="interface_mandatory_1_1_i_armor_1a9871f89d8f5c40bb1ee060045e910c2f">GetTotalDefencePoint</reimplements>
        <briefdescription>
<para>Overrides the base method to return the current base defense value of the armor. </para>
        </briefdescription>
        <detaileddescription>
<para><simplesect kind="return"><para>The current integer defense value (<computeroutput>armorAmount</computeroutput>).</para>
</simplesect>
</para>
        </detaileddescription>
        <inbodydescription>
        </inbodydescription>
        <location file="C:/Users/Mus/Programmering/AdvancedCSharp/Mandatory/Armor.cs" line="38" column="25" bodyfile="C:/Users/Mus/Programmering/AdvancedCSharp/Mandatory/Armor.cs" bodystart="38" bodyend="40"/>
      </memberdef>
      <memberdef kind="function" id="class_mandatory_1_1_armor_1afff6ca26e595ac69f29bcf44e5b3e08e" prot="public" static="no" const="no" explicit="no" inline="yes" virt="non-virtual">
        <type>override void</type>
        <definition>override void Mandatory.Armor.Dispose</definition>
        <argsstring>()</argsstring>
        <name>Dispose</name>
        <qualifiedname>Mandatory.Armor.Dispose</qualifiedname>
        <briefdescription>
<para>Disposes of the armor item. </para>
        </briefdescription>
        <detaileddescription>
        </detaileddescription>
        <inbodydescription>
        </inbodydescription>
        <location file="C:/Users/Mus/Programmering/AdvancedCSharp/Mandatory/Armor.cs" line="45" column="26" bodyfile="C:/Users/Mus/Programmering/AdvancedCSharp/Mandatory/Armor.cs" bodystart="45" bodyend="47"/>
      </memberdef>
    </sectiondef>
    <briefdescription>
<para>Represents a basic, concrete armor item in the game. It holds a base defense value and implements the core logic for calculating its defense point. It also serves as a target for modifications via the <ref refid="interface_mandatory_1_1_i_armor_mod_target" kindref="compound">IArmorModTarget</ref> interface. </para>
    </briefdescription>
    <detaileddescription>
    </detaileddescription>
    <inheritancegraph>
      <node id="6">
        <label>IDisposable</label>
      </node>
      <node id="1">
        <label>Mandatory.Armor</label>
        <link refid="class_mandatory_1_1_armor"/>
        <childnode refid="2" relation="public-inheritance">
        </childnode>
        <childnode refid="8" relation="public-inheritance">
        </childnode>
      </node>
      <node id="2">
        <label>Mandatory.DefenceItem</label>
        <link refid="class_mandatory_1_1_defence_item"/>
        <childnode refid="3" relation="public-inheritance">
        </childnode>
      </node>
      <node id="3">
        <label>Mandatory.IArmor</label>
        <link refid="interface_mandatory_1_1_i_armor"/>
        <childnode refid="4" relation="public-inheritance">
        </childnode>
      </node>
      <node id="8">
        <label>Mandatory.IArmorModTarget</label>
        <link refid="interface_mandatory_1_1_i_armor_mod_target"/>
      </node>
      <node id="5">
        <label>Mandatory.IGameObject</label>
        <link refid="interface_mandatory_1_1_i_game_object"/>
        <childnode refid="6" relation="public-inheritance">
        </childnode>
      </node>
      <node id="7">
        <label>Mandatory.ITransform</label>
        <link refid="interface_mandatory_1_1_i_transform"/>
      </node>
      <node id="4">
        <label>Mandatory.IWorldObject</label>
        <link refid="interface_mandatory_1_1_i_world_object"/>
        <childnode refid="5" relation="public-inheritance">
        </childnode>
        <childnode refid="7" relation="public-inheritance">
        </childnode>
      </node>
    </inheritancegraph>
    <collaborationgraph>
      <node id="6">
        <label>IDisposable</label>
      </node>
      <node id="1">
        <label>Mandatory.Armor</label>
        <link refid="class_mandatory_1_1_armor"/>
        <childnode refid="2" relation="public-inheritance">
        </childnode>
        <childnode refid="8" relation="public-inheritance">
        </childnode>
      </node>
      <node id="2">
        <label>Mandatory.DefenceItem</label>
        <link refid="class_mandatory_1_1_defence_item"/>
        <childnode refid="3" relation="public-inheritance">
        </childnode>
      </node>
      <node id="3">
        <label>Mandatory.IArmor</label>
        <link refid="interface_mandatory_1_1_i_armor"/>
        <childnode refid="4" relation="public-inheritance">
        </childnode>
      </node>
      <node id="8">
        <label>Mandatory.IArmorModTarget</label>
        <link refid="interface_mandatory_1_1_i_armor_mod_target"/>
      </node>
      <node id="5">
        <label>Mandatory.IGameObject</label>
        <link refid="interface_mandatory_1_1_i_game_object"/>
        <childnode refid="6" relation="public-inheritance">
        </childnode>
      </node>
      <node id="7">
        <label>Mandatory.ITransform</label>
        <link refid="interface_mandatory_1_1_i_transform"/>
      </node>
      <node id="4">
        <label>Mandatory.IWorldObject</label>
        <link refid="interface_mandatory_1_1_i_world_object"/>
        <childnode refid="5" relation="public-inheritance">
        </childnode>
        <childnode refid="7" relation="public-inheritance">
        </childnode>
      </node>
    </collaborationgraph>
    <location file="C:/Users/Mus/Programmering/AdvancedCSharp/Mandatory/Armor.cs" line="8" column="7" bodyfile="C:/Users/Mus/Programmering/AdvancedCSharp/Mandatory/Armor.cs" bodystart="8" bodyend="48"/>
    <listofallmembers>
      <member refid="class_mandatory_1_1_armor_1afcf52fc010e36a6e54a372a7b9784a13" prot="public" virt="non-virtual"><scope>Mandatory::Armor</scope><name>Armor</name></member>
      <member refid="class_mandatory_1_1_armor_1a63727f4ef9c15440a6b93cb2d035c76c" prot="private" virt="non-virtual"><scope>Mandatory::Armor</scope><name>armorAmount</name></member>
      <member refid="class_mandatory_1_1_defence_item_1afc7d1058978dffddafbc7e03e5136b22" prot="public" virt="non-virtual"><scope>Mandatory::Armor</scope><name>ArmorSlot</name></member>
      <member refid="class_mandatory_1_1_armor_1ae097f811be2f76aad747fc8c60a12c81" prot="public" virt="non-virtual"><scope>Mandatory::Armor</scope><name>ChangeArmorValue</name></member>
      <member refid="class_mandatory_1_1_armor_1afff6ca26e595ac69f29bcf44e5b3e08e" prot="public" virt="non-virtual"><scope>Mandatory::Armor</scope><name>Dispose</name></member>
      <member refid="class_mandatory_1_1_armor_1ab594c7fdb77a1b8fe1084bf840d34569" prot="public" virt="non-virtual"><scope>Mandatory::Armor</scope><name>GetTotalDefencePoint</name></member>
      <member refid="class_mandatory_1_1_defence_item_1a7ae758db620fa668377b12761858d9b4" prot="public" virt="non-virtual"><scope>Mandatory::Armor</scope><name>Lootable</name></member>
      <member refid="class_mandatory_1_1_defence_item_1a719fc6d8bbea954d364dddc95d82f11a" prot="public" virt="non-virtual"><scope>Mandatory::Armor</scope><name>Name</name></member>
      <member refid="class_mandatory_1_1_defence_item_1a77d99cc620ae4812ab51075ad81fc218" prot="public" virt="non-virtual"><scope>Mandatory::Armor</scope><name>Position</name></member>
      <member refid="class_mandatory_1_1_defence_item_1a45ba1ab4df4b64ee5e6958dd6312c17d" prot="public" virt="non-virtual"><scope>Mandatory::Armor</scope><name>Removeable</name></member>
      <member refid="class_mandatory_1_1_armor_1ab2a0baaee09eb3bbe6942c84b68fd09b" prot="public" virt="non-virtual"><scope>Mandatory::Armor</scope><name>Slot</name></member>
    </listofallmembers>
  </compounddef>
</doxygen>
