<?xml version='1.0' encoding='UTF-8' standalone='no'?>
<doxygen xmlns:xsi="http://www.w3.org/2001/XMLSchema-instance" xsi:noNamespaceSchemaLocation="compound.xsd" version="1.15.0" xml:lang="en-US">
  <compounddef id="class_mandatory_1_1_offense_increaser_decorator" kind="class" language="C#" prot="public">
    <compoundname>Mandatory::OffenseIncreaserDecorator</compoundname>
    <basecompoundref refid="class_mandatory_1_1_offence_item_decorator" prot="public" virt="non-virtual">Mandatory.OffenceItemDecorator</basecompoundref>
    <sectiondef kind="private-attrib">
      <memberdef kind="variable" id="class_mandatory_1_1_offense_increaser_decorator_1ab9a7d2ea0c1f6e85d155f7391b8dcde2" prot="private" static="no" mutable="no">
        <type>int</type>
        <definition>int Mandatory.OffenseIncreaserDecorator.increaseAmount</definition>
        <argsstring></argsstring>
        <name>increaseAmount</name>
        <qualifiedname>Mandatory.OffenseIncreaserDecorator.increaseAmount</qualifiedname>
        <briefdescription>
        </briefdescription>
        <detaileddescription>
        </detaileddescription>
        <inbodydescription>
        </inbodydescription>
        <location file="C:/Users/Mus/Programmering/AdvancedCSharp/Mandatory/Decorators/OffenseIncreaserDecorator.cs" line="4" column="17" bodyfile="C:/Users/Mus/Programmering/AdvancedCSharp/Mandatory/Decorators/OffenseIncreaserDecorator.cs" bodystart="4" bodyend="-1"/>
      </memberdef>
    </sectiondef>
    <sectiondef kind="public-func">
      <memberdef kind="function" id="class_mandatory_1_1_offense_increaser_decorator_1accaa972a4af6b9b1c16d296ce05eeff2" prot="public" static="no" const="no" explicit="no" inline="yes" virt="non-virtual">
        <type></type>
        <definition>Mandatory.OffenseIncreaserDecorator.OffenseIncreaserDecorator</definition>
        <argsstring>(IWeapon wrappedWeapon, int increaseAmount)</argsstring>
        <name>OffenseIncreaserDecorator</name>
        <qualifiedname>Mandatory.OffenseIncreaserDecorator.OffenseIncreaserDecorator</qualifiedname>
        <param>
          <type><ref refid="interface_mandatory_1_1_i_weapon" kindref="compound">IWeapon</ref></type>
          <declname>wrappedWeapon</declname>
        </param>
        <param>
          <type>int</type>
          <declname>increaseAmount</declname>
        </param>
        <briefdescription>
        </briefdescription>
        <detaileddescription>
        </detaileddescription>
        <inbodydescription>
        </inbodydescription>
        <location file="C:/Users/Mus/Programmering/AdvancedCSharp/Mandatory/Decorators/OffenseIncreaserDecorator.cs" line="6" column="12" bodyfile="C:/Users/Mus/Programmering/AdvancedCSharp/Mandatory/Decorators/OffenseIncreaserDecorator.cs" bodystart="6" bodyend="8"/>
      </memberdef>
      <memberdef kind="function" id="class_mandatory_1_1_offense_increaser_decorator_1a38d7526de11efef06c8a6c92c626a7b8" prot="public" static="no" const="no" explicit="no" inline="yes" virt="non-virtual">
        <type>int</type>
        <definition>int Mandatory.OffenseIncreaserDecorator.IncreaseWeaponDamage</definition>
        <argsstring>(IWeaponModTarget target, int amount)</argsstring>
        <name>IncreaseWeaponDamage</name>
        <qualifiedname>Mandatory.OffenseIncreaserDecorator.IncreaseWeaponDamage</qualifiedname>
        <param>
          <type><ref refid="interface_mandatory_1_1_i_weapon_mod_target" kindref="compound">IWeaponModTarget</ref></type>
          <declname>target</declname>
        </param>
        <param>
          <type>int</type>
          <declname>amount</declname>
        </param>
        <briefdescription>
        </briefdescription>
        <detaileddescription>
        </detaileddescription>
        <inbodydescription>
        </inbodydescription>
        <location file="C:/Users/Mus/Programmering/AdvancedCSharp/Mandatory/Decorators/OffenseIncreaserDecorator.cs" line="10" column="16" bodyfile="C:/Users/Mus/Programmering/AdvancedCSharp/Mandatory/Decorators/OffenseIncreaserDecorator.cs" bodystart="10" bodyend="12"/>
      </memberdef>
    </sectiondef>
    <briefdescription>
    </briefdescription>
    <detaileddescription>
    </detaileddescription>
    <inheritancegraph>
      <node id="7">
        <label>IDisposable</label>
      </node>
      <node id="1">
        <label>Mandatory.OffenseIncreaserDecorator</label>
        <link refid="class_mandatory_1_1_offense_increaser_decorator"/>
        <childnode refid="2" relation="public-inheritance">
        </childnode>
      </node>
      <node id="3">
        <label>Mandatory.AttackItem</label>
        <link refid="class_mandatory_1_1_attack_item"/>
        <childnode refid="4" relation="public-inheritance">
        </childnode>
      </node>
      <node id="6">
        <label>Mandatory.IGameObject</label>
        <link refid="interface_mandatory_1_1_i_game_object"/>
        <childnode refid="7" relation="public-inheritance">
        </childnode>
      </node>
      <node id="8">
        <label>Mandatory.ITransform</label>
        <link refid="interface_mandatory_1_1_i_transform"/>
      </node>
      <node id="4">
        <label>Mandatory.IWeapon</label>
        <link refid="interface_mandatory_1_1_i_weapon"/>
        <childnode refid="5" relation="public-inheritance">
        </childnode>
      </node>
      <node id="5">
        <label>Mandatory.IWorldObject</label>
        <link refid="interface_mandatory_1_1_i_world_object"/>
        <childnode refid="6" relation="public-inheritance">
        </childnode>
        <childnode refid="8" relation="public-inheritance">
        </childnode>
      </node>
      <node id="2">
        <label>Mandatory.OffenceItemDecorator</label>
        <link refid="class_mandatory_1_1_offence_item_decorator"/>
        <childnode refid="3" relation="public-inheritance">
        </childnode>
      </node>
    </inheritancegraph>
    <collaborationgraph>
      <node id="7">
        <label>IDisposable</label>
      </node>
      <node id="1">
        <label>Mandatory.OffenseIncreaserDecorator</label>
        <link refid="class_mandatory_1_1_offense_increaser_decorator"/>
        <childnode refid="2" relation="public-inheritance">
        </childnode>
      </node>
      <node id="3">
        <label>Mandatory.AttackItem</label>
        <link refid="class_mandatory_1_1_attack_item"/>
        <childnode refid="4" relation="public-inheritance">
        </childnode>
      </node>
      <node id="6">
        <label>Mandatory.IGameObject</label>
        <link refid="interface_mandatory_1_1_i_game_object"/>
        <childnode refid="7" relation="public-inheritance">
        </childnode>
      </node>
      <node id="8">
        <label>Mandatory.ITransform</label>
        <link refid="interface_mandatory_1_1_i_transform"/>
      </node>
      <node id="4">
        <label>Mandatory.IWeapon</label>
        <link refid="interface_mandatory_1_1_i_weapon"/>
        <childnode refid="5" relation="public-inheritance">
        </childnode>
      </node>
      <node id="5">
        <label>Mandatory.IWorldObject</label>
        <link refid="interface_mandatory_1_1_i_world_object"/>
        <childnode refid="6" relation="public-inheritance">
        </childnode>
        <childnode refid="8" relation="public-inheritance">
        </childnode>
      </node>
      <node id="2">
        <label>Mandatory.OffenceItemDecorator</label>
        <link refid="class_mandatory_1_1_offence_item_decorator"/>
        <childnode refid="3" relation="public-inheritance">
        </childnode>
        <childnode refid="4" relation="usage">
          <edgelabel>wrappedWeapon</edgelabel>
        </childnode>
      </node>
    </collaborationgraph>
    <location file="C:/Users/Mus/Programmering/AdvancedCSharp/Mandatory/Decorators/OffenseIncreaserDecorator.cs" line="3" column="7" bodyfile="C:/Users/Mus/Programmering/AdvancedCSharp/Mandatory/Decorators/OffenseIncreaserDecorator.cs" bodystart="3" bodyend="13"/>
    <listofallmembers>
      <member refid="class_mandatory_1_1_offence_item_decorator_1ac54ac5bbdd59381d0414c6e6f2835054" prot="public" virt="non-virtual"><scope>Mandatory::OffenseIncreaserDecorator</scope><name>Dispose</name></member>
      <member refid="class_mandatory_1_1_offence_item_decorator_1a9eb2d1b1f4df337bfd7aa637862f864e" prot="public" virt="non-virtual"><scope>Mandatory::OffenseIncreaserDecorator</scope><name>GetTotalAttackDamage</name></member>
      <member refid="class_mandatory_1_1_offense_increaser_decorator_1ab9a7d2ea0c1f6e85d155f7391b8dcde2" prot="private" virt="non-virtual"><scope>Mandatory::OffenseIncreaserDecorator</scope><name>increaseAmount</name></member>
      <member refid="class_mandatory_1_1_offense_increaser_decorator_1a38d7526de11efef06c8a6c92c626a7b8" prot="public" virt="non-virtual"><scope>Mandatory::OffenseIncreaserDecorator</scope><name>IncreaseWeaponDamage</name></member>
      <member refid="class_mandatory_1_1_attack_item_1a7b81d74871eebfee2430b7ab185ddb60" prot="public" virt="non-virtual"><scope>Mandatory::OffenseIncreaserDecorator</scope><name>Lootable</name></member>
      <member refid="class_mandatory_1_1_attack_item_1a5ab8357e1e3bfcb4a6fea5c7f736b958" prot="public" virt="non-virtual"><scope>Mandatory::OffenseIncreaserDecorator</scope><name>Name</name></member>
      <member refid="class_mandatory_1_1_offence_item_decorator_1aae7e3ef2c2aaef9d4f9526d98b456eb2" prot="public" virt="non-virtual"><scope>Mandatory::OffenseIncreaserDecorator</scope><name>OffenceItemDecorator</name></member>
      <member refid="class_mandatory_1_1_offense_increaser_decorator_1accaa972a4af6b9b1c16d296ce05eeff2" prot="public" virt="non-virtual"><scope>Mandatory::OffenseIncreaserDecorator</scope><name>OffenseIncreaserDecorator</name></member>
      <member refid="class_mandatory_1_1_attack_item_1a7601dc2e3f180400114cee08c82ec8ec" prot="public" virt="non-virtual"><scope>Mandatory::OffenseIncreaserDecorator</scope><name>Position</name></member>
      <member refid="class_mandatory_1_1_attack_item_1a0a26bc6900f9ce3d8bb28478695058fd" prot="public" virt="non-virtual"><scope>Mandatory::OffenseIncreaserDecorator</scope><name>Removeable</name></member>
      <member refid="class_mandatory_1_1_attack_item_1a95204adb66da8836e89afbc9bd8890d7" prot="public" virt="non-virtual"><scope>Mandatory::OffenseIncreaserDecorator</scope><name>WeaponSlot</name></member>
      <member refid="class_mandatory_1_1_offence_item_decorator_1a67658ab97c0c95cc076e0c3520a3544e" prot="protected" virt="non-virtual"><scope>Mandatory::OffenseIncreaserDecorator</scope><name>wrappedWeapon</name></member>
    </listofallmembers>
  </compounddef>
</doxygen>
