<?xml version='1.0' encoding='UTF-8' standalone='no'?>
<doxygen xmlns:xsi="http://www.w3.org/2001/XMLSchema-instance" xsi:noNamespaceSchemaLocation="compound.xsd" version="1.15.0" xml:lang="en-US">
  <compounddef id="class_mandatory_1_1_attack_item" kind="class" language="C#" prot="public" abstract="yes">
    <compoundname>Mandatory::AttackItem</compoundname>
    <basecompoundref refid="interface_mandatory_1_1_i_weapon" prot="public" virt="non-virtual">Mandatory.IWeapon</basecompoundref>
    <derivedcompoundref refid="class_mandatory_1_1_weapon" prot="public" virt="non-virtual">Mandatory.Weapon</derivedcompoundref>
    <sectiondef kind="property">
      <memberdef kind="property" id="class_mandatory_1_1_attack_item_1a5ab8357e1e3bfcb4a6fea5c7f736b958" prot="public" static="no" readable="no" writable="no" gettable="yes" privategettable="no" protectedgettable="no" settable="yes" privatesettable="no" protectedsettable="no">
        <type>string?</type>
        <definition>string? Mandatory.AttackItem.Name</definition>
        <argsstring></argsstring>
        <name>Name</name>
        <qualifiedname>Mandatory.AttackItem.Name</qualifiedname>
        <reimplements refid="interface_mandatory_1_1_i_game_object_1a42aa80381992f8d7f3b43ed206876f06">Name</reimplements>
        <briefdescription>
<para>Gets or sets the name of the weapon item. </para>
        </briefdescription>
        <detaileddescription>
        </detaileddescription>
        <inbodydescription>
        </inbodydescription>
        <location file="C:/Users/Mus/Programmering/AdvancedCSharp/Mandatory/AttackItem.cs" line="12" column="19" bodyfile="C:/Users/Mus/Programmering/AdvancedCSharp/Mandatory/AttackItem.cs" bodystart="12" bodyend="12"/>
      </memberdef>
      <memberdef kind="property" id="class_mandatory_1_1_attack_item_1a7b81d74871eebfee2430b7ab185ddb60" prot="public" static="no" readable="no" writable="no" gettable="yes" privategettable="no" protectedgettable="no" settable="yes" privatesettable="no" protectedsettable="no">
        <type>bool</type>
        <definition>bool Mandatory.AttackItem.Lootable</definition>
        <argsstring></argsstring>
        <name>Lootable</name>
        <qualifiedname>Mandatory.AttackItem.Lootable</qualifiedname>
        <reimplements refid="interface_mandatory_1_1_i_game_object_1a549268d62408a0fa0af6802d81869940">Lootable</reimplements>
        <briefdescription>
<para>Gets or sets a value indicating whether the item can be looted. </para>
        </briefdescription>
        <detaileddescription>
        </detaileddescription>
        <inbodydescription>
        </inbodydescription>
        <location file="C:/Users/Mus/Programmering/AdvancedCSharp/Mandatory/AttackItem.cs" line="16" column="17" bodyfile="C:/Users/Mus/Programmering/AdvancedCSharp/Mandatory/AttackItem.cs" bodystart="16" bodyend="16"/>
      </memberdef>
      <memberdef kind="property" id="class_mandatory_1_1_attack_item_1a0a26bc6900f9ce3d8bb28478695058fd" prot="public" static="no" readable="no" writable="no" gettable="yes" privategettable="no" protectedgettable="no" settable="yes" privatesettable="no" protectedsettable="no">
        <type>bool</type>
        <definition>bool Mandatory.AttackItem.Removeable</definition>
        <argsstring></argsstring>
        <name>Removeable</name>
        <qualifiedname>Mandatory.AttackItem.Removeable</qualifiedname>
        <reimplements refid="interface_mandatory_1_1_i_game_object_1aaf05885daf8cca71768aa10deac2ac54">Removeable</reimplements>
        <briefdescription>
<para>Gets or sets a value indicating whether the item can be removed from a container or inventory. </para>
        </briefdescription>
        <detaileddescription>
        </detaileddescription>
        <inbodydescription>
        </inbodydescription>
        <location file="C:/Users/Mus/Programmering/AdvancedCSharp/Mandatory/AttackItem.cs" line="20" column="17" bodyfile="C:/Users/Mus/Programmering/AdvancedCSharp/Mandatory/AttackItem.cs" bodystart="20" bodyend="20"/>
      </memberdef>
      <memberdef kind="property" id="class_mandatory_1_1_attack_item_1a95204adb66da8836e89afbc9bd8890d7" prot="public" static="no" readable="no" writable="no" gettable="yes" privategettable="no" protectedgettable="no" settable="yes" privatesettable="no" protectedsettable="no">
        <type>WeaponSlot</type>
        <definition>WeaponSlot Mandatory.AttackItem.WeaponSlot</definition>
        <argsstring></argsstring>
        <name>WeaponSlot</name>
        <qualifiedname>Mandatory.AttackItem.WeaponSlot</qualifiedname>
        <reimplements refid="interface_mandatory_1_1_i_weapon_1af4be1545955b7f2017f7d1cd25dec321">WeaponSlot</reimplements>
        <briefdescription>
<para>Gets or sets the slot type this weapon occupies (e.g., MainHand, OffHand). </para>
        </briefdescription>
        <detaileddescription>
        </detaileddescription>
        <inbodydescription>
        </inbodydescription>
        <location file="C:/Users/Mus/Programmering/AdvancedCSharp/Mandatory/AttackItem.cs" line="24" column="23" bodyfile="C:/Users/Mus/Programmering/AdvancedCSharp/Mandatory/AttackItem.cs" bodystart="24" bodyend="24"/>
      </memberdef>
      <memberdef kind="property" id="class_mandatory_1_1_attack_item_1a7601dc2e3f180400114cee08c82ec8ec" prot="public" static="no" readable="no" writable="no" gettable="yes" privategettable="no" protectedgettable="no" settable="yes" privatesettable="no" protectedsettable="no">
        <type>Position</type>
        <definition>Position Mandatory.AttackItem.Position</definition>
        <argsstring></argsstring>
        <name>Position</name>
        <qualifiedname>Mandatory.AttackItem.Position</qualifiedname>
        <reimplements refid="interface_mandatory_1_1_i_transform_1a045d5ec083352905363be26d5f676b51">Position</reimplements>
        <briefdescription>
<para>Gets or sets the position of the item in the game world. </para>
        </briefdescription>
        <detaileddescription>
        </detaileddescription>
        <inbodydescription>
        </inbodydescription>
        <location file="C:/Users/Mus/Programmering/AdvancedCSharp/Mandatory/AttackItem.cs" line="28" column="21" bodyfile="C:/Users/Mus/Programmering/AdvancedCSharp/Mandatory/AttackItem.cs" bodystart="28" bodyend="28"/>
      </memberdef>
    </sectiondef>
    <sectiondef kind="public-func">
      <memberdef kind="function" id="class_mandatory_1_1_attack_item_1a4f51b52b1f52e324c4e4982f8f0bda60" prot="public" static="no" const="no" explicit="no" inline="no" virt="non-virtual">
        <type>int</type>
        <definition>int Mandatory.AttackItem.GetTotalAttackDamage</definition>
        <argsstring>()</argsstring>
        <name>GetTotalAttackDamage</name>
        <qualifiedname>Mandatory.AttackItem.GetTotalAttackDamage</qualifiedname>
        <reimplements refid="interface_mandatory_1_1_i_weapon_1ab76bf9b7f4beb27249b4108560655735">GetTotalAttackDamage</reimplements>
        <briefdescription>
<para>Abstract method to calculate the total attack damage provided by this weapon. Concrete classes must implement this. </para>
        </briefdescription>
        <detaileddescription>
<para><simplesect kind="return"><para>The calculated attack damage value.</para>
</simplesect>
</para>
        </detaileddescription>
        <inbodydescription>
        </inbodydescription>
        <location file="C:/Users/Mus/Programmering/AdvancedCSharp/Mandatory/AttackItem.cs" line="34" column="25"/>
      </memberdef>
      <memberdef kind="function" id="class_mandatory_1_1_attack_item_1ac8f2e7ecf832aa02994707f64f06e55d" prot="public" static="no" const="no" explicit="no" inline="no" virt="non-virtual">
        <type>void</type>
        <definition>void Mandatory.AttackItem.Dispose</definition>
        <argsstring>()</argsstring>
        <name>Dispose</name>
        <qualifiedname>Mandatory.AttackItem.Dispose</qualifiedname>
        <briefdescription>
<para>Performs application-defined tasks associated with freeing, releasing, or resetting unmanaged resources. This is inherited from the IDisposable interface via <ref refid="interface_mandatory_1_1_i_game_object" kindref="compound">IGameObject</ref> (implied). </para>
        </briefdescription>
        <detaileddescription>
        </detaileddescription>
        <inbodydescription>
        </inbodydescription>
        <location file="C:/Users/Mus/Programmering/AdvancedCSharp/Mandatory/AttackItem.cs" line="39" column="26"/>
      </memberdef>
    </sectiondef>
    <briefdescription>
<para>Represents the abstract base class for all offensive items (weapons) in the game. It provides common properties shared by all weapon types and defines the contract for damage calculation and object disposal. </para>
    </briefdescription>
    <detaileddescription>
    </detaileddescription>
    <inheritancegraph>
      <node id="5">
        <label>IDisposable</label>
      </node>
      <node id="1">
        <label>Mandatory.AttackItem</label>
        <link refid="class_mandatory_1_1_attack_item"/>
        <childnode refid="2" relation="public-inheritance">
        </childnode>
      </node>
      <node id="4">
        <label>Mandatory.IGameObject</label>
        <link refid="interface_mandatory_1_1_i_game_object"/>
        <childnode refid="5" relation="public-inheritance">
        </childnode>
      </node>
      <node id="6">
        <label>Mandatory.ITransform</label>
        <link refid="interface_mandatory_1_1_i_transform"/>
      </node>
      <node id="2">
        <label>Mandatory.IWeapon</label>
        <link refid="interface_mandatory_1_1_i_weapon"/>
        <childnode refid="3" relation="public-inheritance">
        </childnode>
      </node>
      <node id="3">
        <label>Mandatory.IWorldObject</label>
        <link refid="interface_mandatory_1_1_i_world_object"/>
        <childnode refid="4" relation="public-inheritance">
        </childnode>
        <childnode refid="6" relation="public-inheritance">
        </childnode>
      </node>
      <node id="7">
        <label>Mandatory.Weapon</label>
        <link refid="class_mandatory_1_1_weapon"/>
        <childnode refid="1" relation="public-inheritance">
        </childnode>
      </node>
    </inheritancegraph>
    <collaborationgraph>
      <node id="5">
        <label>IDisposable</label>
      </node>
      <node id="1">
        <label>Mandatory.AttackItem</label>
        <link refid="class_mandatory_1_1_attack_item"/>
        <childnode refid="2" relation="public-inheritance">
        </childnode>
      </node>
      <node id="4">
        <label>Mandatory.IGameObject</label>
        <link refid="interface_mandatory_1_1_i_game_object"/>
        <childnode refid="5" relation="public-inheritance">
        </childnode>
      </node>
      <node id="6">
        <label>Mandatory.ITransform</label>
        <link refid="interface_mandatory_1_1_i_transform"/>
      </node>
      <node id="2">
        <label>Mandatory.IWeapon</label>
        <link refid="interface_mandatory_1_1_i_weapon"/>
        <childnode refid="3" relation="public-inheritance">
        </childnode>
      </node>
      <node id="3">
        <label>Mandatory.IWorldObject</label>
        <link refid="interface_mandatory_1_1_i_world_object"/>
        <childnode refid="4" relation="public-inheritance">
        </childnode>
        <childnode refid="6" relation="public-inheritance">
        </childnode>
      </node>
    </collaborationgraph>
    <location file="C:/Users/Mus/Programmering/AdvancedCSharp/Mandatory/AttackItem.cs" line="8" column="17" bodyfile="C:/Users/Mus/Programmering/AdvancedCSharp/Mandatory/AttackItem.cs" bodystart="8" bodyend="40"/>
    <listofallmembers>
      <member refid="class_mandatory_1_1_attack_item_1ac8f2e7ecf832aa02994707f64f06e55d" prot="public" virt="non-virtual"><scope>Mandatory::AttackItem</scope><name>Dispose</name></member>
      <member refid="class_mandatory_1_1_attack_item_1a4f51b52b1f52e324c4e4982f8f0bda60" prot="public" virt="non-virtual"><scope>Mandatory::AttackItem</scope><name>GetTotalAttackDamage</name></member>
      <member refid="class_mandatory_1_1_attack_item_1a7b81d74871eebfee2430b7ab185ddb60" prot="public" virt="non-virtual"><scope>Mandatory::AttackItem</scope><name>Lootable</name></member>
      <member refid="class_mandatory_1_1_attack_item_1a5ab8357e1e3bfcb4a6fea5c7f736b958" prot="public" virt="non-virtual"><scope>Mandatory::AttackItem</scope><name>Name</name></member>
      <member refid="class_mandatory_1_1_attack_item_1a7601dc2e3f180400114cee08c82ec8ec" prot="public" virt="non-virtual"><scope>Mandatory::AttackItem</scope><name>Position</name></member>
      <member refid="class_mandatory_1_1_attack_item_1a0a26bc6900f9ce3d8bb28478695058fd" prot="public" virt="non-virtual"><scope>Mandatory::AttackItem</scope><name>Removeable</name></member>
      <member refid="class_mandatory_1_1_attack_item_1a95204adb66da8836e89afbc9bd8890d7" prot="public" virt="non-virtual"><scope>Mandatory::AttackItem</scope><name>WeaponSlot</name></member>
    </listofallmembers>
  </compounddef>
</doxygen>
