<?xml version='1.0' encoding='UTF-8' standalone='no'?>
<doxygen xmlns:xsi="http://www.w3.org/2001/XMLSchema-instance" xsi:noNamespaceSchemaLocation="compound.xsd" version="1.15.0" xml:lang="en-US">
  <compounddef id="class_mandatory_1_1_damage_decorator" kind="class" language="C#" prot="public">
    <compoundname>Mandatory::DamageDecorator</compoundname>
    <basecompoundref refid="interface_mandatory_1_1_i_increase_weapon_damage" prot="public" virt="non-virtual">Mandatory.IIncreaseWeaponDamage</basecompoundref>
    <sectiondef kind="private-attrib">
      <memberdef kind="variable" id="class_mandatory_1_1_damage_decorator_1a15f2ecd9d0d991ca2c1e575bcc4e8c40" prot="private" static="no" mutable="no">
        <type><ref refid="interface_mandatory_1_1_i_increase_weapon_damage" kindref="compound">IIncreaseWeaponDamage</ref></type>
        <definition>IIncreaseWeaponDamage Mandatory.DamageDecorator.wrappedComponent</definition>
        <argsstring></argsstring>
        <name>wrappedComponent</name>
        <qualifiedname>Mandatory.DamageDecorator.wrappedComponent</qualifiedname>
        <briefdescription>
        </briefdescription>
        <detaileddescription>
        </detaileddescription>
        <inbodydescription>
        </inbodydescription>
        <location file="C:/Users/Mus/Programmering/AdvancedCSharp/Mandatory/Helpers/DamageDecorator.cs" line="4" column="35" bodyfile="C:/Users/Mus/Programmering/AdvancedCSharp/Mandatory/Helpers/DamageDecorator.cs" bodystart="4" bodyend="-1"/>
      </memberdef>
    </sectiondef>
    <sectiondef kind="public-func">
      <memberdef kind="function" id="class_mandatory_1_1_damage_decorator_1a7c5410f99baa48b1f8acde2594afab52" prot="public" static="no" const="no" explicit="no" inline="yes" virt="non-virtual">
        <type></type>
        <definition>Mandatory.DamageDecorator.DamageDecorator</definition>
        <argsstring>(IIncreaseWeaponDamage wrappedComponent)</argsstring>
        <name>DamageDecorator</name>
        <qualifiedname>Mandatory.DamageDecorator.DamageDecorator</qualifiedname>
        <param>
          <type><ref refid="interface_mandatory_1_1_i_increase_weapon_damage" kindref="compound">IIncreaseWeaponDamage</ref></type>
          <declname>wrappedComponent</declname>
        </param>
        <briefdescription>
        </briefdescription>
        <detaileddescription>
        </detaileddescription>
        <inbodydescription>
        </inbodydescription>
        <location file="C:/Users/Mus/Programmering/AdvancedCSharp/Mandatory/Helpers/DamageDecorator.cs" line="6" column="12" bodyfile="C:/Users/Mus/Programmering/AdvancedCSharp/Mandatory/Helpers/DamageDecorator.cs" bodystart="6" bodyend="8"/>
      </memberdef>
      <memberdef kind="function" id="class_mandatory_1_1_damage_decorator_1affb7e4b68ebb8a9251a7edc207b9e29a" prot="public" static="no" const="no" explicit="no" inline="yes" virt="non-virtual">
        <type>void</type>
        <definition>void Mandatory.DamageDecorator.IncreaseWeaponDamage</definition>
        <argsstring>(IWeaponModTarget target, int amount)</argsstring>
        <name>IncreaseWeaponDamage</name>
        <qualifiedname>Mandatory.DamageDecorator.IncreaseWeaponDamage</qualifiedname>
        <reimplements refid="interface_mandatory_1_1_i_increase_weapon_damage_1a6d8f5e3fa05a59154e571cfec50d709c">IncreaseWeaponDamage</reimplements>
        <param>
          <type><ref refid="interface_mandatory_1_1_i_weapon_mod_target" kindref="compound">IWeaponModTarget</ref></type>
          <declname>target</declname>
        </param>
        <param>
          <type>int</type>
          <declname>amount</declname>
        </param>
        <briefdescription>
        </briefdescription>
        <detaileddescription>
        </detaileddescription>
        <inbodydescription>
        </inbodydescription>
        <location file="C:/Users/Mus/Programmering/AdvancedCSharp/Mandatory/Helpers/DamageDecorator.cs" line="10" column="17" bodyfile="C:/Users/Mus/Programmering/AdvancedCSharp/Mandatory/Helpers/DamageDecorator.cs" bodystart="10" bodyend="12"/>
      </memberdef>
    </sectiondef>
    <briefdescription>
    </briefdescription>
    <detaileddescription>
    </detaileddescription>
    <inheritancegraph>
      <node id="1">
        <label>Mandatory.DamageDecorator</label>
        <link refid="class_mandatory_1_1_damage_decorator"/>
        <childnode refid="2" relation="public-inheritance">
        </childnode>
      </node>
      <node id="2">
        <label>Mandatory.IIncreaseWeaponDamage</label>
        <link refid="interface_mandatory_1_1_i_increase_weapon_damage"/>
      </node>
    </inheritancegraph>
    <collaborationgraph>
      <node id="1">
        <label>Mandatory.DamageDecorator</label>
        <link refid="class_mandatory_1_1_damage_decorator"/>
        <childnode refid="2" relation="public-inheritance">
        </childnode>
      </node>
      <node id="2">
        <label>Mandatory.IIncreaseWeaponDamage</label>
        <link refid="interface_mandatory_1_1_i_increase_weapon_damage"/>
      </node>
    </collaborationgraph>
    <location file="C:/Users/Mus/Programmering/AdvancedCSharp/Mandatory/Helpers/DamageDecorator.cs" line="3" column="7" bodyfile="C:/Users/Mus/Programmering/AdvancedCSharp/Mandatory/Helpers/DamageDecorator.cs" bodystart="3" bodyend="13"/>
    <listofallmembers>
      <member refid="class_mandatory_1_1_damage_decorator_1a7c5410f99baa48b1f8acde2594afab52" prot="public" virt="non-virtual"><scope>Mandatory::DamageDecorator</scope><name>DamageDecorator</name></member>
      <member refid="class_mandatory_1_1_damage_decorator_1affb7e4b68ebb8a9251a7edc207b9e29a" prot="public" virt="non-virtual"><scope>Mandatory::DamageDecorator</scope><name>IncreaseWeaponDamage</name></member>
      <member refid="class_mandatory_1_1_damage_decorator_1a15f2ecd9d0d991ca2c1e575bcc4e8c40" prot="private" virt="non-virtual"><scope>Mandatory::DamageDecorator</scope><name>wrappedComponent</name></member>
    </listofallmembers>
  </compounddef>
</doxygen>
