<?xml version='1.0' encoding='UTF-8' standalone='no'?>
<doxygen xmlns:xsi="http://www.w3.org/2001/XMLSchema-instance" xsi:noNamespaceSchemaLocation="compound.xsd" version="1.15.0" xml:lang="en-US">
  <compounddef id="class_mandatory_1_1_game_object" kind="class" language="C#" prot="public" abstract="yes">
    <compoundname>Mandatory::GameObject</compoundname>
    <basecompoundref refid="interface_mandatory_1_1_i_game_object" prot="public" virt="non-virtual">Mandatory.IGameObject</basecompoundref>
    <sectiondef kind="property">
      <memberdef kind="property" id="class_mandatory_1_1_game_object_1a47986724d67a2840696fa1e4279eef1d" prot="public" static="no" readable="no" writable="no" gettable="yes" privategettable="no" protectedgettable="no" settable="yes" privatesettable="no" protectedsettable="no">
        <type>string?</type>
        <definition>string? Mandatory.GameObject.Name</definition>
        <argsstring></argsstring>
        <name>Name</name>
        <qualifiedname>Mandatory.GameObject.Name</qualifiedname>
        <reimplements refid="interface_mandatory_1_1_i_game_object_1a42aa80381992f8d7f3b43ed206876f06">Name</reimplements>
        <briefdescription>
<para>Gets or sets the name of the game object. </para>
        </briefdescription>
        <detaileddescription>
        </detaileddescription>
        <inbodydescription>
        </inbodydescription>
        <location file="C:/Users/Mus/Programmering/AdvancedCSharp/Mandatory/GameObject.cs" line="12" column="19" bodyfile="C:/Users/Mus/Programmering/AdvancedCSharp/Mandatory/GameObject.cs" bodystart="12" bodyend="12"/>
      </memberdef>
      <memberdef kind="property" id="class_mandatory_1_1_game_object_1a9d8c94656d6a9f96eaa1808f447953c8" prot="public" static="no" readable="no" writable="no" gettable="yes" privategettable="no" protectedgettable="no" settable="yes" privatesettable="no" protectedsettable="no">
        <type>bool</type>
        <definition>bool Mandatory.GameObject.Lootable</definition>
        <argsstring></argsstring>
        <name>Lootable</name>
        <qualifiedname>Mandatory.GameObject.Lootable</qualifiedname>
        <reimplements refid="interface_mandatory_1_1_i_game_object_1a549268d62408a0fa0af6802d81869940">Lootable</reimplements>
        <briefdescription>
<para>Gets or sets a value indicating whether this object can be looted upon interaction or removal. </para>
        </briefdescription>
        <detaileddescription>
        </detaileddescription>
        <inbodydescription>
        </inbodydescription>
        <location file="C:/Users/Mus/Programmering/AdvancedCSharp/Mandatory/GameObject.cs" line="16" column="17" bodyfile="C:/Users/Mus/Programmering/AdvancedCSharp/Mandatory/GameObject.cs" bodystart="16" bodyend="16"/>
      </memberdef>
      <memberdef kind="property" id="class_mandatory_1_1_game_object_1a7eddbad9adcf08f18f9b4367828925ec" prot="public" static="no" readable="no" writable="no" gettable="yes" privategettable="no" protectedgettable="no" settable="yes" privatesettable="no" protectedsettable="no">
        <type>bool</type>
        <definition>bool Mandatory.GameObject.Removeable</definition>
        <argsstring></argsstring>
        <name>Removeable</name>
        <qualifiedname>Mandatory.GameObject.Removeable</qualifiedname>
        <reimplements refid="interface_mandatory_1_1_i_game_object_1aaf05885daf8cca71768aa10deac2ac54">Removeable</reimplements>
        <briefdescription>
<para>Gets or sets a value indicating whether this object can be safely removed from the game world. </para>
        </briefdescription>
        <detaileddescription>
        </detaileddescription>
        <inbodydescription>
        </inbodydescription>
        <location file="C:/Users/Mus/Programmering/AdvancedCSharp/Mandatory/GameObject.cs" line="20" column="17" bodyfile="C:/Users/Mus/Programmering/AdvancedCSharp/Mandatory/GameObject.cs" bodystart="20" bodyend="20"/>
      </memberdef>
    </sectiondef>
    <sectiondef kind="public-func">
      <memberdef kind="function" id="class_mandatory_1_1_game_object_1a7ea2adf2c5599ef1e36e7314d6ef87ed" prot="public" static="no" const="no" explicit="no" inline="no" virt="non-virtual">
        <type>void</type>
        <definition>void Mandatory.GameObject.Dispose</definition>
        <argsstring>()</argsstring>
        <name>Dispose</name>
        <qualifiedname>Mandatory.GameObject.Dispose</qualifiedname>
        <briefdescription>
<para>Abstract method required by the IDisposable contract (inherited via <ref refid="interface_mandatory_1_1_i_game_object" kindref="compound">IGameObject</ref>). Concrete subclasses must implement the logic to free resources. </para>
        </briefdescription>
        <detaileddescription>
        </detaileddescription>
        <inbodydescription>
        </inbodydescription>
        <location file="C:/Users/Mus/Programmering/AdvancedCSharp/Mandatory/GameObject.cs" line="26" column="26"/>
      </memberdef>
      <memberdef kind="function" id="class_mandatory_1_1_game_object_1a3da9e4282a807cebe9b3199c3bde0893" prot="public" static="no" const="no" explicit="no" inline="yes" virt="non-virtual">
        <type>override string</type>
        <definition>override string Mandatory.GameObject.ToString</definition>
        <argsstring>()</argsstring>
        <name>ToString</name>
        <qualifiedname>Mandatory.GameObject.ToString</qualifiedname>
        <briefdescription>
<para>Returns a string that represents the current game object. </para>
        </briefdescription>
        <detaileddescription>
<para><simplesect kind="return"><para>A formatted string containing the object&apos;s name, lootable status, and removeable status.</para>
</simplesect>
</para>
        </detaileddescription>
        <inbodydescription>
        </inbodydescription>
        <location file="C:/Users/Mus/Programmering/AdvancedCSharp/Mandatory/GameObject.cs" line="32" column="28" bodyfile="C:/Users/Mus/Programmering/AdvancedCSharp/Mandatory/GameObject.cs" bodystart="32" bodyend="34"/>
      </memberdef>
    </sectiondef>
    <briefdescription>
<para>The abstract base class for all entities in the game world. It implements the core contract defined by <ref refid="interface_mandatory_1_1_i_game_object" kindref="compound">IGameObject</ref>, providing shared properties and a basic string representation. </para>
    </briefdescription>
    <detaileddescription>
    </detaileddescription>
    <inheritancegraph>
      <node id="3">
        <label>IDisposable</label>
      </node>
      <node id="1">
        <label>Mandatory.GameObject</label>
        <link refid="class_mandatory_1_1_game_object"/>
        <childnode refid="2" relation="public-inheritance">
        </childnode>
      </node>
      <node id="2">
        <label>Mandatory.IGameObject</label>
        <link refid="interface_mandatory_1_1_i_game_object"/>
        <childnode refid="3" relation="public-inheritance">
        </childnode>
      </node>
    </inheritancegraph>
    <collaborationgraph>
      <node id="3">
        <label>IDisposable</label>
      </node>
      <node id="1">
        <label>Mandatory.GameObject</label>
        <link refid="class_mandatory_1_1_game_object"/>
        <childnode refid="2" relation="public-inheritance">
        </childnode>
      </node>
      <node id="2">
        <label>Mandatory.IGameObject</label>
        <link refid="interface_mandatory_1_1_i_game_object"/>
        <childnode refid="3" relation="public-inheritance">
        </childnode>
      </node>
    </collaborationgraph>
    <location file="C:/Users/Mus/Programmering/AdvancedCSharp/Mandatory/GameObject.cs" line="8" column="17" bodyfile="C:/Users/Mus/Programmering/AdvancedCSharp/Mandatory/GameObject.cs" bodystart="8" bodyend="35"/>
    <listofallmembers>
      <member refid="class_mandatory_1_1_game_object_1a7ea2adf2c5599ef1e36e7314d6ef87ed" prot="public" virt="non-virtual"><scope>Mandatory::GameObject</scope><name>Dispose</name></member>
      <member refid="class_mandatory_1_1_game_object_1a9d8c94656d6a9f96eaa1808f447953c8" prot="public" virt="non-virtual"><scope>Mandatory::GameObject</scope><name>Lootable</name></member>
      <member refid="class_mandatory_1_1_game_object_1a47986724d67a2840696fa1e4279eef1d" prot="public" virt="non-virtual"><scope>Mandatory::GameObject</scope><name>Name</name></member>
      <member refid="class_mandatory_1_1_game_object_1a7eddbad9adcf08f18f9b4367828925ec" prot="public" virt="non-virtual"><scope>Mandatory::GameObject</scope><name>Removeable</name></member>
      <member refid="class_mandatory_1_1_game_object_1a3da9e4282a807cebe9b3199c3bde0893" prot="public" virt="non-virtual"><scope>Mandatory::GameObject</scope><name>ToString</name></member>
    </listofallmembers>
  </compounddef>
</doxygen>
