<?xml version='1.0' encoding='UTF-8' standalone='no'?>
<doxygen xmlns:xsi="http://www.w3.org/2001/XMLSchema-instance" xsi:noNamespaceSchemaLocation="compound.xsd" version="1.15.0" xml:lang="en-US">
  <compounddef id="class_mandatory_1_1_weapon" kind="class" language="C#" prot="public">
    <compoundname>Mandatory::Weapon</compoundname>
    <basecompoundref refid="class_mandatory_1_1_attack_item" prot="public" virt="non-virtual">Mandatory.AttackItem</basecompoundref>
    <basecompoundref refid="interface_mandatory_1_1_i_weapon_mod_target" prot="public" virt="non-virtual">Mandatory.IWeaponModTarget</basecompoundref>
    <sectiondef kind="private-attrib">
      <memberdef kind="variable" id="class_mandatory_1_1_weapon_1a3a50cd6924a634cc80948662c1fe206f" prot="private" static="no" mutable="no">
        <type>int</type>
        <definition>int Mandatory.Weapon.damageAmount</definition>
        <argsstring></argsstring>
        <name>damageAmount</name>
        <qualifiedname>Mandatory.Weapon.damageAmount</qualifiedname>
        <briefdescription>
        </briefdescription>
        <detaileddescription>
        </detaileddescription>
        <inbodydescription>
        </inbodydescription>
        <location file="C:/Users/Mus/Programmering/AdvancedCSharp/Mandatory/Weapon.cs" line="9" column="17" bodyfile="C:/Users/Mus/Programmering/AdvancedCSharp/Mandatory/Weapon.cs" bodystart="9" bodyend="-1"/>
      </memberdef>
    </sectiondef>
    <sectiondef kind="property">
      <memberdef kind="property" id="class_mandatory_1_1_weapon_1ae53f385ef85f1aaff16f7be3c1b6958f" prot="public" static="no" readable="no" writable="no" gettable="yes" privategettable="no" protectedgettable="no" settable="no" privatesettable="yes" protectedsettable="no">
        <type><ref refid="class_mandatory_1_1_attack_item_1a95204adb66da8836e89afbc9bd8890d7" kindref="member">WeaponSlot</ref></type>
        <definition>WeaponSlot Mandatory.Weapon.Slot</definition>
        <argsstring></argsstring>
        <name>Slot</name>
        <qualifiedname>Mandatory.Weapon.Slot</qualifiedname>
        <briefdescription>
<para>Gets the slot type this weapon occupies (e.g., MainHand, OffHand). </para>
        </briefdescription>
        <detaileddescription>
        </detaileddescription>
        <inbodydescription>
        </inbodydescription>
        <location file="C:/Users/Mus/Programmering/AdvancedCSharp/Mandatory/Weapon.cs" line="13" column="23" bodyfile="C:/Users/Mus/Programmering/AdvancedCSharp/Mandatory/Weapon.cs" bodystart="13" bodyend="13"/>
      </memberdef>
    </sectiondef>
    <sectiondef kind="public-func">
      <memberdef kind="function" id="class_mandatory_1_1_weapon_1afc6f770a20fa84fd7853fa52ccd750c3" prot="public" static="no" const="no" explicit="no" inline="yes" virt="non-virtual">
        <type></type>
        <definition>Mandatory.Weapon.Weapon</definition>
        <argsstring>(int damageAmount, WeaponSlot slot)</argsstring>
        <name>Weapon</name>
        <qualifiedname>Mandatory.Weapon.Weapon</qualifiedname>
        <param>
          <type>int</type>
          <declname>damageAmount</declname>
        </param>
        <param>
          <type><ref refid="class_mandatory_1_1_attack_item_1a95204adb66da8836e89afbc9bd8890d7" kindref="member">WeaponSlot</ref></type>
          <declname>slot</declname>
        </param>
        <briefdescription>
<para>Initializes a new instance of the <ref refid="class_mandatory_1_1_weapon" kindref="compound">Weapon</ref> class. </para>
        </briefdescription>
        <detaileddescription>
<para><parameterlist kind="param"><parameteritem>
<parameternamelist>
<parametername>damageAmount</parametername>
</parameternamelist>
<parameterdescription>
<para>The initial base damage value of the weapon.</para>
</parameterdescription>
</parameteritem>
<parameteritem>
<parameternamelist>
<parametername>slot</parametername>
</parameternamelist>
<parameterdescription>
<para>The slot this weapon occupies.</para>
</parameterdescription>
</parameteritem>
</parameterlist>
</para>
        </detaileddescription>
        <inbodydescription>
        </inbodydescription>
        <location file="C:/Users/Mus/Programmering/AdvancedCSharp/Mandatory/Weapon.cs" line="20" column="12" bodyfile="C:/Users/Mus/Programmering/AdvancedCSharp/Mandatory/Weapon.cs" bodystart="20" bodyend="23"/>
      </memberdef>
      <memberdef kind="function" id="class_mandatory_1_1_weapon_1aa5e97fbc60bbce48679e660377ecb5b8" prot="public" static="no" const="no" explicit="no" inline="yes" virt="non-virtual">
        <type>void</type>
        <definition>void Mandatory.Weapon.ChangeWeaponDamage</definition>
        <argsstring>(int amount)</argsstring>
        <name>ChangeWeaponDamage</name>
        <qualifiedname>Mandatory.Weapon.ChangeWeaponDamage</qualifiedname>
        <reimplements refid="interface_mandatory_1_1_i_weapon_mod_target_1a8ab8b14b76850710ff6e932e8372adfe">ChangeWeaponDamage</reimplements>
        <param>
          <type>int</type>
          <declname>amount</declname>
        </param>
        <briefdescription>
<para>Changes the base attack damage value of the weapon by the specified amount. This is part of the <ref refid="interface_mandatory_1_1_i_weapon_mod_target" kindref="compound">IWeaponModTarget</ref> contract. </para>
        </briefdescription>
        <detaileddescription>
<para><parameterlist kind="param"><parameteritem>
<parameternamelist>
<parametername>amount</parametername>
</parameternamelist>
<parameterdescription>
<para>The amount to add to or subtract from the current damage value.</para>
</parameterdescription>
</parameteritem>
</parameterlist>
</para>
        </detaileddescription>
        <inbodydescription>
        </inbodydescription>
        <location file="C:/Users/Mus/Programmering/AdvancedCSharp/Mandatory/Weapon.cs" line="30" column="17" bodyfile="C:/Users/Mus/Programmering/AdvancedCSharp/Mandatory/Weapon.cs" bodystart="30" bodyend="32"/>
      </memberdef>
      <memberdef kind="function" id="class_mandatory_1_1_weapon_1af4a432dba27d13e54dff952c1a35b72e" prot="public" static="no" const="no" explicit="no" inline="yes" virt="non-virtual">
        <type>override int</type>
        <definition>override int Mandatory.Weapon.GetTotalAttackDamage</definition>
        <argsstring>()</argsstring>
        <name>GetTotalAttackDamage</name>
        <qualifiedname>Mandatory.Weapon.GetTotalAttackDamage</qualifiedname>
        <reimplements refid="interface_mandatory_1_1_i_weapon_1ab76bf9b7f4beb27249b4108560655735">GetTotalAttackDamage</reimplements>
        <briefdescription>
<para>Overrides the base method to return the current base attack damage value of the weapon. </para>
        </briefdescription>
        <detaileddescription>
<para><simplesect kind="return"><para>The current integer damage value (<computeroutput>damageAmount</computeroutput>).</para>
</simplesect>
</para>
        </detaileddescription>
        <inbodydescription>
        </inbodydescription>
        <location file="C:/Users/Mus/Programmering/AdvancedCSharp/Mandatory/Weapon.cs" line="38" column="25" bodyfile="C:/Users/Mus/Programmering/AdvancedCSharp/Mandatory/Weapon.cs" bodystart="38" bodyend="40"/>
      </memberdef>
      <memberdef kind="function" id="class_mandatory_1_1_weapon_1a7a0f500b318df9c392d195cc5622fc37" prot="public" static="no" const="no" explicit="no" inline="yes" virt="non-virtual">
        <type>override void</type>
        <definition>override void Mandatory.Weapon.Dispose</definition>
        <argsstring>()</argsstring>
        <name>Dispose</name>
        <qualifiedname>Mandatory.Weapon.Dispose</qualifiedname>
        <briefdescription>
<para>Disposes of the weapon item. </para>
        </briefdescription>
        <detaileddescription>
        </detaileddescription>
        <inbodydescription>
        </inbodydescription>
        <location file="C:/Users/Mus/Programmering/AdvancedCSharp/Mandatory/Weapon.cs" line="45" column="26" bodyfile="C:/Users/Mus/Programmering/AdvancedCSharp/Mandatory/Weapon.cs" bodystart="45" bodyend="47"/>
      </memberdef>
    </sectiondef>
    <briefdescription>
<para>Represents a basic, concrete weapon item in the game. It holds a base damage value and implements the core logic for calculating its attack damage. It also serves as a target for modifications via the <ref refid="interface_mandatory_1_1_i_weapon_mod_target" kindref="compound">IWeaponModTarget</ref> interface. </para>
    </briefdescription>
    <detaileddescription>
    </detaileddescription>
    <inheritancegraph>
      <node id="6">
        <label>IDisposable</label>
      </node>
      <node id="1">
        <label>Mandatory.Weapon</label>
        <link refid="class_mandatory_1_1_weapon"/>
        <childnode refid="2" relation="public-inheritance">
        </childnode>
        <childnode refid="8" relation="public-inheritance">
        </childnode>
      </node>
      <node id="2">
        <label>Mandatory.AttackItem</label>
        <link refid="class_mandatory_1_1_attack_item"/>
        <childnode refid="3" relation="public-inheritance">
        </childnode>
      </node>
      <node id="5">
        <label>Mandatory.IGameObject</label>
        <link refid="interface_mandatory_1_1_i_game_object"/>
        <childnode refid="6" relation="public-inheritance">
        </childnode>
      </node>
      <node id="7">
        <label>Mandatory.ITransform</label>
        <link refid="interface_mandatory_1_1_i_transform"/>
      </node>
      <node id="3">
        <label>Mandatory.IWeapon</label>
        <link refid="interface_mandatory_1_1_i_weapon"/>
        <childnode refid="4" relation="public-inheritance">
        </childnode>
      </node>
      <node id="8">
        <label>Mandatory.IWeaponModTarget</label>
        <link refid="interface_mandatory_1_1_i_weapon_mod_target"/>
      </node>
      <node id="4">
        <label>Mandatory.IWorldObject</label>
        <link refid="interface_mandatory_1_1_i_world_object"/>
        <childnode refid="5" relation="public-inheritance">
        </childnode>
        <childnode refid="7" relation="public-inheritance">
        </childnode>
      </node>
    </inheritancegraph>
    <collaborationgraph>
      <node id="6">
        <label>IDisposable</label>
      </node>
      <node id="1">
        <label>Mandatory.Weapon</label>
        <link refid="class_mandatory_1_1_weapon"/>
        <childnode refid="2" relation="public-inheritance">
        </childnode>
        <childnode refid="8" relation="public-inheritance">
        </childnode>
      </node>
      <node id="2">
        <label>Mandatory.AttackItem</label>
        <link refid="class_mandatory_1_1_attack_item"/>
        <childnode refid="3" relation="public-inheritance">
        </childnode>
      </node>
      <node id="5">
        <label>Mandatory.IGameObject</label>
        <link refid="interface_mandatory_1_1_i_game_object"/>
        <childnode refid="6" relation="public-inheritance">
        </childnode>
      </node>
      <node id="7">
        <label>Mandatory.ITransform</label>
        <link refid="interface_mandatory_1_1_i_transform"/>
      </node>
      <node id="3">
        <label>Mandatory.IWeapon</label>
        <link refid="interface_mandatory_1_1_i_weapon"/>
        <childnode refid="4" relation="public-inheritance">
        </childnode>
      </node>
      <node id="8">
        <label>Mandatory.IWeaponModTarget</label>
        <link refid="interface_mandatory_1_1_i_weapon_mod_target"/>
      </node>
      <node id="4">
        <label>Mandatory.IWorldObject</label>
        <link refid="interface_mandatory_1_1_i_world_object"/>
        <childnode refid="5" relation="public-inheritance">
        </childnode>
        <childnode refid="7" relation="public-inheritance">
        </childnode>
      </node>
    </collaborationgraph>
    <location file="C:/Users/Mus/Programmering/AdvancedCSharp/Mandatory/Weapon.cs" line="8" column="7" bodyfile="C:/Users/Mus/Programmering/AdvancedCSharp/Mandatory/Weapon.cs" bodystart="8" bodyend="48"/>
    <listofallmembers>
      <member refid="class_mandatory_1_1_weapon_1aa5e97fbc60bbce48679e660377ecb5b8" prot="public" virt="non-virtual"><scope>Mandatory::Weapon</scope><name>ChangeWeaponDamage</name></member>
      <member refid="class_mandatory_1_1_weapon_1a3a50cd6924a634cc80948662c1fe206f" prot="private" virt="non-virtual"><scope>Mandatory::Weapon</scope><name>damageAmount</name></member>
      <member refid="class_mandatory_1_1_weapon_1a7a0f500b318df9c392d195cc5622fc37" prot="public" virt="non-virtual"><scope>Mandatory::Weapon</scope><name>Dispose</name></member>
      <member refid="class_mandatory_1_1_weapon_1af4a432dba27d13e54dff952c1a35b72e" prot="public" virt="non-virtual"><scope>Mandatory::Weapon</scope><name>GetTotalAttackDamage</name></member>
      <member refid="class_mandatory_1_1_attack_item_1a7b81d74871eebfee2430b7ab185ddb60" prot="public" virt="non-virtual"><scope>Mandatory::Weapon</scope><name>Lootable</name></member>
      <member refid="class_mandatory_1_1_attack_item_1a5ab8357e1e3bfcb4a6fea5c7f736b958" prot="public" virt="non-virtual"><scope>Mandatory::Weapon</scope><name>Name</name></member>
      <member refid="class_mandatory_1_1_attack_item_1a7601dc2e3f180400114cee08c82ec8ec" prot="public" virt="non-virtual"><scope>Mandatory::Weapon</scope><name>Position</name></member>
      <member refid="class_mandatory_1_1_attack_item_1a0a26bc6900f9ce3d8bb28478695058fd" prot="public" virt="non-virtual"><scope>Mandatory::Weapon</scope><name>Removeable</name></member>
      <member refid="class_mandatory_1_1_weapon_1ae53f385ef85f1aaff16f7be3c1b6958f" prot="public" virt="non-virtual"><scope>Mandatory::Weapon</scope><name>Slot</name></member>
      <member refid="class_mandatory_1_1_weapon_1afc6f770a20fa84fd7853fa52ccd750c3" prot="public" virt="non-virtual"><scope>Mandatory::Weapon</scope><name>Weapon</name></member>
      <member refid="class_mandatory_1_1_attack_item_1a95204adb66da8836e89afbc9bd8890d7" prot="public" virt="non-virtual"><scope>Mandatory::Weapon</scope><name>WeaponSlot</name></member>
    </listofallmembers>
  </compounddef>
</doxygen>
