<?xml version='1.0' encoding='UTF-8' standalone='no'?>
<doxygen xmlns:xsi="http://www.w3.org/2001/XMLSchema-instance" xsi:noNamespaceSchemaLocation="compound.xsd" version="1.15.0" xml:lang="en-US">
  <compounddef id="class_mandatory_1_1_defence_item_decorator" kind="class" language="C#" prot="public" abstract="yes">
    <compoundname>Mandatory::DefenceItemDecorator</compoundname>
    <basecompoundref refid="interface_mandatory_1_1_i_armor" prot="public" virt="non-virtual">Mandatory.IArmor</basecompoundref>
    <sectiondef kind="protected-attrib">
      <memberdef kind="variable" id="class_mandatory_1_1_defence_item_decorator_1af43a334caea73e278374c96d4cb82a9a" prot="protected" static="no" mutable="no">
        <type>readonly <ref refid="interface_mandatory_1_1_i_armor" kindref="compound">IArmor</ref></type>
        <definition>readonly IArmor Mandatory.DefenceItemDecorator.wrappedItem</definition>
        <argsstring></argsstring>
        <name>wrappedItem</name>
        <qualifiedname>Mandatory.DefenceItemDecorator.wrappedItem</qualifiedname>
        <briefdescription>
<para>The reference to the core armor component being wrapped and decorated. </para>
        </briefdescription>
        <detaileddescription>
        </detaileddescription>
        <inbodydescription>
        </inbodydescription>
        <location file="C:/Users/Mus/Programmering/AdvancedCSharp/Mandatory/DefenceItemDecorator.cs" line="12" column="31" bodyfile="C:/Users/Mus/Programmering/AdvancedCSharp/Mandatory/DefenceItemDecorator.cs" bodystart="12" bodyend="-1"/>
      </memberdef>
    </sectiondef>
    <sectiondef kind="property">
      <memberdef kind="property" id="class_mandatory_1_1_defence_item_decorator_1ad0358274dd13f480d3959a5c4f7e7589" prot="public" static="no" readable="no" writable="no" gettable="yes" privategettable="no" protectedgettable="no" settable="yes" privatesettable="no" protectedsettable="no">
        <type>ArmorSlot</type>
        <definition>ArmorSlot Mandatory.DefenceItemDecorator.ArmorSlot</definition>
        <argsstring></argsstring>
        <name>ArmorSlot</name>
        <qualifiedname>Mandatory.DefenceItemDecorator.ArmorSlot</qualifiedname>
        <reimplements refid="interface_mandatory_1_1_i_armor_1a30b4f3f4ce42bc471a5c0f9f069cb428">ArmorSlot</reimplements>
        <briefdescription>
<para>Gets or sets the slot type this armor occupies. Access is delegated to the wrapped item. </para>
        </briefdescription>
        <detaileddescription>
        </detaileddescription>
        <inbodydescription>
        </inbodydescription>
        <location file="C:/Users/Mus/Programmering/AdvancedCSharp/Mandatory/DefenceItemDecorator.cs" line="17" column="22" bodyfile="C:/Users/Mus/Programmering/AdvancedCSharp/Mandatory/DefenceItemDecorator.cs" bodystart="17" bodyend="17"/>
      </memberdef>
      <memberdef kind="property" id="class_mandatory_1_1_defence_item_decorator_1ac6a6945c5474eb410f424c2bb19f85fe" prot="public" static="no" readable="no" writable="no" gettable="yes" privategettable="no" protectedgettable="no" settable="yes" privatesettable="no" protectedsettable="no">
        <type>string?</type>
        <definition>string? Mandatory.DefenceItemDecorator.Name</definition>
        <argsstring></argsstring>
        <name>Name</name>
        <qualifiedname>Mandatory.DefenceItemDecorator.Name</qualifiedname>
        <reimplements refid="interface_mandatory_1_1_i_game_object_1a42aa80381992f8d7f3b43ed206876f06">Name</reimplements>
        <briefdescription>
<para>Gets or sets the name of the decorated item. Access is delegated to the wrapped item. </para>
        </briefdescription>
        <detaileddescription>
        </detaileddescription>
        <inbodydescription>
        </inbodydescription>
        <location file="C:/Users/Mus/Programmering/AdvancedCSharp/Mandatory/DefenceItemDecorator.cs" line="21" column="19" bodyfile="C:/Users/Mus/Programmering/AdvancedCSharp/Mandatory/DefenceItemDecorator.cs" bodystart="21" bodyend="21"/>
      </memberdef>
      <memberdef kind="property" id="class_mandatory_1_1_defence_item_decorator_1ae5f8c84f74ae99f997fd31ab7fed7b2b" prot="public" static="no" readable="no" writable="no" gettable="yes" privategettable="no" protectedgettable="no" settable="yes" privatesettable="no" protectedsettable="no">
        <type>bool</type>
        <definition>bool Mandatory.DefenceItemDecorator.Lootable</definition>
        <argsstring></argsstring>
        <name>Lootable</name>
        <qualifiedname>Mandatory.DefenceItemDecorator.Lootable</qualifiedname>
        <reimplements refid="interface_mandatory_1_1_i_game_object_1a549268d62408a0fa0af6802d81869940">Lootable</reimplements>
        <briefdescription>
<para>Gets or sets a value indicating whether the decorated item can be looted. Access is delegated to the wrapped item. </para>
        </briefdescription>
        <detaileddescription>
        </detaileddescription>
        <inbodydescription>
        </inbodydescription>
        <location file="C:/Users/Mus/Programmering/AdvancedCSharp/Mandatory/DefenceItemDecorator.cs" line="25" column="17" bodyfile="C:/Users/Mus/Programmering/AdvancedCSharp/Mandatory/DefenceItemDecorator.cs" bodystart="25" bodyend="25"/>
      </memberdef>
      <memberdef kind="property" id="class_mandatory_1_1_defence_item_decorator_1a88e11fd3683c27addf34c631f63c8184" prot="public" static="no" readable="no" writable="no" gettable="yes" privategettable="no" protectedgettable="no" settable="yes" privatesettable="no" protectedsettable="no">
        <type>bool</type>
        <definition>bool Mandatory.DefenceItemDecorator.Removeable</definition>
        <argsstring></argsstring>
        <name>Removeable</name>
        <qualifiedname>Mandatory.DefenceItemDecorator.Removeable</qualifiedname>
        <reimplements refid="interface_mandatory_1_1_i_game_object_1aaf05885daf8cca71768aa10deac2ac54">Removeable</reimplements>
        <briefdescription>
<para>Gets or sets a value indicating whether the decorated item can be removed. Access is delegated to the wrapped item. </para>
        </briefdescription>
        <detaileddescription>
        </detaileddescription>
        <inbodydescription>
        </inbodydescription>
        <location file="C:/Users/Mus/Programmering/AdvancedCSharp/Mandatory/DefenceItemDecorator.cs" line="29" column="17" bodyfile="C:/Users/Mus/Programmering/AdvancedCSharp/Mandatory/DefenceItemDecorator.cs" bodystart="29" bodyend="29"/>
      </memberdef>
      <memberdef kind="property" id="class_mandatory_1_1_defence_item_decorator_1a5ee7a3b9beed3608916c40fc6ab68c2a" prot="public" static="no" readable="no" writable="no" gettable="yes" privategettable="no" protectedgettable="no" settable="yes" privatesettable="no" protectedsettable="no">
        <type>Position</type>
        <definition>Position Mandatory.DefenceItemDecorator.Position</definition>
        <argsstring></argsstring>
        <name>Position</name>
        <qualifiedname>Mandatory.DefenceItemDecorator.Position</qualifiedname>
        <reimplements refid="interface_mandatory_1_1_i_transform_1a045d5ec083352905363be26d5f676b51">Position</reimplements>
        <briefdescription>
<para>Gets or sets the position of the decorated item in the game world. Access is delegated to the wrapped item. </para>
        </briefdescription>
        <detaileddescription>
        </detaileddescription>
        <inbodydescription>
        </inbodydescription>
        <location file="C:/Users/Mus/Programmering/AdvancedCSharp/Mandatory/DefenceItemDecorator.cs" line="33" column="21" bodyfile="C:/Users/Mus/Programmering/AdvancedCSharp/Mandatory/DefenceItemDecorator.cs" bodystart="33" bodyend="33"/>
      </memberdef>
    </sectiondef>
    <sectiondef kind="public-func">
      <memberdef kind="function" id="class_mandatory_1_1_defence_item_decorator_1a29c73e32653e18f17b1fd62670a67ee3" prot="public" static="no" const="no" explicit="no" inline="yes" virt="non-virtual">
        <type></type>
        <definition>Mandatory.DefenceItemDecorator.DefenceItemDecorator</definition>
        <argsstring>(IArmor wrappedItem)</argsstring>
        <name>DefenceItemDecorator</name>
        <qualifiedname>Mandatory.DefenceItemDecorator.DefenceItemDecorator</qualifiedname>
        <param>
          <type><ref refid="interface_mandatory_1_1_i_armor" kindref="compound">IArmor</ref></type>
          <declname>wrappedItem</declname>
        </param>
        <briefdescription>
<para>Initializes a new instance of the <ref refid="class_mandatory_1_1_defence_item_decorator" kindref="compound">DefenceItemDecorator</ref> class. </para>
        </briefdescription>
        <detaileddescription>
<para><parameterlist kind="param"><parameteritem>
<parameternamelist>
<parametername>wrappedItem</parametername>
</parameternamelist>
<parameterdescription>
<para>The armor component to be decorated.</para>
</parameterdescription>
</parameteritem>
</parameterlist>
</para>
        </detaileddescription>
        <inbodydescription>
        </inbodydescription>
        <location file="C:/Users/Mus/Programmering/AdvancedCSharp/Mandatory/DefenceItemDecorator.cs" line="39" column="12" bodyfile="C:/Users/Mus/Programmering/AdvancedCSharp/Mandatory/DefenceItemDecorator.cs" bodystart="39" bodyend="41"/>
      </memberdef>
      <memberdef kind="function" id="class_mandatory_1_1_defence_item_decorator_1a8bc8304645fae971e3188730ceaac916" prot="public" static="no" const="no" explicit="no" inline="yes" virt="non-virtual">
        <type>void</type>
        <definition>void Mandatory.DefenceItemDecorator.Dispose</definition>
        <argsstring>()</argsstring>
        <name>Dispose</name>
        <qualifiedname>Mandatory.DefenceItemDecorator.Dispose</qualifiedname>
        <briefdescription>
<para>Implements the IDisposable contract. NOTE: For full cleanup, this should also call <computeroutput>wrappedItem.Dispose()</computeroutput> if the decorator is responsible for the wrapped item&apos;s lifetime. </para>
        </briefdescription>
        <detaileddescription>
        </detaileddescription>
        <inbodydescription>
        </inbodydescription>
        <location file="C:/Users/Mus/Programmering/AdvancedCSharp/Mandatory/DefenceItemDecorator.cs" line="48" column="17" bodyfile="C:/Users/Mus/Programmering/AdvancedCSharp/Mandatory/DefenceItemDecorator.cs" bodystart="48" bodyend="50"/>
      </memberdef>
      <memberdef kind="function" id="class_mandatory_1_1_defence_item_decorator_1a1d3618cd987f06d4c05ff1ca95442ac1" prot="public" static="no" const="no" explicit="no" inline="yes" virt="virtual">
        <type>int</type>
        <definition>virtual int Mandatory.DefenceItemDecorator.GetTotalDefencePoint</definition>
        <argsstring>()</argsstring>
        <name>GetTotalDefencePoint</name>
        <qualifiedname>Mandatory.DefenceItemDecorator.GetTotalDefencePoint</qualifiedname>
        <reimplements refid="interface_mandatory_1_1_i_armor_1a9871f89d8f5c40bb1ee060045e910c2f">GetTotalDefencePoint</reimplements>
        <briefdescription>
<para>Gets the total defense point value. By default, this delegates the call to the wrapped item. Concrete subclasses will override this method to add their unique defensive bonus. </para>
        </briefdescription>
        <detaileddescription>
<para><simplesect kind="return"><para>The total defense points from the wrapped item.</para>
</simplesect>
</para>
        </detaileddescription>
        <inbodydescription>
        </inbodydescription>
        <location file="C:/Users/Mus/Programmering/AdvancedCSharp/Mandatory/DefenceItemDecorator.cs" line="57" column="24" bodyfile="C:/Users/Mus/Programmering/AdvancedCSharp/Mandatory/DefenceItemDecorator.cs" bodystart="57" bodyend="59"/>
      </memberdef>
    </sectiondef>
    <briefdescription>
<para>Represents the abstract base class for all decorators that add functionality to an <ref refid="interface_mandatory_1_1_i_armor" kindref="compound">IArmor</ref> item. It adheres to the Decorator Pattern by implementing the common <ref refid="interface_mandatory_1_1_i_armor" kindref="compound">IArmor</ref> interface and holding a reference to the item it wraps. </para>
    </briefdescription>
    <detaileddescription>
    </detaileddescription>
    <inheritancegraph>
      <node id="5">
        <label>IDisposable</label>
      </node>
      <node id="1">
        <label>Mandatory.DefenceItemDecorator</label>
        <link refid="class_mandatory_1_1_defence_item_decorator"/>
        <childnode refid="2" relation="public-inheritance">
        </childnode>
      </node>
      <node id="2">
        <label>Mandatory.IArmor</label>
        <link refid="interface_mandatory_1_1_i_armor"/>
        <childnode refid="3" relation="public-inheritance">
        </childnode>
      </node>
      <node id="4">
        <label>Mandatory.IGameObject</label>
        <link refid="interface_mandatory_1_1_i_game_object"/>
        <childnode refid="5" relation="public-inheritance">
        </childnode>
      </node>
      <node id="6">
        <label>Mandatory.ITransform</label>
        <link refid="interface_mandatory_1_1_i_transform"/>
      </node>
      <node id="3">
        <label>Mandatory.IWorldObject</label>
        <link refid="interface_mandatory_1_1_i_world_object"/>
        <childnode refid="4" relation="public-inheritance">
        </childnode>
        <childnode refid="6" relation="public-inheritance">
        </childnode>
      </node>
    </inheritancegraph>
    <collaborationgraph>
      <node id="5">
        <label>IDisposable</label>
      </node>
      <node id="1">
        <label>Mandatory.DefenceItemDecorator</label>
        <link refid="class_mandatory_1_1_defence_item_decorator"/>
        <childnode refid="2" relation="public-inheritance">
        </childnode>
        <childnode refid="2" relation="usage">
          <edgelabel>wrappedItem</edgelabel>
        </childnode>
      </node>
      <node id="2">
        <label>Mandatory.IArmor</label>
        <link refid="interface_mandatory_1_1_i_armor"/>
        <childnode refid="3" relation="public-inheritance">
        </childnode>
      </node>
      <node id="4">
        <label>Mandatory.IGameObject</label>
        <link refid="interface_mandatory_1_1_i_game_object"/>
        <childnode refid="5" relation="public-inheritance">
        </childnode>
      </node>
      <node id="6">
        <label>Mandatory.ITransform</label>
        <link refid="interface_mandatory_1_1_i_transform"/>
      </node>
      <node id="3">
        <label>Mandatory.IWorldObject</label>
        <link refid="interface_mandatory_1_1_i_world_object"/>
        <childnode refid="4" relation="public-inheritance">
        </childnode>
        <childnode refid="6" relation="public-inheritance">
        </childnode>
      </node>
    </collaborationgraph>
    <location file="C:/Users/Mus/Programmering/AdvancedCSharp/Mandatory/DefenceItemDecorator.cs" line="8" column="17" bodyfile="C:/Users/Mus/Programmering/AdvancedCSharp/Mandatory/DefenceItemDecorator.cs" bodystart="8" bodyend="60"/>
    <listofallmembers>
      <member refid="class_mandatory_1_1_defence_item_decorator_1ad0358274dd13f480d3959a5c4f7e7589" prot="public" virt="non-virtual"><scope>Mandatory::DefenceItemDecorator</scope><name>ArmorSlot</name></member>
      <member refid="class_mandatory_1_1_defence_item_decorator_1a29c73e32653e18f17b1fd62670a67ee3" prot="public" virt="non-virtual"><scope>Mandatory::DefenceItemDecorator</scope><name>DefenceItemDecorator</name></member>
      <member refid="class_mandatory_1_1_defence_item_decorator_1a8bc8304645fae971e3188730ceaac916" prot="public" virt="non-virtual"><scope>Mandatory::DefenceItemDecorator</scope><name>Dispose</name></member>
      <member refid="class_mandatory_1_1_defence_item_decorator_1a1d3618cd987f06d4c05ff1ca95442ac1" prot="public" virt="virtual"><scope>Mandatory::DefenceItemDecorator</scope><name>GetTotalDefencePoint</name></member>
      <member refid="class_mandatory_1_1_defence_item_decorator_1ae5f8c84f74ae99f997fd31ab7fed7b2b" prot="public" virt="non-virtual"><scope>Mandatory::DefenceItemDecorator</scope><name>Lootable</name></member>
      <member refid="class_mandatory_1_1_defence_item_decorator_1ac6a6945c5474eb410f424c2bb19f85fe" prot="public" virt="non-virtual"><scope>Mandatory::DefenceItemDecorator</scope><name>Name</name></member>
      <member refid="class_mandatory_1_1_defence_item_decorator_1a5ee7a3b9beed3608916c40fc6ab68c2a" prot="public" virt="non-virtual"><scope>Mandatory::DefenceItemDecorator</scope><name>Position</name></member>
      <member refid="class_mandatory_1_1_defence_item_decorator_1a88e11fd3683c27addf34c631f63c8184" prot="public" virt="non-virtual"><scope>Mandatory::DefenceItemDecorator</scope><name>Removeable</name></member>
      <member refid="class_mandatory_1_1_defence_item_decorator_1af43a334caea73e278374c96d4cb82a9a" prot="protected" virt="non-virtual"><scope>Mandatory::DefenceItemDecorator</scope><name>wrappedItem</name></member>
    </listofallmembers>
  </compounddef>
</doxygen>
