<?xml version='1.0' encoding='UTF-8' standalone='no'?>
<doxygen xmlns:xsi="http://www.w3.org/2001/XMLSchema-instance" xsi:noNamespaceSchemaLocation="compound.xsd" version="1.15.0" xml:lang="en-US">
  <compounddef id="class_mandatory_1_1_basic_armor_increase" kind="class" language="C#" prot="public">
    <compoundname>Mandatory::BasicArmorIncrease</compoundname>
    <basecompoundref refid="interface_mandatory_1_1_i_increase_armor_value" prot="public" virt="non-virtual">Mandatory.IIncreaseArmorValue</basecompoundref>
    <sectiondef kind="public-func">
      <memberdef kind="function" id="class_mandatory_1_1_basic_armor_increase_1ab8e42371f485a6d8c612c71ad6436894" prot="public" static="no" const="no" explicit="no" inline="yes" virt="non-virtual">
        <type>void</type>
        <definition>void Mandatory.BasicArmorIncrease.IncreaseArmorValue</definition>
        <argsstring>(IArmorModTarget target, int amount)</argsstring>
        <name>IncreaseArmorValue</name>
        <qualifiedname>Mandatory.BasicArmorIncrease.IncreaseArmorValue</qualifiedname>
        <reimplements refid="interface_mandatory_1_1_i_increase_armor_value_1ac3581d917a02fb45aebe5374fb7dadc7">IncreaseArmorValue</reimplements>
        <param>
          <type><ref refid="interface_mandatory_1_1_i_armor_mod_target" kindref="compound">IArmorModTarget</ref></type>
          <declname>target</declname>
        </param>
        <param>
          <type>int</type>
          <declname>amount</declname>
        </param>
        <briefdescription>
        </briefdescription>
        <detaileddescription>
        </detaileddescription>
        <inbodydescription>
        </inbodydescription>
        <location file="C:/Users/Mus/Programmering/AdvancedCSharp/Mandatory/FactoryHelpers/BasicArmorIncrease.cs" line="4" column="17" bodyfile="C:/Users/Mus/Programmering/AdvancedCSharp/Mandatory/FactoryHelpers/BasicArmorIncrease.cs" bodystart="4" bodyend="6"/>
      </memberdef>
    </sectiondef>
    <briefdescription>
    </briefdescription>
    <detaileddescription>
    </detaileddescription>
    <inheritancegraph>
      <node id="1">
        <label>Mandatory.BasicArmorIncrease</label>
        <link refid="class_mandatory_1_1_basic_armor_increase"/>
        <childnode refid="2" relation="public-inheritance">
        </childnode>
      </node>
      <node id="2">
        <label>Mandatory.IIncreaseArmorValue</label>
        <link refid="interface_mandatory_1_1_i_increase_armor_value"/>
      </node>
    </inheritancegraph>
    <collaborationgraph>
      <node id="1">
        <label>Mandatory.BasicArmorIncrease</label>
        <link refid="class_mandatory_1_1_basic_armor_increase"/>
        <childnode refid="2" relation="public-inheritance">
        </childnode>
      </node>
      <node id="2">
        <label>Mandatory.IIncreaseArmorValue</label>
        <link refid="interface_mandatory_1_1_i_increase_armor_value"/>
      </node>
    </collaborationgraph>
    <location file="C:/Users/Mus/Programmering/AdvancedCSharp/Mandatory/FactoryHelpers/BasicArmorIncrease.cs" line="3" column="7" bodyfile="C:/Users/Mus/Programmering/AdvancedCSharp/Mandatory/FactoryHelpers/BasicArmorIncrease.cs" bodystart="3" bodyend="7"/>
    <listofallmembers>
      <member refid="class_mandatory_1_1_basic_armor_increase_1ab8e42371f485a6d8c612c71ad6436894" prot="public" virt="non-virtual"><scope>Mandatory::BasicArmorIncrease</scope><name>IncreaseArmorValue</name></member>
    </listofallmembers>
  </compounddef>
</doxygen>
