<?xml version='1.0' encoding='UTF-8' standalone='no'?>
<doxygen xmlns:xsi="http://www.w3.org/2001/XMLSchema-instance" xsi:noNamespaceSchemaLocation="compound.xsd" version="1.15.0" xml:lang="en-US">
  <compounddef id="class_mandatory_1_1_game_object_factory" kind="class" language="C#" prot="public" abstract="yes">
    <compoundname>Mandatory::GameObjectFactory</compoundname>
    <basecompoundref refid="interface_mandatory_1_1_i_game_object_factory" prot="public" virt="non-virtual">Mandatory.IGameObjectFactory</basecompoundref>
    <sectiondef kind="public-func">
      <memberdef kind="function" id="class_mandatory_1_1_game_object_factory_1aa3964fae2b4b65b1687a67042630f25f" prot="public" static="no" const="no" explicit="no" inline="no" virt="non-virtual">
        <type><ref refid="interface_mandatory_1_1_i_armor" kindref="compound">IArmor</ref></type>
        <definition>IArmor Mandatory.GameObjectFactory.CreateArmor</definition>
        <argsstring>()</argsstring>
        <name>CreateArmor</name>
        <qualifiedname>Mandatory.GameObjectFactory.CreateArmor</qualifiedname>
        <reimplements refid="interface_mandatory_1_1_i_game_object_factory_1acd29f045c1fdbda4c037744efba0757a">CreateArmor</reimplements>
        <briefdescription>
<para>Abstract method that must be implemented by concrete factories to create a new armor item. </para>
        </briefdescription>
        <detaileddescription>
<para><simplesect kind="return"><para>A new instance of <ref refid="interface_mandatory_1_1_i_armor" kindref="compound">IArmor</ref>.</para>
</simplesect>
</para>
        </detaileddescription>
        <inbodydescription>
        </inbodydescription>
        <location file="C:/Users/Mus/Programmering/AdvancedCSharp/Mandatory/GameObjectFactory.cs" line="12" column="28"/>
      </memberdef>
      <memberdef kind="function" id="class_mandatory_1_1_game_object_factory_1a632118e2e6ca4f5794e764856632d46f" prot="public" static="no" const="no" explicit="no" inline="no" virt="non-virtual">
        <type><ref refid="interface_mandatory_1_1_i_weapon" kindref="compound">IWeapon</ref></type>
        <definition>IWeapon Mandatory.GameObjectFactory.CreateWeapon</definition>
        <argsstring>()</argsstring>
        <name>CreateWeapon</name>
        <qualifiedname>Mandatory.GameObjectFactory.CreateWeapon</qualifiedname>
        <reimplements refid="interface_mandatory_1_1_i_game_object_factory_1a118fb8a56325f9406c9c5757d16f0297">CreateWeapon</reimplements>
        <briefdescription>
<para>Abstract method that must be implemented by concrete factories to create a new weapon item. </para>
        </briefdescription>
        <detaileddescription>
<para><simplesect kind="return"><para>A new instance of <ref refid="interface_mandatory_1_1_i_weapon" kindref="compound">IWeapon</ref>.</para>
</simplesect>
</para>
        </detaileddescription>
        <inbodydescription>
        </inbodydescription>
        <location file="C:/Users/Mus/Programmering/AdvancedCSharp/Mandatory/GameObjectFactory.cs" line="17" column="29"/>
      </memberdef>
      <memberdef kind="function" id="class_mandatory_1_1_game_object_factory_1a4cbe1e11e6793f2b78c26f9486247bb3" prot="public" static="no" const="no" explicit="no" inline="no" virt="non-virtual">
        <type><ref refid="interface_mandatory_1_1_i_creature" kindref="compound">ICreature</ref></type>
        <definition>ICreature Mandatory.GameObjectFactory.CreateCreature</definition>
        <argsstring>()</argsstring>
        <name>CreateCreature</name>
        <qualifiedname>Mandatory.GameObjectFactory.CreateCreature</qualifiedname>
        <reimplements refid="interface_mandatory_1_1_i_game_object_factory_1a12eba48a3b8f01fb46c164293a19de08">CreateCreature</reimplements>
        <briefdescription>
<para>Abstract method that must be implemented by concrete factories to create a new creature. </para>
        </briefdescription>
        <detaileddescription>
<para><simplesect kind="return"><para>A new instance of <ref refid="interface_mandatory_1_1_i_creature" kindref="compound">ICreature</ref>.</para>
</simplesect>
</para>
        </detaileddescription>
        <inbodydescription>
        </inbodydescription>
        <location file="C:/Users/Mus/Programmering/AdvancedCSharp/Mandatory/GameObjectFactory.cs" line="22" column="31"/>
      </memberdef>
    </sectiondef>
    <briefdescription>
<para>Provides an abstract base implementation for the Abstract Factory Pattern, defining the contract for creating a family of related game objects. </para>
    </briefdescription>
    <detaileddescription>
    </detaileddescription>
    <inheritancegraph>
      <node id="1">
        <label>Mandatory.GameObjectFactory</label>
        <link refid="class_mandatory_1_1_game_object_factory"/>
        <childnode refid="2" relation="public-inheritance">
        </childnode>
      </node>
      <node id="2">
        <label>Mandatory.IGameObjectFactory</label>
        <link refid="interface_mandatory_1_1_i_game_object_factory"/>
      </node>
    </inheritancegraph>
    <collaborationgraph>
      <node id="1">
        <label>Mandatory.GameObjectFactory</label>
        <link refid="class_mandatory_1_1_game_object_factory"/>
        <childnode refid="2" relation="public-inheritance">
        </childnode>
      </node>
      <node id="2">
        <label>Mandatory.IGameObjectFactory</label>
        <link refid="interface_mandatory_1_1_i_game_object_factory"/>
      </node>
    </collaborationgraph>
    <location file="C:/Users/Mus/Programmering/AdvancedCSharp/Mandatory/GameObjectFactory.cs" line="7" column="17" bodyfile="C:/Users/Mus/Programmering/AdvancedCSharp/Mandatory/GameObjectFactory.cs" bodystart="7" bodyend="23"/>
    <listofallmembers>
      <member refid="class_mandatory_1_1_game_object_factory_1aa3964fae2b4b65b1687a67042630f25f" prot="public" virt="non-virtual"><scope>Mandatory::GameObjectFactory</scope><name>CreateArmor</name></member>
      <member refid="class_mandatory_1_1_game_object_factory_1a4cbe1e11e6793f2b78c26f9486247bb3" prot="public" virt="non-virtual"><scope>Mandatory::GameObjectFactory</scope><name>CreateCreature</name></member>
      <member refid="class_mandatory_1_1_game_object_factory_1a632118e2e6ca4f5794e764856632d46f" prot="public" virt="non-virtual"><scope>Mandatory::GameObjectFactory</scope><name>CreateWeapon</name></member>
    </listofallmembers>
  </compounddef>
</doxygen>
