<?xml version='1.0' encoding='UTF-8' standalone='no'?>
<doxygen xmlns:xsi="http://www.w3.org/2001/XMLSchema-instance" xsi:noNamespaceSchemaLocation="compound.xsd" version="1.15.0" xml:lang="en-US">
  <compounddef id="class_mandatory_1_1_file_loader" kind="class" language="C#" prot="public">
    <compoundname>Mandatory::FileLoader</compoundname>
    <basecompoundref refid="interface_mandatory_1_1_i_file_loader" prot="public" virt="non-virtual">Mandatory.IFileLoader</basecompoundref>
    <sectiondef kind="public-func">
      <memberdef kind="function" id="class_mandatory_1_1_file_loader_1a6f3d29abfc8969deeee2419fab959ec3" prot="public" static="no" const="no" explicit="no" inline="yes" virt="non-virtual">
        <type>XmlDocument</type>
        <definition>XmlDocument Mandatory.FileLoader.Load</definition>
        <argsstring>(string filePath)</argsstring>
        <name>Load</name>
        <qualifiedname>Mandatory.FileLoader.Load</qualifiedname>
        <reimplements refid="interface_mandatory_1_1_i_file_loader_1a435ebc94b4262413e788ca4820aaa9fb">Load</reimplements>
        <param>
          <type>string</type>
          <declname>filePath</declname>
        </param>
        <briefdescription>
        </briefdescription>
        <detaileddescription>
        </detaileddescription>
        <inbodydescription>
        </inbodydescription>
        <location file="C:/Users/Mus/Programmering/AdvancedCSharp/Mandatory/Setups/FileLoader.cs" line="5" column="24" bodyfile="C:/Users/Mus/Programmering/AdvancedCSharp/Mandatory/Setups/FileLoader.cs" bodystart="5" bodyend="8"/>
      </memberdef>
    </sectiondef>
    <sectiondef kind="private-func">
      <memberdef kind="function" id="class_mandatory_1_1_file_loader_1a32353e8db326c23703c4c239f2ad52c6" prot="private" static="no" const="no" explicit="no" inline="yes" virt="non-virtual">
        <type>XmlDocument</type>
        <definition>XmlDocument Mandatory.FileLoader.GetConfigDoc</definition>
        <argsstring>(string filePath)</argsstring>
        <name>GetConfigDoc</name>
        <qualifiedname>Mandatory.FileLoader.GetConfigDoc</qualifiedname>
        <param>
          <type>string</type>
          <declname>filePath</declname>
        </param>
        <briefdescription>
        </briefdescription>
        <detaileddescription>
        </detaileddescription>
        <inbodydescription>
        </inbodydescription>
        <location file="C:/Users/Mus/Programmering/AdvancedCSharp/Mandatory/Setups/FileLoader.cs" line="10" column="25" bodyfile="C:/Users/Mus/Programmering/AdvancedCSharp/Mandatory/Setups/FileLoader.cs" bodystart="10" bodyend="14"/>
      </memberdef>
    </sectiondef>
    <briefdescription>
    </briefdescription>
    <detaileddescription>
    </detaileddescription>
    <inheritancegraph>
      <node id="1">
        <label>Mandatory.FileLoader</label>
        <link refid="class_mandatory_1_1_file_loader"/>
        <childnode refid="2" relation="public-inheritance">
        </childnode>
      </node>
      <node id="2">
        <label>Mandatory.IFileLoader</label>
        <link refid="interface_mandatory_1_1_i_file_loader"/>
      </node>
    </inheritancegraph>
    <collaborationgraph>
      <node id="1">
        <label>Mandatory.FileLoader</label>
        <link refid="class_mandatory_1_1_file_loader"/>
        <childnode refid="2" relation="public-inheritance">
        </childnode>
      </node>
      <node id="2">
        <label>Mandatory.IFileLoader</label>
        <link refid="interface_mandatory_1_1_i_file_loader"/>
      </node>
    </collaborationgraph>
    <location file="C:/Users/Mus/Programmering/AdvancedCSharp/Mandatory/Setups/FileLoader.cs" line="4" column="7" bodyfile="C:/Users/Mus/Programmering/AdvancedCSharp/Mandatory/Setups/FileLoader.cs" bodystart="4" bodyend="15"/>
    <listofallmembers>
      <member refid="class_mandatory_1_1_file_loader_1a32353e8db326c23703c4c239f2ad52c6" prot="private" virt="non-virtual"><scope>Mandatory::FileLoader</scope><name>GetConfigDoc</name></member>
      <member refid="class_mandatory_1_1_file_loader_1a6f3d29abfc8969deeee2419fab959ec3" prot="public" virt="non-virtual"><scope>Mandatory::FileLoader</scope><name>Load</name></member>
    </listofallmembers>
  </compounddef>
</doxygen>
