<?xml version='1.0' encoding='UTF-8' standalone='no'?>
<doxygen xmlns:xsi="http://www.w3.org/2001/XMLSchema-instance" xsi:noNamespaceSchemaLocation="compound.xsd" version="1.15.0" xml:lang="en-US">
  <compounddef id="class_mandatory_1_1_basic_weapon_damage_decrease" kind="class" language="C#" prot="public">
    <compoundname>Mandatory::BasicWeaponDamageDecrease</compoundname>
    <basecompoundref refid="interface_mandatory_1_1_i_decrease_weapon_damage" prot="public" virt="non-virtual">Mandatory.IDecreaseWeaponDamage</basecompoundref>
    <sectiondef kind="public-func">
      <memberdef kind="function" id="class_mandatory_1_1_basic_weapon_damage_decrease_1acebe791119be23333b683194616f77bc" prot="public" static="no" const="no" explicit="no" inline="yes" virt="non-virtual">
        <type>void</type>
        <definition>void Mandatory.BasicWeaponDamageDecrease.DecreaseWeaponDamage</definition>
        <argsstring>(IWeaponModTarget target, int amount)</argsstring>
        <name>DecreaseWeaponDamage</name>
        <qualifiedname>Mandatory.BasicWeaponDamageDecrease.DecreaseWeaponDamage</qualifiedname>
        <reimplements refid="interface_mandatory_1_1_i_decrease_weapon_damage_1a727d675085091b4a2150f7a0de669949">DecreaseWeaponDamage</reimplements>
        <param>
          <type><ref refid="interface_mandatory_1_1_i_weapon_mod_target" kindref="compound">IWeaponModTarget</ref></type>
          <declname>target</declname>
        </param>
        <param>
          <type>int</type>
          <declname>amount</declname>
        </param>
        <briefdescription>
        </briefdescription>
        <detaileddescription>
        </detaileddescription>
        <inbodydescription>
        </inbodydescription>
        <location file="C:/Users/Mus/Programmering/AdvancedCSharp/Mandatory/FactoryHelpers/BasicWeaponDamageDecrease.cs" line="4" column="17" bodyfile="C:/Users/Mus/Programmering/AdvancedCSharp/Mandatory/FactoryHelpers/BasicWeaponDamageDecrease.cs" bodystart="4" bodyend="6"/>
      </memberdef>
    </sectiondef>
    <briefdescription>
    </briefdescription>
    <detaileddescription>
    </detaileddescription>
    <inheritancegraph>
      <node id="1">
        <label>Mandatory.BasicWeaponDamageDecrease</label>
        <link refid="class_mandatory_1_1_basic_weapon_damage_decrease"/>
        <childnode refid="2" relation="public-inheritance">
        </childnode>
      </node>
      <node id="2">
        <label>Mandatory.IDecreaseWeaponDamage</label>
        <link refid="interface_mandatory_1_1_i_decrease_weapon_damage"/>
      </node>
    </inheritancegraph>
    <collaborationgraph>
      <node id="1">
        <label>Mandatory.BasicWeaponDamageDecrease</label>
        <link refid="class_mandatory_1_1_basic_weapon_damage_decrease"/>
        <childnode refid="2" relation="public-inheritance">
        </childnode>
      </node>
      <node id="2">
        <label>Mandatory.IDecreaseWeaponDamage</label>
        <link refid="interface_mandatory_1_1_i_decrease_weapon_damage"/>
      </node>
    </collaborationgraph>
    <location file="C:/Users/Mus/Programmering/AdvancedCSharp/Mandatory/FactoryHelpers/BasicWeaponDamageDecrease.cs" line="3" column="7" bodyfile="C:/Users/Mus/Programmering/AdvancedCSharp/Mandatory/FactoryHelpers/BasicWeaponDamageDecrease.cs" bodystart="3" bodyend="7"/>
    <listofallmembers>
      <member refid="class_mandatory_1_1_basic_weapon_damage_decrease_1acebe791119be23333b683194616f77bc" prot="public" virt="non-virtual"><scope>Mandatory::BasicWeaponDamageDecrease</scope><name>DecreaseWeaponDamage</name></member>
    </listofallmembers>
  </compounddef>
</doxygen>
