<?xml version='1.0' encoding='UTF-8' standalone='no'?>
<doxygen xmlns:xsi="http://www.w3.org/2001/XMLSchema-instance" xsi:noNamespaceSchemaLocation="compound.xsd" version="1.15.0" xml:lang="en-US">
  <compounddef id="class_mandatory_1_1_creature" kind="class" language="C#" prot="public" abstract="yes">
    <compoundname>Mandatory::Creature</compoundname>
    <basecompoundref refid="interface_mandatory_1_1_i_creature" prot="public" virt="non-virtual">Mandatory.ICreature</basecompoundref>
    <basecompoundref refid="interface_mandatory_1_1_i_attack" prot="public" virt="non-virtual">Mandatory.IAttack</basecompoundref>
    <basecompoundref refid="interface_mandatory_1_1_i_select_target" prot="public" virt="non-virtual">Mandatory.ISelectTarget</basecompoundref>
    <sectiondef kind="private-attrib">
      <memberdef kind="variable" id="class_mandatory_1_1_creature_1a02f4520ad8fbd6332aef2a8023e34828" prot="private" static="no" mutable="no">
        <type><ref refid="interface_mandatory_1_1_i_transform" kindref="compound">ITransform</ref></type>
        <definition>ITransform Mandatory.Creature.transform</definition>
        <argsstring></argsstring>
        <name>transform</name>
        <qualifiedname>Mandatory.Creature.transform</qualifiedname>
        <briefdescription>
        </briefdescription>
        <detaileddescription>
        </detaileddescription>
        <inbodydescription>
        </inbodydescription>
        <location file="C:/Users/Mus/Programmering/AdvancedCSharp/Mandatory/Creature.cs" line="8" column="24" bodyfile="C:/Users/Mus/Programmering/AdvancedCSharp/Mandatory/Creature.cs" bodystart="8" bodyend="-1"/>
      </memberdef>
      <memberdef kind="variable" id="class_mandatory_1_1_creature_1a0ab394087f33f7c0dc7e9a1642736763" prot="private" static="no" mutable="no">
        <type><ref refid="interface_mandatory_1_1_i_damage_calculator" kindref="compound">IDamageCalculator</ref></type>
        <definition>IDamageCalculator Mandatory.Creature.damageCalculator</definition>
        <argsstring></argsstring>
        <name>damageCalculator</name>
        <qualifiedname>Mandatory.Creature.damageCalculator</qualifiedname>
        <briefdescription>
        </briefdescription>
        <detaileddescription>
        </detaileddescription>
        <inbodydescription>
        </inbodydescription>
        <location file="C:/Users/Mus/Programmering/AdvancedCSharp/Mandatory/Creature.cs" line="9" column="31" bodyfile="C:/Users/Mus/Programmering/AdvancedCSharp/Mandatory/Creature.cs" bodystart="9" bodyend="-1"/>
      </memberdef>
      <memberdef kind="variable" id="class_mandatory_1_1_creature_1a06de175be84a7abc8a3fb656ace42b54" prot="private" static="no" mutable="no">
        <type><ref refid="interface_mandatory_1_1_i_notifier" kindref="compound">INotifier</ref></type>
        <definition>INotifier Mandatory.Creature.notifier</definition>
        <argsstring></argsstring>
        <name>notifier</name>
        <qualifiedname>Mandatory.Creature.notifier</qualifiedname>
        <briefdescription>
        </briefdescription>
        <detaileddescription>
        </detaileddescription>
        <inbodydescription>
        </inbodydescription>
        <location file="C:/Users/Mus/Programmering/AdvancedCSharp/Mandatory/Creature.cs" line="10" column="23" bodyfile="C:/Users/Mus/Programmering/AdvancedCSharp/Mandatory/Creature.cs" bodystart="10" bodyend="-1"/>
      </memberdef>
    </sectiondef>
    <sectiondef kind="property">
      <memberdef kind="property" id="class_mandatory_1_1_creature_1a7f007ea9f12184fab5d4d1288ed6dfca" prot="public" static="no" readable="no" writable="no" gettable="yes" privategettable="no" protectedgettable="no" settable="no" privatesettable="yes" protectedsettable="no">
        <type><ref refid="interface_mandatory_1_1_i_armor" kindref="compound">IArmor</ref>?</type>
        <definition>IArmor? Mandatory.Creature.Defence</definition>
        <argsstring></argsstring>
        <name>Defence</name>
        <qualifiedname>Mandatory.Creature.Defence</qualifiedname>
        <briefdescription>
<para>Gets the equipped defensive item (armor). Can be null. </para>
        </briefdescription>
        <detaileddescription>
        </detaileddescription>
        <inbodydescription>
        </inbodydescription>
        <location file="C:/Users/Mus/Programmering/AdvancedCSharp/Mandatory/Creature.cs" line="15" column="19" bodyfile="C:/Users/Mus/Programmering/AdvancedCSharp/Mandatory/Creature.cs" bodystart="15" bodyend="15"/>
      </memberdef>
      <memberdef kind="property" id="class_mandatory_1_1_creature_1ab1316adbb951e1b0ba9aaa18368158c1" prot="public" static="no" readable="no" writable="no" gettable="yes" privategettable="no" protectedgettable="no" settable="no" privatesettable="yes" protectedsettable="no">
        <type><ref refid="interface_mandatory_1_1_i_weapon" kindref="compound">IWeapon</ref>?</type>
        <definition>IWeapon? Mandatory.Creature.Offence</definition>
        <argsstring></argsstring>
        <name>Offence</name>
        <qualifiedname>Mandatory.Creature.Offence</qualifiedname>
        <briefdescription>
<para>Gets the equipped offensive item (weapon). Can be null. </para>
        </briefdescription>
        <detaileddescription>
        </detaileddescription>
        <inbodydescription>
        </inbodydescription>
        <location file="C:/Users/Mus/Programmering/AdvancedCSharp/Mandatory/Creature.cs" line="19" column="20" bodyfile="C:/Users/Mus/Programmering/AdvancedCSharp/Mandatory/Creature.cs" bodystart="19" bodyend="19"/>
      </memberdef>
      <memberdef kind="property" id="class_mandatory_1_1_creature_1a48894d1e3a8dba1bce4a6ac824a4b276" prot="public" static="no" readable="no" writable="no" gettable="yes" privategettable="no" protectedgettable="no" settable="yes" privatesettable="no" protectedsettable="no">
        <type>int</type>
        <definition>int Mandatory.Creature.HitPoint</definition>
        <argsstring></argsstring>
        <name>HitPoint</name>
        <qualifiedname>Mandatory.Creature.HitPoint</qualifiedname>
        <reimplements refid="interface_mandatory_1_1_i_creature_1a3f4ff25a1af3e8f7d0047e4051668530">HitPoint</reimplements>
        <briefdescription>
<para>Gets or sets the current hit points (health) of the creature. </para>
        </briefdescription>
        <detaileddescription>
        </detaileddescription>
        <inbodydescription>
        </inbodydescription>
        <location file="C:/Users/Mus/Programmering/AdvancedCSharp/Mandatory/Creature.cs" line="24" column="16" bodyfile="C:/Users/Mus/Programmering/AdvancedCSharp/Mandatory/Creature.cs" bodystart="24" bodyend="24"/>
      </memberdef>
      <memberdef kind="property" id="class_mandatory_1_1_creature_1ad6fe9017c3aec63b6c5e9b540fb86796" prot="public" static="no" readable="no" writable="no" gettable="yes" privategettable="no" protectedgettable="no" settable="yes" privatesettable="no" protectedsettable="no">
        <type>string?</type>
        <definition>string? Mandatory.Creature.Name</definition>
        <argsstring></argsstring>
        <name>Name</name>
        <qualifiedname>Mandatory.Creature.Name</qualifiedname>
        <reimplements refid="interface_mandatory_1_1_i_game_object_1a42aa80381992f8d7f3b43ed206876f06">Name</reimplements>
        <briefdescription>
<para>Gets or sets the name of the creature. </para>
        </briefdescription>
        <detaileddescription>
        </detaileddescription>
        <inbodydescription>
        </inbodydescription>
        <location file="C:/Users/Mus/Programmering/AdvancedCSharp/Mandatory/Creature.cs" line="28" column="19" bodyfile="C:/Users/Mus/Programmering/AdvancedCSharp/Mandatory/Creature.cs" bodystart="28" bodyend="28"/>
      </memberdef>
      <memberdef kind="property" id="class_mandatory_1_1_creature_1a548c7fc7241e365b4fe88dd6d40961a9" prot="public" static="no" readable="no" writable="no" gettable="yes" privategettable="no" protectedgettable="no" settable="yes" privatesettable="no" protectedsettable="no">
        <type>bool</type>
        <definition>bool Mandatory.Creature.Lootable</definition>
        <argsstring></argsstring>
        <name>Lootable</name>
        <qualifiedname>Mandatory.Creature.Lootable</qualifiedname>
        <reimplements refid="interface_mandatory_1_1_i_game_object_1a549268d62408a0fa0af6802d81869940">Lootable</reimplements>
        <briefdescription>
<para>Gets or sets a value indicating whether the creature drops loot upon removal/death. </para>
        </briefdescription>
        <detaileddescription>
        </detaileddescription>
        <inbodydescription>
        </inbodydescription>
        <location file="C:/Users/Mus/Programmering/AdvancedCSharp/Mandatory/Creature.cs" line="32" column="17" bodyfile="C:/Users/Mus/Programmering/AdvancedCSharp/Mandatory/Creature.cs" bodystart="32" bodyend="32"/>
      </memberdef>
      <memberdef kind="property" id="class_mandatory_1_1_creature_1a876380477c8ce9e2bce68488cd19d2a1" prot="public" static="no" readable="no" writable="no" gettable="yes" privategettable="no" protectedgettable="no" settable="yes" privatesettable="no" protectedsettable="no">
        <type>bool</type>
        <definition>bool Mandatory.Creature.Removeable</definition>
        <argsstring></argsstring>
        <name>Removeable</name>
        <qualifiedname>Mandatory.Creature.Removeable</qualifiedname>
        <reimplements refid="interface_mandatory_1_1_i_game_object_1aaf05885daf8cca71768aa10deac2ac54">Removeable</reimplements>
        <briefdescription>
<para>Gets or sets a value indicating whether the creature can be removed from the game world. </para>
        </briefdescription>
        <detaileddescription>
        </detaileddescription>
        <inbodydescription>
        </inbodydescription>
        <location file="C:/Users/Mus/Programmering/AdvancedCSharp/Mandatory/Creature.cs" line="36" column="17" bodyfile="C:/Users/Mus/Programmering/AdvancedCSharp/Mandatory/Creature.cs" bodystart="36" bodyend="36"/>
      </memberdef>
      <memberdef kind="property" id="class_mandatory_1_1_creature_1abe11a471bd2d291503270ac3525ef7c6" prot="public" static="no" readable="no" writable="no" gettable="yes" privategettable="no" protectedgettable="no" settable="yes" privatesettable="no" protectedsettable="no">
        <type>Position</type>
        <definition>Position Mandatory.Creature.Position</definition>
        <argsstring></argsstring>
        <name>Position</name>
        <qualifiedname>Mandatory.Creature.Position</qualifiedname>
        <reimplements refid="interface_mandatory_1_1_i_transform_1a045d5ec083352905363be26d5f676b51">Position</reimplements>
        <briefdescription>
<para>Gets or sets the current position of the creature in the game world. </para>
        </briefdescription>
        <detaileddescription>
        </detaileddescription>
        <inbodydescription>
        </inbodydescription>
        <location file="C:/Users/Mus/Programmering/AdvancedCSharp/Mandatory/Creature.cs" line="40" column="21" bodyfile="C:/Users/Mus/Programmering/AdvancedCSharp/Mandatory/Creature.cs" bodystart="40" bodyend="40"/>
      </memberdef>
    </sectiondef>
    <sectiondef kind="public-func">
      <memberdef kind="function" id="class_mandatory_1_1_creature_1a1f2eabffa49978d8b9e06ad8cea024ca" prot="public" static="no" const="no" explicit="no" inline="yes" virt="non-virtual">
        <type></type>
        <definition>Mandatory.Creature.Creature</definition>
        <argsstring>(ITransform transform, INotifier notifier, IDamageCalculator damageCalculator)</argsstring>
        <name>Creature</name>
        <qualifiedname>Mandatory.Creature.Creature</qualifiedname>
        <param>
          <type><ref refid="interface_mandatory_1_1_i_transform" kindref="compound">ITransform</ref></type>
          <declname>transform</declname>
        </param>
        <param>
          <type><ref refid="interface_mandatory_1_1_i_notifier" kindref="compound">INotifier</ref></type>
          <declname>notifier</declname>
        </param>
        <param>
          <type><ref refid="interface_mandatory_1_1_i_damage_calculator" kindref="compound">IDamageCalculator</ref></type>
          <declname>damageCalculator</declname>
        </param>
        <briefdescription>
<para>Initializes a new instance of the <ref refid="class_mandatory_1_1_creature" kindref="compound">Creature</ref> class. </para>
        </briefdescription>
        <detaileddescription>
<para><parameterlist kind="param"><parameteritem>
<parameternamelist>
<parametername>transform</parametername>
</parameternamelist>
<parameterdescription>
<para>The component responsible for the creature&apos;s spatial properties.</para>
</parameterdescription>
</parameteritem>
<parameteritem>
<parameternamelist>
<parametername>notifier</parametername>
</parameternamelist>
<parameterdescription>
<para>The service used to notify the game world (e.g., UI, log) of events.</para>
</parameterdescription>
</parameteritem>
<parameteritem>
<parameternamelist>
<parametername>damageCalculator</parametername>
</parameternamelist>
<parameterdescription>
<para>The service used to calculate final damage taken.</para>
</parameterdescription>
</parameteritem>
</parameterlist>
</para>
        </detaileddescription>
        <inbodydescription>
        </inbodydescription>
        <location file="C:/Users/Mus/Programmering/AdvancedCSharp/Mandatory/Creature.cs" line="48" column="12" bodyfile="C:/Users/Mus/Programmering/AdvancedCSharp/Mandatory/Creature.cs" bodystart="48" bodyend="52"/>
      </memberdef>
      <memberdef kind="function" id="class_mandatory_1_1_creature_1a3d868e1ee1661311590a2abe05c9b44a" prot="public" static="no" const="no" explicit="no" inline="no" virt="non-virtual">
        <type>void</type>
        <definition>void Mandatory.Creature.SelectTarget</definition>
        <argsstring>()</argsstring>
        <name>SelectTarget</name>
        <qualifiedname>Mandatory.Creature.SelectTarget</qualifiedname>
        <reimplements refid="interface_mandatory_1_1_i_select_target_1a610831e59026516bf2082aa7f941bb10">SelectTarget</reimplements>
        <briefdescription>
<para>Abstract method for the creature to select a target for interaction (e.g., attack). </para>
        </briefdescription>
        <detaileddescription>
        </detaileddescription>
        <inbodydescription>
        </inbodydescription>
        <location file="C:/Users/Mus/Programmering/AdvancedCSharp/Mandatory/Creature.cs" line="57" column="26"/>
      </memberdef>
      <memberdef kind="function" id="class_mandatory_1_1_creature_1a89e2c251e50782195c44b9fd157bb93b" prot="public" static="no" const="no" explicit="no" inline="no" virt="non-virtual">
        <type>void</type>
        <definition>void Mandatory.Creature.Move</definition>
        <argsstring>()</argsstring>
        <name>Move</name>
        <qualifiedname>Mandatory.Creature.Move</qualifiedname>
        <reimplements refid="interface_mandatory_1_1_i_moveable_1aedf31b09640669602ce536d0000d7b52">Move</reimplements>
        <briefdescription>
<para>Abstract method for the creature&apos;s movement logic. </para>
        </briefdescription>
        <detaileddescription>
        </detaileddescription>
        <inbodydescription>
        </inbodydescription>
        <location file="C:/Users/Mus/Programmering/AdvancedCSharp/Mandatory/Creature.cs" line="61" column="26"/>
      </memberdef>
      <memberdef kind="function" id="class_mandatory_1_1_creature_1aa0452d53783cfee3d11b34f943e443a0" prot="public" static="no" const="no" explicit="no" inline="no" virt="non-virtual">
        <type>void</type>
        <definition>void Mandatory.Creature.Attack</definition>
        <argsstring>()</argsstring>
        <name>Attack</name>
        <qualifiedname>Mandatory.Creature.Attack</qualifiedname>
        <reimplements refid="interface_mandatory_1_1_i_attack_1a1879c30bddffc2055d4503c728574686">Attack</reimplements>
        <briefdescription>
<para>Abstract method for the creature&apos;s attack logic. </para>
        </briefdescription>
        <detaileddescription>
        </detaileddescription>
        <inbodydescription>
        </inbodydescription>
        <location file="C:/Users/Mus/Programmering/AdvancedCSharp/Mandatory/Creature.cs" line="65" column="26"/>
      </memberdef>
      <memberdef kind="function" id="class_mandatory_1_1_creature_1a755f32031db1d759c516e3a528551fca" prot="public" static="no" const="no" explicit="no" inline="no" virt="non-virtual">
        <type>void</type>
        <definition>void Mandatory.Creature.Loot</definition>
        <argsstring>(IGameObject loot)</argsstring>
        <name>Loot</name>
        <qualifiedname>Mandatory.Creature.Loot</qualifiedname>
        <reimplements refid="interface_mandatory_1_1_i_loot_1acc86305fd1533e8a04ebfd6e2dc6c570">Loot</reimplements>
        <param>
          <type><ref refid="interface_mandatory_1_1_i_game_object" kindref="compound">IGameObject</ref></type>
          <declname>loot</declname>
        </param>
        <briefdescription>
<para>Abstract method for the creature&apos;s looting behavior. </para>
        </briefdescription>
        <detaileddescription>
<para><parameterlist kind="param"><parameteritem>
<parameternamelist>
<parametername>loot</parametername>
</parameternamelist>
<parameterdescription>
<para>The game object being looted.</para>
</parameterdescription>
</parameteritem>
</parameterlist>
</para>
        </detaileddescription>
        <inbodydescription>
        </inbodydescription>
        <location file="C:/Users/Mus/Programmering/AdvancedCSharp/Mandatory/Creature.cs" line="70" column="26"/>
      </memberdef>
      <memberdef kind="function" id="class_mandatory_1_1_creature_1a373f29c8655245f6df5959136c119cb1" prot="public" static="no" const="no" explicit="no" inline="no" virt="non-virtual">
        <type>void</type>
        <definition>void Mandatory.Creature.TakeTurn</definition>
        <argsstring>()</argsstring>
        <name>TakeTurn</name>
        <qualifiedname>Mandatory.Creature.TakeTurn</qualifiedname>
        <reimplements refid="interface_mandatory_1_1_i_take_turn_1a607baacf49670964864b5b010f51fcfe">TakeTurn</reimplements>
        <briefdescription>
<para>Abstract method representing the overall actions the creature takes during its turn. </para>
        </briefdescription>
        <detaileddescription>
        </detaileddescription>
        <inbodydescription>
        </inbodydescription>
        <location file="C:/Users/Mus/Programmering/AdvancedCSharp/Mandatory/Creature.cs" line="74" column="26"/>
      </memberdef>
      <memberdef kind="function" id="class_mandatory_1_1_creature_1a544535d59af628ec7f3755b3f3bdb5c2" prot="public" static="no" const="no" explicit="no" inline="yes" virt="virtual">
        <type>void</type>
        <definition>virtual void Mandatory.Creature.RecieveHit</definition>
        <argsstring>(int hit)</argsstring>
        <name>RecieveHit</name>
        <qualifiedname>Mandatory.Creature.RecieveHit</qualifiedname>
        <reimplements refid="interface_mandatory_1_1_i_attack_1aa59d675c76548f58fbafad8e7cfce347">RecieveHit</reimplements>
        <param>
          <type>int</type>
          <declname>hit</declname>
        </param>
        <briefdescription>
<para>Applies damage to the creature, reducing its HitPoint after defense calculation. Notifies the game of the hit. </para>
        </briefdescription>
        <detaileddescription>
<para><parameterlist kind="param"><parameteritem>
<parameternamelist>
<parametername>hit</parametername>
</parameternamelist>
<parameterdescription>
<para>The raw incoming damage amount.</para>
</parameterdescription>
</parameteritem>
</parameterlist>
</para>
        </detaileddescription>
        <inbodydescription>
        </inbodydescription>
        <location file="C:/Users/Mus/Programmering/AdvancedCSharp/Mandatory/Creature.cs" line="81" column="25" bodyfile="C:/Users/Mus/Programmering/AdvancedCSharp/Mandatory/Creature.cs" bodystart="81" bodyend="89"/>
      </memberdef>
      <memberdef kind="function" id="class_mandatory_1_1_creature_1a8fb5fc6140a41a62c8cb27d34cc6c8e9" prot="public" static="no" const="no" explicit="no" inline="yes" virt="non-virtual">
        <type>int</type>
        <definition>int Mandatory.Creature.GetTotalDefence</definition>
        <argsstring>()</argsstring>
        <name>GetTotalDefence</name>
        <qualifiedname>Mandatory.Creature.GetTotalDefence</qualifiedname>
        <reimplements refid="interface_mandatory_1_1_i_attack_1a3c7dd8bb7bf6cc8104ace8860b0c2f51">GetTotalDefence</reimplements>
        <briefdescription>
<para>Gets the total defense point value provided by the currently equipped armor. </para>
        </briefdescription>
        <detaileddescription>
<para><simplesect kind="return"><para>The total defense points, or 0 if no armor is equipped.</para>
</simplesect>
</para>
        </detaileddescription>
        <inbodydescription>
        </inbodydescription>
        <location file="C:/Users/Mus/Programmering/AdvancedCSharp/Mandatory/Creature.cs" line="95" column="16" bodyfile="C:/Users/Mus/Programmering/AdvancedCSharp/Mandatory/Creature.cs" bodystart="95" bodyend="98"/>
      </memberdef>
      <memberdef kind="function" id="class_mandatory_1_1_creature_1a45dec3cc04dbe715fe120c3d9f769415" prot="public" static="no" const="no" explicit="no" inline="yes" virt="non-virtual">
        <type>int</type>
        <definition>int Mandatory.Creature.GetTotalOffence</definition>
        <argsstring>()</argsstring>
        <name>GetTotalOffence</name>
        <qualifiedname>Mandatory.Creature.GetTotalOffence</qualifiedname>
        <reimplements refid="interface_mandatory_1_1_i_attack_1a8658e71dcaf3de1a7803ee60d5b9d2f8">GetTotalOffence</reimplements>
        <briefdescription>
<para>Gets the total attack damage value provided by the currently equipped weapon. </para>
        </briefdescription>
        <detaileddescription>
<para><simplesect kind="return"><para>The total attack damage, or 0 if no weapon is equipped.</para>
</simplesect>
</para>
        </detaileddescription>
        <inbodydescription>
        </inbodydescription>
        <location file="C:/Users/Mus/Programmering/AdvancedCSharp/Mandatory/Creature.cs" line="104" column="16" bodyfile="C:/Users/Mus/Programmering/AdvancedCSharp/Mandatory/Creature.cs" bodystart="104" bodyend="107"/>
      </memberdef>
      <memberdef kind="function" id="class_mandatory_1_1_creature_1ad18bdf5a001a65fea4def218269338bf" prot="public" static="no" const="no" explicit="no" inline="yes" virt="non-virtual">
        <type>void</type>
        <definition>void Mandatory.Creature.SetArmor</definition>
        <argsstring>(IArmor armor)</argsstring>
        <name>SetArmor</name>
        <qualifiedname>Mandatory.Creature.SetArmor</qualifiedname>
        <param>
          <type><ref refid="interface_mandatory_1_1_i_armor" kindref="compound">IArmor</ref></type>
          <declname>armor</declname>
        </param>
        <briefdescription>
<para>Equips a new armor item to the creature&apos;s Defence slot. </para>
        </briefdescription>
        <detaileddescription>
<para><parameterlist kind="param"><parameteritem>
<parameternamelist>
<parametername>armor</parametername>
</parameternamelist>
<parameterdescription>
<para>The armor item to equip.</para>
</parameterdescription>
</parameteritem>
</parameterlist>
</para>
        </detaileddescription>
        <inbodydescription>
        </inbodydescription>
        <location file="C:/Users/Mus/Programmering/AdvancedCSharp/Mandatory/Creature.cs" line="113" column="17" bodyfile="C:/Users/Mus/Programmering/AdvancedCSharp/Mandatory/Creature.cs" bodystart="113" bodyend="115"/>
      </memberdef>
      <memberdef kind="function" id="class_mandatory_1_1_creature_1a3330f4857534297bceb1ffd394e842e3" prot="public" static="no" const="no" explicit="no" inline="yes" virt="non-virtual">
        <type>void</type>
        <definition>void Mandatory.Creature.SetWeapon</definition>
        <argsstring>(IWeapon weapon)</argsstring>
        <name>SetWeapon</name>
        <qualifiedname>Mandatory.Creature.SetWeapon</qualifiedname>
        <param>
          <type><ref refid="interface_mandatory_1_1_i_weapon" kindref="compound">IWeapon</ref></type>
          <declname>weapon</declname>
        </param>
        <briefdescription>
<para>Equips a new weapon item to the creature&apos;s Offence slot. </para>
        </briefdescription>
        <detaileddescription>
<para><parameterlist kind="param"><parameteritem>
<parameternamelist>
<parametername>weapon</parametername>
</parameternamelist>
<parameterdescription>
<para>The weapon item to equip.</para>
</parameterdescription>
</parameteritem>
</parameterlist>
</para>
        </detaileddescription>
        <inbodydescription>
        </inbodydescription>
        <location file="C:/Users/Mus/Programmering/AdvancedCSharp/Mandatory/Creature.cs" line="121" column="17" bodyfile="C:/Users/Mus/Programmering/AdvancedCSharp/Mandatory/Creature.cs" bodystart="121" bodyend="123"/>
      </memberdef>
      <memberdef kind="function" id="class_mandatory_1_1_creature_1ab68b83d7448ca872bd948f4b42dd5b03" prot="public" static="no" const="no" explicit="no" inline="yes" virt="non-virtual">
        <type>void</type>
        <definition>void Mandatory.Creature.Dispose</definition>
        <argsstring>()</argsstring>
        <name>Dispose</name>
        <qualifiedname>Mandatory.Creature.Dispose</qualifiedname>
        <briefdescription>
<para>Performs application-defined tasks associated with freeing, releasing, or resetting unmanaged resources. </para>
        </briefdescription>
        <detaileddescription>
        </detaileddescription>
        <inbodydescription>
        </inbodydescription>
        <location file="C:/Users/Mus/Programmering/AdvancedCSharp/Mandatory/Creature.cs" line="128" column="17" bodyfile="C:/Users/Mus/Programmering/AdvancedCSharp/Mandatory/Creature.cs" bodystart="128" bodyend="130"/>
      </memberdef>
    </sectiondef>
    <briefdescription>
<para>Represents the abstract base class for all creatures in the game world. A creature is a game object that can move, attack, take damage, and equip gear. </para>
    </briefdescription>
    <detaileddescription>
    </detaileddescription>
    <inheritancegraph>
      <node id="5">
        <label>IDisposable</label>
      </node>
      <node id="1">
        <label>Mandatory.Creature</label>
        <link refid="class_mandatory_1_1_creature"/>
        <childnode refid="2" relation="public-inheritance">
        </childnode>
        <childnode refid="10" relation="public-inheritance">
        </childnode>
        <childnode refid="11" relation="public-inheritance">
        </childnode>
      </node>
      <node id="10">
        <label>Mandatory.IAttack</label>
        <link refid="interface_mandatory_1_1_i_attack"/>
      </node>
      <node id="2">
        <label>Mandatory.ICreature</label>
        <link refid="interface_mandatory_1_1_i_creature"/>
        <childnode refid="3" relation="public-inheritance">
        </childnode>
        <childnode refid="7" relation="public-inheritance">
        </childnode>
        <childnode refid="8" relation="public-inheritance">
        </childnode>
        <childnode refid="9" relation="public-inheritance">
        </childnode>
      </node>
      <node id="4">
        <label>Mandatory.IGameObject</label>
        <link refid="interface_mandatory_1_1_i_game_object"/>
        <childnode refid="5" relation="public-inheritance">
        </childnode>
      </node>
      <node id="7">
        <label>Mandatory.ILoot</label>
        <link refid="interface_mandatory_1_1_i_loot"/>
      </node>
      <node id="8">
        <label>Mandatory.IMoveable</label>
        <link refid="interface_mandatory_1_1_i_moveable"/>
      </node>
      <node id="11">
        <label>Mandatory.ISelectTarget</label>
        <link refid="interface_mandatory_1_1_i_select_target"/>
      </node>
      <node id="9">
        <label>Mandatory.ITakeTurn</label>
        <link refid="interface_mandatory_1_1_i_take_turn"/>
      </node>
      <node id="6">
        <label>Mandatory.ITransform</label>
        <link refid="interface_mandatory_1_1_i_transform"/>
      </node>
      <node id="3">
        <label>Mandatory.IWorldObject</label>
        <link refid="interface_mandatory_1_1_i_world_object"/>
        <childnode refid="4" relation="public-inheritance">
        </childnode>
        <childnode refid="6" relation="public-inheritance">
        </childnode>
      </node>
    </inheritancegraph>
    <collaborationgraph>
      <node id="5">
        <label>IDisposable</label>
      </node>
      <node id="1">
        <label>Mandatory.Creature</label>
        <link refid="class_mandatory_1_1_creature"/>
        <childnode refid="2" relation="public-inheritance">
        </childnode>
        <childnode refid="10" relation="public-inheritance">
        </childnode>
        <childnode refid="11" relation="public-inheritance">
        </childnode>
      </node>
      <node id="10">
        <label>Mandatory.IAttack</label>
        <link refid="interface_mandatory_1_1_i_attack"/>
      </node>
      <node id="2">
        <label>Mandatory.ICreature</label>
        <link refid="interface_mandatory_1_1_i_creature"/>
        <childnode refid="3" relation="public-inheritance">
        </childnode>
        <childnode refid="7" relation="public-inheritance">
        </childnode>
        <childnode refid="8" relation="public-inheritance">
        </childnode>
        <childnode refid="9" relation="public-inheritance">
        </childnode>
      </node>
      <node id="4">
        <label>Mandatory.IGameObject</label>
        <link refid="interface_mandatory_1_1_i_game_object"/>
        <childnode refid="5" relation="public-inheritance">
        </childnode>
      </node>
      <node id="7">
        <label>Mandatory.ILoot</label>
        <link refid="interface_mandatory_1_1_i_loot"/>
      </node>
      <node id="8">
        <label>Mandatory.IMoveable</label>
        <link refid="interface_mandatory_1_1_i_moveable"/>
      </node>
      <node id="11">
        <label>Mandatory.ISelectTarget</label>
        <link refid="interface_mandatory_1_1_i_select_target"/>
      </node>
      <node id="9">
        <label>Mandatory.ITakeTurn</label>
        <link refid="interface_mandatory_1_1_i_take_turn"/>
      </node>
      <node id="6">
        <label>Mandatory.ITransform</label>
        <link refid="interface_mandatory_1_1_i_transform"/>
      </node>
      <node id="3">
        <label>Mandatory.IWorldObject</label>
        <link refid="interface_mandatory_1_1_i_world_object"/>
        <childnode refid="4" relation="public-inheritance">
        </childnode>
        <childnode refid="6" relation="public-inheritance">
        </childnode>
      </node>
    </collaborationgraph>
    <location file="C:/Users/Mus/Programmering/AdvancedCSharp/Mandatory/Creature.cs" line="7" column="17" bodyfile="C:/Users/Mus/Programmering/AdvancedCSharp/Mandatory/Creature.cs" bodystart="7" bodyend="131"/>
    <listofallmembers>
      <member refid="class_mandatory_1_1_creature_1aa0452d53783cfee3d11b34f943e443a0" prot="public" virt="non-virtual"><scope>Mandatory::Creature</scope><name>Attack</name></member>
      <member refid="class_mandatory_1_1_creature_1a1f2eabffa49978d8b9e06ad8cea024ca" prot="public" virt="non-virtual"><scope>Mandatory::Creature</scope><name>Creature</name></member>
      <member refid="class_mandatory_1_1_creature_1a0ab394087f33f7c0dc7e9a1642736763" prot="private" virt="non-virtual"><scope>Mandatory::Creature</scope><name>damageCalculator</name></member>
      <member refid="class_mandatory_1_1_creature_1a7f007ea9f12184fab5d4d1288ed6dfca" prot="public" virt="non-virtual"><scope>Mandatory::Creature</scope><name>Defence</name></member>
      <member refid="class_mandatory_1_1_creature_1ab68b83d7448ca872bd948f4b42dd5b03" prot="public" virt="non-virtual"><scope>Mandatory::Creature</scope><name>Dispose</name></member>
      <member refid="class_mandatory_1_1_creature_1a8fb5fc6140a41a62c8cb27d34cc6c8e9" prot="public" virt="non-virtual"><scope>Mandatory::Creature</scope><name>GetTotalDefence</name></member>
      <member refid="class_mandatory_1_1_creature_1a45dec3cc04dbe715fe120c3d9f769415" prot="public" virt="non-virtual"><scope>Mandatory::Creature</scope><name>GetTotalOffence</name></member>
      <member refid="class_mandatory_1_1_creature_1a48894d1e3a8dba1bce4a6ac824a4b276" prot="public" virt="non-virtual"><scope>Mandatory::Creature</scope><name>HitPoint</name></member>
      <member refid="class_mandatory_1_1_creature_1a755f32031db1d759c516e3a528551fca" prot="public" virt="non-virtual"><scope>Mandatory::Creature</scope><name>Loot</name></member>
      <member refid="class_mandatory_1_1_creature_1a548c7fc7241e365b4fe88dd6d40961a9" prot="public" virt="non-virtual"><scope>Mandatory::Creature</scope><name>Lootable</name></member>
      <member refid="class_mandatory_1_1_creature_1a89e2c251e50782195c44b9fd157bb93b" prot="public" virt="non-virtual"><scope>Mandatory::Creature</scope><name>Move</name></member>
      <member refid="class_mandatory_1_1_creature_1ad6fe9017c3aec63b6c5e9b540fb86796" prot="public" virt="non-virtual"><scope>Mandatory::Creature</scope><name>Name</name></member>
      <member refid="class_mandatory_1_1_creature_1a06de175be84a7abc8a3fb656ace42b54" prot="private" virt="non-virtual"><scope>Mandatory::Creature</scope><name>notifier</name></member>
      <member refid="class_mandatory_1_1_creature_1ab1316adbb951e1b0ba9aaa18368158c1" prot="public" virt="non-virtual"><scope>Mandatory::Creature</scope><name>Offence</name></member>
      <member refid="class_mandatory_1_1_creature_1abe11a471bd2d291503270ac3525ef7c6" prot="public" virt="non-virtual"><scope>Mandatory::Creature</scope><name>Position</name></member>
      <member refid="class_mandatory_1_1_creature_1a544535d59af628ec7f3755b3f3bdb5c2" prot="public" virt="virtual"><scope>Mandatory::Creature</scope><name>RecieveHit</name></member>
      <member refid="class_mandatory_1_1_creature_1a876380477c8ce9e2bce68488cd19d2a1" prot="public" virt="non-virtual"><scope>Mandatory::Creature</scope><name>Removeable</name></member>
      <member refid="class_mandatory_1_1_creature_1a3d868e1ee1661311590a2abe05c9b44a" prot="public" virt="non-virtual"><scope>Mandatory::Creature</scope><name>SelectTarget</name></member>
      <member refid="class_mandatory_1_1_creature_1ad18bdf5a001a65fea4def218269338bf" prot="public" virt="non-virtual"><scope>Mandatory::Creature</scope><name>SetArmor</name></member>
      <member refid="class_mandatory_1_1_creature_1a3330f4857534297bceb1ffd394e842e3" prot="public" virt="non-virtual"><scope>Mandatory::Creature</scope><name>SetWeapon</name></member>
      <member refid="class_mandatory_1_1_creature_1a373f29c8655245f6df5959136c119cb1" prot="public" virt="non-virtual"><scope>Mandatory::Creature</scope><name>TakeTurn</name></member>
      <member refid="class_mandatory_1_1_creature_1a02f4520ad8fbd6332aef2a8023e34828" prot="private" virt="non-virtual"><scope>Mandatory::Creature</scope><name>transform</name></member>
    </listofallmembers>
  </compounddef>
</doxygen>
