<?xml version='1.0' encoding='UTF-8' standalone='no'?>
<doxygen xmlns:xsi="http://www.w3.org/2001/XMLSchema-instance" xsi:noNamespaceSchemaLocation="compound.xsd" version="1.15.0" xml:lang="en-US">
  <compounddef id="class_mandatory_1_1_defence_item" kind="class" language="C#" prot="public" abstract="yes">
    <compoundname>Mandatory::DefenceItem</compoundname>
    <basecompoundref refid="interface_mandatory_1_1_i_armor" prot="public" virt="non-virtual">Mandatory.IArmor</basecompoundref>
    <derivedcompoundref refid="class_mandatory_1_1_armor" prot="public" virt="non-virtual">Mandatory.Armor</derivedcompoundref>
    <sectiondef kind="property">
      <memberdef kind="property" id="class_mandatory_1_1_defence_item_1a719fc6d8bbea954d364dddc95d82f11a" prot="public" static="no" readable="no" writable="no" gettable="yes" privategettable="no" protectedgettable="no" settable="yes" privatesettable="no" protectedsettable="no">
        <type>string?</type>
        <definition>string? Mandatory.DefenceItem.Name</definition>
        <argsstring></argsstring>
        <name>Name</name>
        <qualifiedname>Mandatory.DefenceItem.Name</qualifiedname>
        <reimplements refid="interface_mandatory_1_1_i_game_object_1a42aa80381992f8d7f3b43ed206876f06">Name</reimplements>
        <briefdescription>
<para>Gets or sets the name of the armor item. </para>
        </briefdescription>
        <detaileddescription>
        </detaileddescription>
        <inbodydescription>
        </inbodydescription>
        <location file="C:/Users/Mus/Programmering/AdvancedCSharp/Mandatory/DefenceItem.cs" line="12" column="19" bodyfile="C:/Users/Mus/Programmering/AdvancedCSharp/Mandatory/DefenceItem.cs" bodystart="12" bodyend="12"/>
      </memberdef>
      <memberdef kind="property" id="class_mandatory_1_1_defence_item_1a7ae758db620fa668377b12761858d9b4" prot="public" static="no" readable="no" writable="no" gettable="yes" privategettable="no" protectedgettable="no" settable="yes" privatesettable="no" protectedsettable="no">
        <type>bool</type>
        <definition>bool Mandatory.DefenceItem.Lootable</definition>
        <argsstring></argsstring>
        <name>Lootable</name>
        <qualifiedname>Mandatory.DefenceItem.Lootable</qualifiedname>
        <reimplements refid="interface_mandatory_1_1_i_game_object_1a549268d62408a0fa0af6802d81869940">Lootable</reimplements>
        <briefdescription>
<para>Gets or sets a value indicating whether the item can be looted. </para>
        </briefdescription>
        <detaileddescription>
        </detaileddescription>
        <inbodydescription>
        </inbodydescription>
        <location file="C:/Users/Mus/Programmering/AdvancedCSharp/Mandatory/DefenceItem.cs" line="16" column="17" bodyfile="C:/Users/Mus/Programmering/AdvancedCSharp/Mandatory/DefenceItem.cs" bodystart="16" bodyend="16"/>
      </memberdef>
      <memberdef kind="property" id="class_mandatory_1_1_defence_item_1a45ba1ab4df4b64ee5e6958dd6312c17d" prot="public" static="no" readable="no" writable="no" gettable="yes" privategettable="no" protectedgettable="no" settable="yes" privatesettable="no" protectedsettable="no">
        <type>bool</type>
        <definition>bool Mandatory.DefenceItem.Removeable</definition>
        <argsstring></argsstring>
        <name>Removeable</name>
        <qualifiedname>Mandatory.DefenceItem.Removeable</qualifiedname>
        <reimplements refid="interface_mandatory_1_1_i_game_object_1aaf05885daf8cca71768aa10deac2ac54">Removeable</reimplements>
        <briefdescription>
<para>Gets or sets a value indicating whether the item can be removed from a container or inventory. </para>
        </briefdescription>
        <detaileddescription>
        </detaileddescription>
        <inbodydescription>
        </inbodydescription>
        <location file="C:/Users/Mus/Programmering/AdvancedCSharp/Mandatory/DefenceItem.cs" line="20" column="17" bodyfile="C:/Users/Mus/Programmering/AdvancedCSharp/Mandatory/DefenceItem.cs" bodystart="20" bodyend="20"/>
      </memberdef>
      <memberdef kind="property" id="class_mandatory_1_1_defence_item_1afc7d1058978dffddafbc7e03e5136b22" prot="public" static="no" readable="no" writable="no" gettable="yes" privategettable="no" protectedgettable="no" settable="yes" privatesettable="no" protectedsettable="no">
        <type>ArmorSlot</type>
        <definition>ArmorSlot Mandatory.DefenceItem.ArmorSlot</definition>
        <argsstring></argsstring>
        <name>ArmorSlot</name>
        <qualifiedname>Mandatory.DefenceItem.ArmorSlot</qualifiedname>
        <reimplements refid="interface_mandatory_1_1_i_armor_1a30b4f3f4ce42bc471a5c0f9f069cb428">ArmorSlot</reimplements>
        <briefdescription>
<para>Gets or sets the slot type this armor occupies (e.g., Head, Torso). </para>
        </briefdescription>
        <detaileddescription>
        </detaileddescription>
        <inbodydescription>
        </inbodydescription>
        <location file="C:/Users/Mus/Programmering/AdvancedCSharp/Mandatory/DefenceItem.cs" line="24" column="22" bodyfile="C:/Users/Mus/Programmering/AdvancedCSharp/Mandatory/DefenceItem.cs" bodystart="24" bodyend="24"/>
      </memberdef>
      <memberdef kind="property" id="class_mandatory_1_1_defence_item_1a77d99cc620ae4812ab51075ad81fc218" prot="public" static="no" readable="no" writable="no" gettable="yes" privategettable="no" protectedgettable="no" settable="yes" privatesettable="no" protectedsettable="no">
        <type>Position</type>
        <definition>Position Mandatory.DefenceItem.Position</definition>
        <argsstring></argsstring>
        <name>Position</name>
        <qualifiedname>Mandatory.DefenceItem.Position</qualifiedname>
        <reimplements refid="interface_mandatory_1_1_i_transform_1a045d5ec083352905363be26d5f676b51">Position</reimplements>
        <briefdescription>
<para>Gets or sets the position of the item in the game world. </para>
        </briefdescription>
        <detaileddescription>
        </detaileddescription>
        <inbodydescription>
        </inbodydescription>
        <location file="C:/Users/Mus/Programmering/AdvancedCSharp/Mandatory/DefenceItem.cs" line="28" column="21" bodyfile="C:/Users/Mus/Programmering/AdvancedCSharp/Mandatory/DefenceItem.cs" bodystart="28" bodyend="28"/>
      </memberdef>
    </sectiondef>
    <sectiondef kind="public-func">
      <memberdef kind="function" id="class_mandatory_1_1_defence_item_1a51293f9dbf26e685097d85d1e270e97f" prot="public" static="no" const="no" explicit="no" inline="no" virt="non-virtual">
        <type>int</type>
        <definition>int Mandatory.DefenceItem.GetTotalDefencePoint</definition>
        <argsstring>()</argsstring>
        <name>GetTotalDefencePoint</name>
        <qualifiedname>Mandatory.DefenceItem.GetTotalDefencePoint</qualifiedname>
        <reimplements refid="interface_mandatory_1_1_i_armor_1a9871f89d8f5c40bb1ee060045e910c2f">GetTotalDefencePoint</reimplements>
        <briefdescription>
<para>Abstract method to calculate the total defensive value provided by this item. Concrete classes (and decorators) must implement this. </para>
        </briefdescription>
        <detaileddescription>
<para><simplesect kind="return"><para>The calculated defensive point value.</para>
</simplesect>
</para>
        </detaileddescription>
        <inbodydescription>
        </inbodydescription>
        <location file="C:/Users/Mus/Programmering/AdvancedCSharp/Mandatory/DefenceItem.cs" line="34" column="25"/>
      </memberdef>
      <memberdef kind="function" id="class_mandatory_1_1_defence_item_1a1843daffa23373bea5a6e474c27502d4" prot="public" static="no" const="no" explicit="no" inline="no" virt="non-virtual">
        <type>void</type>
        <definition>void Mandatory.DefenceItem.Dispose</definition>
        <argsstring>()</argsstring>
        <name>Dispose</name>
        <qualifiedname>Mandatory.DefenceItem.Dispose</qualifiedname>
        <briefdescription>
<para>Performs application-defined tasks associated with freeing, releasing, or resetting unmanaged resources. This is inherited from the IDisposable interface via <ref refid="interface_mandatory_1_1_i_game_object" kindref="compound">IGameObject</ref> (implied). </para>
        </briefdescription>
        <detaileddescription>
        </detaileddescription>
        <inbodydescription>
        </inbodydescription>
        <location file="C:/Users/Mus/Programmering/AdvancedCSharp/Mandatory/DefenceItem.cs" line="39" column="26"/>
      </memberdef>
    </sectiondef>
    <briefdescription>
<para>Represents the abstract base class for all defensive items (armor) in the game. It provides common properties shared by all armor types and serves as the abstract component for the Decorator Pattern (along with <ref refid="interface_mandatory_1_1_i_armor" kindref="compound">IArmor</ref>). </para>
    </briefdescription>
    <detaileddescription>
    </detaileddescription>
    <inheritancegraph>
      <node id="5">
        <label>IDisposable</label>
      </node>
      <node id="1">
        <label>Mandatory.DefenceItem</label>
        <link refid="class_mandatory_1_1_defence_item"/>
        <childnode refid="2" relation="public-inheritance">
        </childnode>
      </node>
      <node id="7">
        <label>Mandatory.Armor</label>
        <link refid="class_mandatory_1_1_armor"/>
        <childnode refid="1" relation="public-inheritance">
        </childnode>
      </node>
      <node id="2">
        <label>Mandatory.IArmor</label>
        <link refid="interface_mandatory_1_1_i_armor"/>
        <childnode refid="3" relation="public-inheritance">
        </childnode>
      </node>
      <node id="4">
        <label>Mandatory.IGameObject</label>
        <link refid="interface_mandatory_1_1_i_game_object"/>
        <childnode refid="5" relation="public-inheritance">
        </childnode>
      </node>
      <node id="6">
        <label>Mandatory.ITransform</label>
        <link refid="interface_mandatory_1_1_i_transform"/>
      </node>
      <node id="3">
        <label>Mandatory.IWorldObject</label>
        <link refid="interface_mandatory_1_1_i_world_object"/>
        <childnode refid="4" relation="public-inheritance">
        </childnode>
        <childnode refid="6" relation="public-inheritance">
        </childnode>
      </node>
    </inheritancegraph>
    <collaborationgraph>
      <node id="5">
        <label>IDisposable</label>
      </node>
      <node id="1">
        <label>Mandatory.DefenceItem</label>
        <link refid="class_mandatory_1_1_defence_item"/>
        <childnode refid="2" relation="public-inheritance">
        </childnode>
      </node>
      <node id="2">
        <label>Mandatory.IArmor</label>
        <link refid="interface_mandatory_1_1_i_armor"/>
        <childnode refid="3" relation="public-inheritance">
        </childnode>
      </node>
      <node id="4">
        <label>Mandatory.IGameObject</label>
        <link refid="interface_mandatory_1_1_i_game_object"/>
        <childnode refid="5" relation="public-inheritance">
        </childnode>
      </node>
      <node id="6">
        <label>Mandatory.ITransform</label>
        <link refid="interface_mandatory_1_1_i_transform"/>
      </node>
      <node id="3">
        <label>Mandatory.IWorldObject</label>
        <link refid="interface_mandatory_1_1_i_world_object"/>
        <childnode refid="4" relation="public-inheritance">
        </childnode>
        <childnode refid="6" relation="public-inheritance">
        </childnode>
      </node>
    </collaborationgraph>
    <location file="C:/Users/Mus/Programmering/AdvancedCSharp/Mandatory/DefenceItem.cs" line="8" column="17" bodyfile="C:/Users/Mus/Programmering/AdvancedCSharp/Mandatory/DefenceItem.cs" bodystart="8" bodyend="40"/>
    <listofallmembers>
      <member refid="class_mandatory_1_1_defence_item_1afc7d1058978dffddafbc7e03e5136b22" prot="public" virt="non-virtual"><scope>Mandatory::DefenceItem</scope><name>ArmorSlot</name></member>
      <member refid="class_mandatory_1_1_defence_item_1a1843daffa23373bea5a6e474c27502d4" prot="public" virt="non-virtual"><scope>Mandatory::DefenceItem</scope><name>Dispose</name></member>
      <member refid="class_mandatory_1_1_defence_item_1a51293f9dbf26e685097d85d1e270e97f" prot="public" virt="non-virtual"><scope>Mandatory::DefenceItem</scope><name>GetTotalDefencePoint</name></member>
      <member refid="class_mandatory_1_1_defence_item_1a7ae758db620fa668377b12761858d9b4" prot="public" virt="non-virtual"><scope>Mandatory::DefenceItem</scope><name>Lootable</name></member>
      <member refid="class_mandatory_1_1_defence_item_1a719fc6d8bbea954d364dddc95d82f11a" prot="public" virt="non-virtual"><scope>Mandatory::DefenceItem</scope><name>Name</name></member>
      <member refid="class_mandatory_1_1_defence_item_1a77d99cc620ae4812ab51075ad81fc218" prot="public" virt="non-virtual"><scope>Mandatory::DefenceItem</scope><name>Position</name></member>
      <member refid="class_mandatory_1_1_defence_item_1a45ba1ab4df4b64ee5e6958dd6312c17d" prot="public" virt="non-virtual"><scope>Mandatory::DefenceItem</scope><name>Removeable</name></member>
    </listofallmembers>
  </compounddef>
</doxygen>
