<?xml version='1.0' encoding='UTF-8' standalone='no'?>
<doxygen xmlns:xsi="http://www.w3.org/2001/XMLSchema-instance" xsi:noNamespaceSchemaLocation="compound.xsd" version="1.15.0" xml:lang="en-US">
  <compounddef id="class_mandatory_1_1_basic_armor_decrease" kind="class" language="C#" prot="public">
    <compoundname>Mandatory::BasicArmorDecrease</compoundname>
    <basecompoundref refid="interface_mandatory_1_1_i_decrease_armor_value" prot="public" virt="non-virtual">Mandatory.IDecreaseArmorValue</basecompoundref>
    <sectiondef kind="public-func">
      <memberdef kind="function" id="class_mandatory_1_1_basic_armor_decrease_1a6cda1e3c5cd308dbde085c6ddc687600" prot="public" static="no" const="no" explicit="no" inline="yes" virt="non-virtual">
        <type>void</type>
        <definition>void Mandatory.BasicArmorDecrease.DecreaseArmorValue</definition>
        <argsstring>(IArmorModTarget target, int amount)</argsstring>
        <name>DecreaseArmorValue</name>
        <qualifiedname>Mandatory.BasicArmorDecrease.DecreaseArmorValue</qualifiedname>
        <reimplements refid="interface_mandatory_1_1_i_decrease_armor_value_1acbf2e13a98fd8b8e3fd08de985df4c23">DecreaseArmorValue</reimplements>
        <param>
          <type><ref refid="interface_mandatory_1_1_i_armor_mod_target" kindref="compound">IArmorModTarget</ref></type>
          <declname>target</declname>
        </param>
        <param>
          <type>int</type>
          <declname>amount</declname>
        </param>
        <briefdescription>
        </briefdescription>
        <detaileddescription>
        </detaileddescription>
        <inbodydescription>
        </inbodydescription>
        <location file="C:/Users/Mus/Programmering/AdvancedCSharp/Mandatory/FactoryHelpers/BasicArmorDecrease.cs" line="4" column="17" bodyfile="C:/Users/Mus/Programmering/AdvancedCSharp/Mandatory/FactoryHelpers/BasicArmorDecrease.cs" bodystart="4" bodyend="6"/>
      </memberdef>
    </sectiondef>
    <briefdescription>
    </briefdescription>
    <detaileddescription>
    </detaileddescription>
    <inheritancegraph>
      <node id="1">
        <label>Mandatory.BasicArmorDecrease</label>
        <link refid="class_mandatory_1_1_basic_armor_decrease"/>
        <childnode refid="2" relation="public-inheritance">
        </childnode>
      </node>
      <node id="2">
        <label>Mandatory.IDecreaseArmorValue</label>
        <link refid="interface_mandatory_1_1_i_decrease_armor_value"/>
      </node>
    </inheritancegraph>
    <collaborationgraph>
      <node id="1">
        <label>Mandatory.BasicArmorDecrease</label>
        <link refid="class_mandatory_1_1_basic_armor_decrease"/>
        <childnode refid="2" relation="public-inheritance">
        </childnode>
      </node>
      <node id="2">
        <label>Mandatory.IDecreaseArmorValue</label>
        <link refid="interface_mandatory_1_1_i_decrease_armor_value"/>
      </node>
    </collaborationgraph>
    <location file="C:/Users/Mus/Programmering/AdvancedCSharp/Mandatory/FactoryHelpers/BasicArmorDecrease.cs" line="3" column="7" bodyfile="C:/Users/Mus/Programmering/AdvancedCSharp/Mandatory/FactoryHelpers/BasicArmorDecrease.cs" bodystart="3" bodyend="7"/>
    <listofallmembers>
      <member refid="class_mandatory_1_1_basic_armor_decrease_1a6cda1e3c5cd308dbde085c6ddc687600" prot="public" virt="non-virtual"><scope>Mandatory::BasicArmorDecrease</scope><name>DecreaseArmorValue</name></member>
    </listofallmembers>
  </compounddef>
</doxygen>
