<?xml version='1.0' encoding='UTF-8' standalone='no'?>
<doxygen xmlns:xsi="http://www.w3.org/2001/XMLSchema-instance" xsi:noNamespaceSchemaLocation="compound.xsd" version="1.15.0" xml:lang="en-US">
  <compounddef id="dir_c3dbd4058200125af6b156de59769bf0" kind="dir">
    <compoundname>C:/Users/Mus/Programmering/AdvancedCSharp/Mandatory/obj/Debug</compoundname>
    <innerdir refid="dir_71df1ea15249f286dc2b3393c543640d">C:/Users/Mus/Programmering/AdvancedCSharp/Mandatory/obj/Debug/net9.0</innerdir>
    <briefdescription>
    </briefdescription>
    <detaileddescription>
    </detaileddescription>
    <location file="C:/Users/Mus/Programmering/AdvancedCSharp/Mandatory/obj/Debug/"/>
  </compounddef>
</doxygen>
