<?xml version='1.0' encoding='UTF-8' standalone='no'?>
<doxygen xmlns:xsi="http://www.w3.org/2001/XMLSchema-instance" xsi:noNamespaceSchemaLocation="compound.xsd" version="1.15.0" xml:lang="en-US">
  <compounddef id="dir_244c3127615ddf74a53c03cd55e9115d" kind="dir">
    <compoundname>C:/Users/Mus/Programmering/AdvancedCSharp/Mandatory</compoundname>
    <innerdir refid="dir_7633dfd9adbf48f7dbb5a623a672496c">C:/Users/Mus/Programmering/AdvancedCSharp/Mandatory/Interfaces</innerdir>
    <innerdir refid="dir_e4e86c09a26f2f19ef31eb0da0bdedc1">C:/Users/Mus/Programmering/AdvancedCSharp/Mandatory/obj</innerdir>
    <innerdir refid="dir_dee7e880d35116b65a9af992f9b42455">C:/Users/Mus/Programmering/AdvancedCSharp/Mandatory/Setups</innerdir>
    <innerfile refid="_armor_8cs">Armor.cs</innerfile>
    <innerfile refid="_armor_collection_8cs">ArmorCollection.cs</innerfile>
    <innerfile refid="_armor_slot_8cs">ArmorSlot.cs</innerfile>
    <innerfile refid="_attack_item_8cs">AttackItem.cs</innerfile>
    <innerfile refid="_creature_8cs">Creature.cs</innerfile>
    <innerfile refid="_defence_item_8cs">DefenceItem.cs</innerfile>
    <innerfile refid="_defence_item_decorator_8cs">DefenceItemDecorator.cs</innerfile>
    <innerfile refid="_game_object_8cs">GameObject.cs</innerfile>
    <innerfile refid="_game_object_factory_8cs">GameObjectFactory.cs</innerfile>
    <innerfile refid="_grid_8cs">Grid.cs</innerfile>
    <innerfile refid="_offence_item_decorator_8cs">OffenceItemDecorator.cs</innerfile>
    <innerfile refid="_position_8cs">Position.cs</innerfile>
    <innerfile refid="_size_8cs">Size.cs</innerfile>
    <innerfile refid="_transform_8cs">Transform.cs</innerfile>
    <innerfile refid="_weapon_8cs">Weapon.cs</innerfile>
    <innerfile refid="_weapon_collection_8cs">WeaponCollection.cs</innerfile>
    <innerfile refid="_weapon_slot_8cs">WeaponSlot.cs</innerfile>
    <innerfile refid="_world_8cs">World.cs</innerfile>
    <innerfile refid="_world_entities_manager_8cs">WorldEntitiesManager.cs</innerfile>
    <briefdescription>
    </briefdescription>
    <detaileddescription>
    </detaileddescription>
    <location file="C:/Users/Mus/Programmering/AdvancedCSharp/Mandatory/"/>
  </compounddef>
</doxygen>
