<?xml version='1.0' encoding='UTF-8' standalone='no'?>
<doxygen xmlns:xsi="http://www.w3.org/2001/XMLSchema-instance" xsi:noNamespaceSchemaLocation="compound.xsd" version="1.15.0" xml:lang="en-US">
  <compounddef id="dir_fa3c2d97bcd31430b5366cbe69364d57" kind="dir">
    <compoundname>C:/Users/Mus</compoundname>
    <innerdir refid="dir_cc7c9f73bd60ac14036cead2077a4a02">C:/Users/Mus/Programmering</innerdir>
    <briefdescription>
    </briefdescription>
    <detaileddescription>
    </detaileddescription>
    <location file="C:/Users/Mus/"/>
  </compounddef>
</doxygen>
