<?xml version='1.0' encoding='UTF-8' standalone='no'?>
<doxygen xmlns:xsi="http://www.w3.org/2001/XMLSchema-instance" xsi:noNamespaceSchemaLocation="compound.xsd" version="1.15.0" xml:lang="en-US">
  <compounddef id="dir_71df1ea15249f286dc2b3393c543640d" kind="dir">
    <compoundname>C:/Users/Mus/Programmering/AdvancedCSharp/Mandatory/obj/Debug/net9.0</compoundname>
    <innerfile refid="_8_n_e_t_core_app_00_version_0av9_80_8_assembly_attributes_8cs">.NETCoreApp,Version=v9.0.AssemblyAttributes.cs</innerfile>
    <innerfile refid="_mandatory_8_assembly_info_8cs">Mandatory.AssemblyInfo.cs</innerfile>
    <innerfile refid="_mandatory_8_global_usings_8g_8cs">Mandatory.GlobalUsings.g.cs</innerfile>
    <briefdescription>
    </briefdescription>
    <detaileddescription>
    </detaileddescription>
    <location file="C:/Users/Mus/Programmering/AdvancedCSharp/Mandatory/obj/Debug/net9.0/"/>
  </compounddef>
</doxygen>
