<?xml version='1.0' encoding='UTF-8' standalone='no'?>
<doxygen xmlns:xsi="http://www.w3.org/2001/XMLSchema-instance" xsi:noNamespaceSchemaLocation="compound.xsd" version="1.15.0" xml:lang="en-US">
  <compounddef id="dir_7633dfd9adbf48f7dbb5a623a672496c" kind="dir">
    <compoundname>C:/Users/Mus/Programmering/AdvancedCSharp/Mandatory/Interfaces</compoundname>
    <innerdir refid="dir_58edfc07beda2be9d952965bc784d1fc">C:/Users/Mus/Programmering/AdvancedCSharp/Mandatory/Interfaces/Creature</innerdir>
    <innerfile refid="_i_armor_8cs">IArmor.cs</innerfile>
    <innerfile refid="_i_armor_mod_target_8cs">IArmorModTarget.cs</innerfile>
    <innerfile refid="_i_config_file_reader_8cs">IConfigFileReader.cs</innerfile>
    <innerfile refid="_i_config_parser_8cs">IConfigParser.cs</innerfile>
    <innerfile refid="_i_damage_calculator_8cs">IDamageCalculator.cs</innerfile>
    <innerfile refid="_i_decrease_armor_value_8cs">IDecreaseArmorValue.cs</innerfile>
    <innerfile refid="_i_decrease_weapon_damage_8cs">IDecreaseWeaponDamage.cs</innerfile>
    <innerfile refid="_i_file_loader_8cs">IFileLoader.cs</innerfile>
    <innerfile refid="_i_game_object_8cs">IGameObject.cs</innerfile>
    <innerfile refid="_i_game_object_factory_8cs">IGameObjectFactory.cs</innerfile>
    <innerfile refid="_i_get_armor_point_8cs">IGetArmorPoint.cs</innerfile>
    <innerfile refid="_i_grid_8cs">IGrid.cs</innerfile>
    <innerfile refid="_i_increase_armor_value_8cs">IIncreaseArmorValue.cs</innerfile>
    <innerfile refid="_i_increase_weapon_damage_8cs">IIncreaseWeaponDamage.cs</innerfile>
    <innerfile refid="_i_notifier_8cs">INotifier.cs</innerfile>
    <innerfile refid="_i_observer_handler_8cs">IObserverHandler.cs</innerfile>
    <innerfile refid="_i_observer_listener_8cs">IObserverListener.cs</innerfile>
    <innerfile refid="_i_transform_8cs">ITransform.cs</innerfile>
    <innerfile refid="_i_weapon_8cs">IWeapon.cs</innerfile>
    <innerfile refid="_i_weapon_mod_target_8cs">IWeaponModTarget.cs</innerfile>
    <innerfile refid="_i_world_8cs">IWorld.cs</innerfile>
    <innerfile refid="_i_world_manager_8cs">IWorldManager.cs</innerfile>
    <innerfile refid="_i_world_object_8cs">IWorldObject.cs</innerfile>
    <briefdescription>
    </briefdescription>
    <detaileddescription>
    </detaileddescription>
    <location file="C:/Users/Mus/Programmering/AdvancedCSharp/Mandatory/Interfaces/"/>
  </compounddef>
</doxygen>
