<?xml version='1.0' encoding='UTF-8' standalone='no'?>
<doxygen xmlns:xsi="http://www.w3.org/2001/XMLSchema-instance" xsi:noNamespaceSchemaLocation="compound.xsd" version="1.15.0" xml:lang="en-US">
  <compounddef id="dir_cc7c9f73bd60ac14036cead2077a4a02" kind="dir">
    <compoundname>C:/Users/Mus/Programmering</compoundname>
    <innerdir refid="dir_2f2f58ad15e4af535045c8cfa23853d2">C:/Users/Mus/Programmering/AdvancedCSharp</innerdir>
    <briefdescription>
    </briefdescription>
    <detaileddescription>
    </detaileddescription>
    <location file="C:/Users/Mus/Programmering/"/>
  </compounddef>
</doxygen>
