<?xml version='1.0' encoding='UTF-8' standalone='no'?>
<doxygen xmlns:xsi="http://www.w3.org/2001/XMLSchema-instance" xsi:noNamespaceSchemaLocation="compound.xsd" version="1.15.0" xml:lang="en-US">
  <compounddef id="dir_2f2f58ad15e4af535045c8cfa23853d2" kind="dir">
    <compoundname>C:/Users/Mus/Programmering/AdvancedCSharp</compoundname>
    <innerdir refid="dir_244c3127615ddf74a53c03cd55e9115d">C:/Users/Mus/Programmering/AdvancedCSharp/Mandatory</innerdir>
    <briefdescription>
    </briefdescription>
    <detaileddescription>
    </detaileddescription>
    <location file="C:/Users/Mus/Programmering/AdvancedCSharp/"/>
  </compounddef>
</doxygen>
