<?xml version='1.0' encoding='UTF-8' standalone='no'?>
<doxygen xmlns:xsi="http://www.w3.org/2001/XMLSchema-instance" xsi:noNamespaceSchemaLocation="compound.xsd" version="1.15.0" xml:lang="en-US">
  <compounddef id="dir_8c3dd02fb0def60667092b3112ff15d7" kind="dir">
    <compoundname>C:/Users/Mus/Programmering/AdvancedCSharp/Mandatory/Decorators</compoundname>
    <innerfile refid="_defense_decreaser_decorator_8cs">DefenseDecreaserDecorator.cs</innerfile>
    <innerfile refid="_defense_increaser_decorator_8cs">DefenseIncreaserDecorator.cs</innerfile>
    <innerfile refid="_offense_decreaser_decorator_8cs">OffenseDecreaserDecorator.cs</innerfile>
    <innerfile refid="_offense_increaser_decorator_8cs">OffenseIncreaserDecorator.cs</innerfile>
    <briefdescription>
    </briefdescription>
    <detaileddescription>
    </detaileddescription>
    <location file="C:/Users/Mus/Programmering/AdvancedCSharp/Mandatory/Decorators/"/>
  </compounddef>
</doxygen>
