<?xml version='1.0' encoding='UTF-8' standalone='no'?>
<doxygen xmlns:xsi="http://www.w3.org/2001/XMLSchema-instance" xsi:noNamespaceSchemaLocation="compound.xsd" version="1.15.0" xml:lang="en-US">
  <compounddef id="dir_d522931ffa1371640980b621734a4381" kind="dir">
    <compoundname>C:/Users</compoundname>
    <innerdir refid="dir_fa3c2d97bcd31430b5366cbe69364d57">C:/Users/Mus</innerdir>
    <briefdescription>
    </briefdescription>
    <detaileddescription>
    </detaileddescription>
    <location file="C:/Users/"/>
  </compounddef>
</doxygen>
