<?xml version='1.0' encoding='UTF-8' standalone='no'?>
<doxygen xmlns:xsi="http://www.w3.org/2001/XMLSchema-instance" xsi:noNamespaceSchemaLocation="compound.xsd" version="1.15.0" xml:lang="en-US">
  <compounddef id="dir_3b217cced428f8243cf30c09a2fccf2b" kind="dir">
    <compoundname>C:/Users/Mus/Programmering/AdvancedCSharp/Mandatory/FactoryHelpers</compoundname>
    <innerfile refid="_basic_armor_decrease_8cs">BasicArmorDecrease.cs</innerfile>
    <innerfile refid="_basic_armor_increase_8cs">BasicArmorIncrease.cs</innerfile>
    <innerfile refid="_basic_notifier_8cs">BasicNotifier.cs</innerfile>
    <innerfile refid="_basic_weapon_damage_decrease_8cs">BasicWeaponDamageDecrease.cs</innerfile>
    <innerfile refid="_basic_weapon_damage_increase_8cs">BasicWeaponDamageIncrease.cs</innerfile>
    <briefdescription>
    </briefdescription>
    <detaileddescription>
    </detaileddescription>
    <location file="C:/Users/Mus/Programmering/AdvancedCSharp/Mandatory/FactoryHelpers/"/>
  </compounddef>
</doxygen>
