<?xml version='1.0' encoding='UTF-8' standalone='no'?>
<doxygen xmlns:xsi="http://www.w3.org/2001/XMLSchema-instance" xsi:noNamespaceSchemaLocation="compound.xsd" version="1.15.0" xml:lang="en-US">
  <compounddef id="dir_dee7e880d35116b65a9af992f9b42455" kind="dir">
    <compoundname>C:/Users/Mus/Programmering/AdvancedCSharp/Mandatory/Setups</compoundname>
    <innerfile refid="_config_file_reader_8cs">ConfigFileReader.cs</innerfile>
    <innerfile refid="_event_handler_8cs">EventHandler.cs</innerfile>
    <innerfile refid="_event_handler_helper_8cs">EventHandlerHelper.cs</innerfile>
    <innerfile refid="_file_loader_8cs">FileLoader.cs</innerfile>
    <innerfile refid="_game_difficulty_8cs">GameDifficulty.cs</innerfile>
    <innerfile refid="_my_logger_8cs">MyLogger.cs</innerfile>
    <innerfile refid="_xml_parser_8cs">XmlParser.cs</innerfile>
    <briefdescription>
    </briefdescription>
    <detaileddescription>
    </detaileddescription>
    <location file="C:/Users/Mus/Programmering/AdvancedCSharp/Mandatory/Setups/"/>
  </compounddef>
</doxygen>
