<?xml version='1.0' encoding='UTF-8' standalone='no'?>
<doxygen xmlns:xsi="http://www.w3.org/2001/XMLSchema-instance" xsi:noNamespaceSchemaLocation="compound.xsd" version="1.15.0" xml:lang="en-US">
  <compounddef id="dir_dbf15161ff129bdd2031ef85e212f55a" kind="dir">
    <compoundname>C:/Users/Mus/Programmering/AdvancedCSharp/Mandatory/Helpers</compoundname>
    <innerfile refid="_base_damage_increase_8cs">BaseDamageIncrease.cs</innerfile>
    <innerfile refid="_damage_decorator_8cs">DamageDecorator.cs</innerfile>
    <briefdescription>
    </briefdescription>
    <detaileddescription>
    </detaileddescription>
    <location file="C:/Users/Mus/Programmering/AdvancedCSharp/Mandatory/Helpers/"/>
  </compounddef>
</doxygen>
