<?xml version='1.0' encoding='UTF-8' standalone='no'?>
<doxygen xmlns:xsi="http://www.w3.org/2001/XMLSchema-instance" xsi:noNamespaceSchemaLocation="compound.xsd" version="1.15.0" xml:lang="en-US">
  <compounddef id="dir_58edfc07beda2be9d952965bc784d1fc" kind="dir">
    <compoundname>C:/Users/Mus/Programmering/AdvancedCSharp/Mandatory/Interfaces/Creature</compoundname>
    <innerfile refid="_i_attack_8cs">IAttack.cs</innerfile>
    <innerfile refid="_i_creature_8cs">ICreature.cs</innerfile>
    <innerfile refid="_i_loot_8cs">ILoot.cs</innerfile>
    <innerfile refid="_i_moveable_8cs">IMoveable.cs</innerfile>
    <innerfile refid="_i_select_target_8cs">ISelectTarget.cs</innerfile>
    <innerfile refid="_i_take_turn_8cs">ITakeTurn.cs</innerfile>
    <briefdescription>
    </briefdescription>
    <detaileddescription>
    </detaileddescription>
    <location file="C:/Users/Mus/Programmering/AdvancedCSharp/Mandatory/Interfaces/Creature/"/>
  </compounddef>
</doxygen>
