<?xml version='1.0' encoding='UTF-8' standalone='no'?>
<doxygen xmlns:xsi="http://www.w3.org/2001/XMLSchema-instance" xsi:noNamespaceSchemaLocation="compound.xsd" version="1.15.0" xml:lang="en-US">
  <compounddef id="dir_e4e86c09a26f2f19ef31eb0da0bdedc1" kind="dir">
    <compoundname>C:/Users/Mus/Programmering/AdvancedCSharp/Mandatory/obj</compoundname>
    <innerdir refid="dir_c3dbd4058200125af6b156de59769bf0">C:/Users/Mus/Programmering/AdvancedCSharp/Mandatory/obj/Debug</innerdir>
    <briefdescription>
    </briefdescription>
    <detaileddescription>
    </detaileddescription>
    <location file="C:/Users/Mus/Programmering/AdvancedCSharp/Mandatory/obj/"/>
  </compounddef>
</doxygen>
