<?xml version='1.0' encoding='UTF-8' standalone='no'?>
<doxygenindex xmlns:xsi="http://www.w3.org/2001/XMLSchema-instance" xsi:noNamespaceSchemaLocation="index.xsd" version="1.15.0" xml:lang="en-US">
  <compound refid="class_mandatory_1_1_armor" kind="class"><name>Mandatory::Armor</name>
    <member refid="class_mandatory_1_1_armor_1a63727f4ef9c15440a6b93cb2d035c76c" kind="variable"><name>armorAmount</name></member>
    <member refid="class_mandatory_1_1_armor_1ab2a0baaee09eb3bbe6942c84b68fd09b" kind="property"><name>Slot</name></member>
    <member refid="class_mandatory_1_1_armor_1afcf52fc010e36a6e54a372a7b9784a13" kind="function"><name>Armor</name></member>
    <member refid="class_mandatory_1_1_armor_1ae097f811be2f76aad747fc8c60a12c81" kind="function"><name>ChangeArmorValue</name></member>
    <member refid="class_mandatory_1_1_armor_1ab594c7fdb77a1b8fe1084bf840d34569" kind="function"><name>GetTotalDefencePoint</name></member>
    <member refid="class_mandatory_1_1_armor_1afff6ca26e595ac69f29bcf44e5b3e08e" kind="function"><name>Dispose</name></member>
  </compound>
  <compound refid="class_mandatory_1_1_armor_collection" kind="class"><name>Mandatory::ArmorCollection</name>
    <member refid="class_mandatory_1_1_armor_collection_1a6c7de841af8fafd0bd03400138a58cbc" kind="variable"><name>armors</name></member>
    <member refid="class_mandatory_1_1_armor_collection_1ac379586bf335187b66bdcf0c73fc3658" kind="property"><name>Name</name></member>
    <member refid="class_mandatory_1_1_armor_collection_1a8ec2322746a46ab66d6557f3a849f9d4" kind="property"><name>Lootable</name></member>
    <member refid="class_mandatory_1_1_armor_collection_1ae5be72ea520e879518020ec1086ed2e9" kind="property"><name>Removeable</name></member>
    <member refid="class_mandatory_1_1_armor_collection_1a1ae3739975b6a075e59b197ea6a5c18b" kind="property"><name>ArmorSlot</name></member>
    <member refid="class_mandatory_1_1_armor_collection_1a0f3a4ef9a983e5a07439be6a9e9fc98c" kind="property"><name>Position</name></member>
    <member refid="class_mandatory_1_1_armor_collection_1aec696708682af5d2b82966bb35498703" kind="function"><name>EquipArmor</name></member>
    <member refid="class_mandatory_1_1_armor_collection_1a138299c40e78901adcd93d277e27db84" kind="function"><name>UnequipArmor</name></member>
    <member refid="class_mandatory_1_1_armor_collection_1aaaed361ae9aa02b282f1be21526f0459" kind="function"><name>GetTotalDefencePoint</name></member>
    <member refid="class_mandatory_1_1_armor_collection_1ac4ae6ac4b7d3e0d3a534b37a23753843" kind="function"><name>Dispose</name></member>
  </compound>
  <compound refid="class_mandatory_1_1_attack_item" kind="class"><name>Mandatory::AttackItem</name>
    <member refid="class_mandatory_1_1_attack_item_1a5ab8357e1e3bfcb4a6fea5c7f736b958" kind="property"><name>Name</name></member>
    <member refid="class_mandatory_1_1_attack_item_1a7b81d74871eebfee2430b7ab185ddb60" kind="property"><name>Lootable</name></member>
    <member refid="class_mandatory_1_1_attack_item_1a0a26bc6900f9ce3d8bb28478695058fd" kind="property"><name>Removeable</name></member>
    <member refid="class_mandatory_1_1_attack_item_1a95204adb66da8836e89afbc9bd8890d7" kind="property"><name>WeaponSlot</name></member>
    <member refid="class_mandatory_1_1_attack_item_1a7601dc2e3f180400114cee08c82ec8ec" kind="property"><name>Position</name></member>
    <member refid="class_mandatory_1_1_attack_item_1a4f51b52b1f52e324c4e4982f8f0bda60" kind="function"><name>GetTotalAttackDamage</name></member>
    <member refid="class_mandatory_1_1_attack_item_1ac8f2e7ecf832aa02994707f64f06e55d" kind="function"><name>Dispose</name></member>
  </compound>
  <compound refid="class_mandatory_1_1_config_file_reader" kind="class"><name>Mandatory::ConfigFileReader</name>
    <member refid="class_mandatory_1_1_config_file_reader_1a149b2de7f8f672537931571ebb26886b" kind="variable"><name>fileLoader</name></member>
    <member refid="class_mandatory_1_1_config_file_reader_1a451cb38233606b9eee6487d769dc3ed6" kind="variable"><name>parser</name></member>
    <member refid="class_mandatory_1_1_config_file_reader_1aa8cd48c13462fd6a93e3f72d224c8df1" kind="variable"><name>filePath</name></member>
    <member refid="class_mandatory_1_1_config_file_reader_1ace21d40f601e8f8aab32ba985423aa04" kind="function"><name>ConfigFileReader</name></member>
    <member refid="class_mandatory_1_1_config_file_reader_1abc84aa7da74c361cd83254eabb065b7b" kind="function"><name>GetWorldDimensions</name></member>
    <member refid="class_mandatory_1_1_config_file_reader_1a4fe3ed62688e6e53b387e92842ff8f90" kind="function"><name>GetGameDifficulty</name></member>
  </compound>
  <compound refid="class_mandatory_1_1_creature" kind="class"><name>Mandatory::Creature</name>
    <member refid="class_mandatory_1_1_creature_1a02f4520ad8fbd6332aef2a8023e34828" kind="variable"><name>transform</name></member>
    <member refid="class_mandatory_1_1_creature_1a0ab394087f33f7c0dc7e9a1642736763" kind="variable"><name>damageCalculator</name></member>
    <member refid="class_mandatory_1_1_creature_1a06de175be84a7abc8a3fb656ace42b54" kind="variable"><name>notifier</name></member>
    <member refid="class_mandatory_1_1_creature_1a7f007ea9f12184fab5d4d1288ed6dfca" kind="property"><name>Defence</name></member>
    <member refid="class_mandatory_1_1_creature_1ab1316adbb951e1b0ba9aaa18368158c1" kind="property"><name>Offence</name></member>
    <member refid="class_mandatory_1_1_creature_1a48894d1e3a8dba1bce4a6ac824a4b276" kind="property"><name>HitPoint</name></member>
    <member refid="class_mandatory_1_1_creature_1ad6fe9017c3aec63b6c5e9b540fb86796" kind="property"><name>Name</name></member>
    <member refid="class_mandatory_1_1_creature_1a548c7fc7241e365b4fe88dd6d40961a9" kind="property"><name>Lootable</name></member>
    <member refid="class_mandatory_1_1_creature_1a876380477c8ce9e2bce68488cd19d2a1" kind="property"><name>Removeable</name></member>
    <member refid="class_mandatory_1_1_creature_1abe11a471bd2d291503270ac3525ef7c6" kind="property"><name>Position</name></member>
    <member refid="class_mandatory_1_1_creature_1a1f2eabffa49978d8b9e06ad8cea024ca" kind="function"><name>Creature</name></member>
    <member refid="class_mandatory_1_1_creature_1a3d868e1ee1661311590a2abe05c9b44a" kind="function"><name>SelectTarget</name></member>
    <member refid="class_mandatory_1_1_creature_1a89e2c251e50782195c44b9fd157bb93b" kind="function"><name>Move</name></member>
    <member refid="class_mandatory_1_1_creature_1aa0452d53783cfee3d11b34f943e443a0" kind="function"><name>Attack</name></member>
    <member refid="class_mandatory_1_1_creature_1a755f32031db1d759c516e3a528551fca" kind="function"><name>Loot</name></member>
    <member refid="class_mandatory_1_1_creature_1a373f29c8655245f6df5959136c119cb1" kind="function"><name>TakeTurn</name></member>
    <member refid="class_mandatory_1_1_creature_1a544535d59af628ec7f3755b3f3bdb5c2" kind="function"><name>RecieveHit</name></member>
    <member refid="class_mandatory_1_1_creature_1a8fb5fc6140a41a62c8cb27d34cc6c8e9" kind="function"><name>GetTotalDefence</name></member>
    <member refid="class_mandatory_1_1_creature_1a45dec3cc04dbe715fe120c3d9f769415" kind="function"><name>GetTotalOffence</name></member>
    <member refid="class_mandatory_1_1_creature_1ad18bdf5a001a65fea4def218269338bf" kind="function"><name>SetArmor</name></member>
    <member refid="class_mandatory_1_1_creature_1a3330f4857534297bceb1ffd394e842e3" kind="function"><name>SetWeapon</name></member>
    <member refid="class_mandatory_1_1_creature_1ab68b83d7448ca872bd948f4b42dd5b03" kind="function"><name>Dispose</name></member>
  </compound>
  <compound refid="class_mandatory_1_1_defence_item" kind="class"><name>Mandatory::DefenceItem</name>
    <member refid="class_mandatory_1_1_defence_item_1a719fc6d8bbea954d364dddc95d82f11a" kind="property"><name>Name</name></member>
    <member refid="class_mandatory_1_1_defence_item_1a7ae758db620fa668377b12761858d9b4" kind="property"><name>Lootable</name></member>
    <member refid="class_mandatory_1_1_defence_item_1a45ba1ab4df4b64ee5e6958dd6312c17d" kind="property"><name>Removeable</name></member>
    <member refid="class_mandatory_1_1_defence_item_1afc7d1058978dffddafbc7e03e5136b22" kind="property"><name>ArmorSlot</name></member>
    <member refid="class_mandatory_1_1_defence_item_1a77d99cc620ae4812ab51075ad81fc218" kind="property"><name>Position</name></member>
    <member refid="class_mandatory_1_1_defence_item_1a51293f9dbf26e685097d85d1e270e97f" kind="function"><name>GetTotalDefencePoint</name></member>
    <member refid="class_mandatory_1_1_defence_item_1a1843daffa23373bea5a6e474c27502d4" kind="function"><name>Dispose</name></member>
  </compound>
  <compound refid="class_mandatory_1_1_defence_item_decorator" kind="class"><name>Mandatory::DefenceItemDecorator</name>
    <member refid="class_mandatory_1_1_defence_item_decorator_1af43a334caea73e278374c96d4cb82a9a" kind="variable"><name>wrappedItem</name></member>
    <member refid="class_mandatory_1_1_defence_item_decorator_1ad0358274dd13f480d3959a5c4f7e7589" kind="property"><name>ArmorSlot</name></member>
    <member refid="class_mandatory_1_1_defence_item_decorator_1ac6a6945c5474eb410f424c2bb19f85fe" kind="property"><name>Name</name></member>
    <member refid="class_mandatory_1_1_defence_item_decorator_1ae5f8c84f74ae99f997fd31ab7fed7b2b" kind="property"><name>Lootable</name></member>
    <member refid="class_mandatory_1_1_defence_item_decorator_1a88e11fd3683c27addf34c631f63c8184" kind="property"><name>Removeable</name></member>
    <member refid="class_mandatory_1_1_defence_item_decorator_1a5ee7a3b9beed3608916c40fc6ab68c2a" kind="property"><name>Position</name></member>
    <member refid="class_mandatory_1_1_defence_item_decorator_1a29c73e32653e18f17b1fd62670a67ee3" kind="function"><name>DefenceItemDecorator</name></member>
    <member refid="class_mandatory_1_1_defence_item_decorator_1a8bc8304645fae971e3188730ceaac916" kind="function"><name>Dispose</name></member>
    <member refid="class_mandatory_1_1_defence_item_decorator_1a1d3618cd987f06d4c05ff1ca95442ac1" kind="function"><name>GetTotalDefencePoint</name></member>
  </compound>
  <compound refid="class_mandatory_1_1_event_handler" kind="class"><name>Mandatory::EventHandler</name>
    <member refid="class_mandatory_1_1_event_handler_1afd1cdb292ab4e7dfa988b7196bb48799" kind="variable"><name>observers</name></member>
    <member refid="class_mandatory_1_1_event_handler_1a60da069a03ccbc30730a1822dd00e3b2" kind="variable"><name>instance</name></member>
    <member refid="class_mandatory_1_1_event_handler_1a701a9760d6b83df281684443ad6de4d3" kind="property"><name>Instance</name></member>
    <member refid="class_mandatory_1_1_event_handler_1abdd663cf56781edd2fe796d4ca027cb1" kind="function"><name>AddObserverListener</name></member>
    <member refid="class_mandatory_1_1_event_handler_1ae59c0232f97e70361668db9fc1c80e1d" kind="function"><name>RemoveObserverListener</name></member>
    <member refid="class_mandatory_1_1_event_handler_1a5f2adb45b930e8021b2a026e6cc26cf6" kind="function"><name>NotifyObserverListeners</name></member>
    <member refid="class_mandatory_1_1_event_handler_1a37e3dc321bf3fc01c4d1d22ce814da32" kind="function"><name>Dispose</name></member>
  </compound>
  <compound refid="class_mandatory_1_1_event_handler_helper" kind="class"><name>Mandatory::EventHandlerHelper</name>
    <member refid="class_mandatory_1_1_event_handler_helper_1a240f16dfc45a8216364a5f9a25cc32cc" kind="function"><name>Notify</name></member>
  </compound>
  <compound refid="class_mandatory_1_1_file_loader" kind="class"><name>Mandatory::FileLoader</name>
    <member refid="class_mandatory_1_1_file_loader_1a6f3d29abfc8969deeee2419fab959ec3" kind="function"><name>Load</name></member>
    <member refid="class_mandatory_1_1_file_loader_1a32353e8db326c23703c4c239f2ad52c6" kind="function"><name>GetConfigDoc</name></member>
  </compound>
  <compound refid="class_mandatory_1_1_game_object" kind="class"><name>Mandatory::GameObject</name>
    <member refid="class_mandatory_1_1_game_object_1a47986724d67a2840696fa1e4279eef1d" kind="property"><name>Name</name></member>
    <member refid="class_mandatory_1_1_game_object_1a9d8c94656d6a9f96eaa1808f447953c8" kind="property"><name>Lootable</name></member>
    <member refid="class_mandatory_1_1_game_object_1a7eddbad9adcf08f18f9b4367828925ec" kind="property"><name>Removeable</name></member>
    <member refid="class_mandatory_1_1_game_object_1a7ea2adf2c5599ef1e36e7314d6ef87ed" kind="function"><name>Dispose</name></member>
    <member refid="class_mandatory_1_1_game_object_1a3da9e4282a807cebe9b3199c3bde0893" kind="function"><name>ToString</name></member>
  </compound>
  <compound refid="class_mandatory_1_1_game_object_factory" kind="class"><name>Mandatory::GameObjectFactory</name>
    <member refid="class_mandatory_1_1_game_object_factory_1aa3964fae2b4b65b1687a67042630f25f" kind="function"><name>CreateArmor</name></member>
    <member refid="class_mandatory_1_1_game_object_factory_1a632118e2e6ca4f5794e764856632d46f" kind="function"><name>CreateWeapon</name></member>
    <member refid="class_mandatory_1_1_game_object_factory_1a4cbe1e11e6793f2b78c26f9486247bb3" kind="function"><name>CreateCreature</name></member>
  </compound>
  <compound refid="class_mandatory_1_1_grid-1-g" kind="class"><name>Mandatory::Grid-1-g</name>
    <member refid="class_mandatory_1_1_grid-1-g_1a1e26427b177ab5c314308b10909f7dce" kind="variable"><name>gridArray</name></member>
    <member refid="class_mandatory_1_1_grid-1-g_1a6e3bc241f5be702209b556d7a261adf7" kind="variable"><name>originalCell</name></member>
    <member refid="class_mandatory_1_1_grid-1-g_1a69057e6aa25e414bc060a98dd495d160" kind="property"><name>Width</name></member>
    <member refid="class_mandatory_1_1_grid-1-g_1ade8ecf567ca2695c7159438e95698bd5" kind="property"><name>Height</name></member>
    <member refid="class_mandatory_1_1_grid-1-g_1af5b43459cfe00e7629f4efa19537ed23" kind="function"><name>Grid</name></member>
    <member refid="class_mandatory_1_1_grid-1-g_1ae4054dad14ff60d3c5e1125b5bbe301a" kind="function"><name>GetValue</name></member>
    <member refid="class_mandatory_1_1_grid-1-g_1a93e859fce0bdc3ee8f02a1dfeb8309e1" kind="function"><name>SetValue</name></member>
    <member refid="class_mandatory_1_1_grid-1-g_1a0c8aaaf5c0f04574a2dc9d84aa76b66c" kind="function"><name>RemoveValue</name></member>
    <member refid="class_mandatory_1_1_grid-1-g_1a8f8425bf360632ec1ec6a448b57a44b6" kind="function"><name>RevertValue</name></member>
    <member refid="class_mandatory_1_1_grid-1-g_1a2cf282f26cbb18239e966dd1aaf94931" kind="function"><name>InitializeGrid</name></member>
  </compound>
  <compound refid="interface_mandatory_1_1_i_armor" kind="interface"><name>Mandatory::IArmor</name>
    <member refid="interface_mandatory_1_1_i_armor_1a30b4f3f4ce42bc471a5c0f9f069cb428" kind="property"><name>ArmorSlot</name></member>
    <member refid="interface_mandatory_1_1_i_armor_1a9871f89d8f5c40bb1ee060045e910c2f" kind="function"><name>GetTotalDefencePoint</name></member>
  </compound>
  <compound refid="interface_mandatory_1_1_i_armor_mod_target" kind="interface"><name>Mandatory::IArmorModTarget</name>
    <member refid="interface_mandatory_1_1_i_armor_mod_target_1a702aa29ca7f59157df1890cb405dea4d" kind="function"><name>ChangeArmorValue</name></member>
  </compound>
  <compound refid="interface_mandatory_1_1_i_attack" kind="interface"><name>Mandatory::IAttack</name>
    <member refid="interface_mandatory_1_1_i_attack_1aa59d675c76548f58fbafad8e7cfce347" kind="function"><name>RecieveHit</name></member>
    <member refid="interface_mandatory_1_1_i_attack_1a1879c30bddffc2055d4503c728574686" kind="function"><name>Attack</name></member>
    <member refid="interface_mandatory_1_1_i_attack_1a3c7dd8bb7bf6cc8104ace8860b0c2f51" kind="function"><name>GetTotalDefence</name></member>
    <member refid="interface_mandatory_1_1_i_attack_1a8658e71dcaf3de1a7803ee60d5b9d2f8" kind="function"><name>GetTotalOffence</name></member>
  </compound>
  <compound refid="interface_mandatory_1_1_i_config_file_reader" kind="interface"><name>Mandatory::IConfigFileReader</name>
    <member refid="interface_mandatory_1_1_i_config_file_reader_1a06307810b9516a6aa6b83d02385ae026" kind="function"><name>GetWorldDimensions</name></member>
  </compound>
  <compound refid="interface_mandatory_1_1_i_config_parser" kind="interface"><name>Mandatory::IConfigParser</name>
    <member refid="interface_mandatory_1_1_i_config_parser_1a6cd013a5c334b3ab20d1177613878805" kind="function"><name>ParseDimensions</name></member>
    <member refid="interface_mandatory_1_1_i_config_parser_1a937c85ad3d277006650448eff1dfbd9a" kind="function"><name>GetGameDifficulty</name></member>
  </compound>
  <compound refid="interface_mandatory_1_1_i_creature" kind="interface"><name>Mandatory::ICreature</name>
    <member refid="interface_mandatory_1_1_i_creature_1a3f4ff25a1af3e8f7d0047e4051668530" kind="property"><name>HitPoint</name></member>
  </compound>
  <compound refid="interface_mandatory_1_1_i_damage_calculator" kind="interface"><name>Mandatory::IDamageCalculator</name>
    <member refid="interface_mandatory_1_1_i_damage_calculator_1acb4d39d8a76bbcaa9d7f4c5528d2bb07" kind="function"><name>CalculateFinalDamage</name></member>
  </compound>
  <compound refid="interface_mandatory_1_1_i_decrease_armor_value" kind="interface"><name>Mandatory::IDecreaseArmorValue</name>
    <member refid="interface_mandatory_1_1_i_decrease_armor_value_1acbf2e13a98fd8b8e3fd08de985df4c23" kind="function"><name>DecreaseArmorValue</name></member>
  </compound>
  <compound refid="interface_mandatory_1_1_i_decrease_weapon_damage" kind="interface"><name>Mandatory::IDecreaseWeaponDamage</name>
    <member refid="interface_mandatory_1_1_i_decrease_weapon_damage_1a727d675085091b4a2150f7a0de669949" kind="function"><name>DecreaseWeaponDamage</name></member>
  </compound>
  <compound refid="interface_mandatory_1_1_i_file_loader" kind="interface"><name>Mandatory::IFileLoader</name>
    <member refid="interface_mandatory_1_1_i_file_loader_1a435ebc94b4262413e788ca4820aaa9fb" kind="function"><name>Load</name></member>
  </compound>
  <compound refid="interface_mandatory_1_1_i_game_object" kind="interface"><name>Mandatory::IGameObject</name>
    <member refid="interface_mandatory_1_1_i_game_object_1a42aa80381992f8d7f3b43ed206876f06" kind="property"><name>Name</name></member>
    <member refid="interface_mandatory_1_1_i_game_object_1a549268d62408a0fa0af6802d81869940" kind="property"><name>Lootable</name></member>
    <member refid="interface_mandatory_1_1_i_game_object_1aaf05885daf8cca71768aa10deac2ac54" kind="property"><name>Removeable</name></member>
  </compound>
  <compound refid="interface_mandatory_1_1_i_game_object_factory" kind="interface"><name>Mandatory::IGameObjectFactory</name>
    <member refid="interface_mandatory_1_1_i_game_object_factory_1acd29f045c1fdbda4c037744efba0757a" kind="function"><name>CreateArmor</name></member>
    <member refid="interface_mandatory_1_1_i_game_object_factory_1a118fb8a56325f9406c9c5757d16f0297" kind="function"><name>CreateWeapon</name></member>
    <member refid="interface_mandatory_1_1_i_game_object_factory_1a12eba48a3b8f01fb46c164293a19de08" kind="function"><name>CreateCreature</name></member>
  </compound>
  <compound refid="interface_mandatory_1_1_i_get_armor_point" kind="interface"><name>Mandatory::IGetArmorPoint</name>
    <member refid="interface_mandatory_1_1_i_get_armor_point_1aa4c8cf80937c0b2dbc79d8f19b08af71" kind="function"><name>GetArmorPoint</name></member>
  </compound>
  <compound refid="interface_mandatory_1_1_i_grid-1-g" kind="interface"><name>Mandatory::IGrid-1-g</name>
    <member refid="interface_mandatory_1_1_i_grid-1-g_1a4e3e92a81dcb9277c8826eb24922b239" kind="property"><name>Width</name></member>
    <member refid="interface_mandatory_1_1_i_grid-1-g_1af5b83c502ff0e8227eb1ab7da134466b" kind="property"><name>Height</name></member>
    <member refid="interface_mandatory_1_1_i_grid-1-g_1a81a0ac7006eee388104f2981186b3320" kind="function"><name>GetValue</name></member>
    <member refid="interface_mandatory_1_1_i_grid-1-g_1ab41592514b1e2ef52b1d6d58ed73e0c4" kind="function"><name>SetValue</name></member>
    <member refid="interface_mandatory_1_1_i_grid-1-g_1aecb72ff2fe6cc86ca66d619e52fa0e2f" kind="function"><name>RemoveValue</name></member>
  </compound>
  <compound refid="interface_mandatory_1_1_i_increase_armor_value" kind="interface"><name>Mandatory::IIncreaseArmorValue</name>
    <member refid="interface_mandatory_1_1_i_increase_armor_value_1ac3581d917a02fb45aebe5374fb7dadc7" kind="function"><name>IncreaseArmorValue</name></member>
  </compound>
  <compound refid="interface_mandatory_1_1_i_increase_weapon_damage" kind="interface"><name>Mandatory::IIncreaseWeaponDamage</name>
    <member refid="interface_mandatory_1_1_i_increase_weapon_damage_1a6d8f5e3fa05a59154e571cfec50d709c" kind="function"><name>IncreaseWeaponDamage</name></member>
  </compound>
  <compound refid="interface_mandatory_1_1_i_loot" kind="interface"><name>Mandatory::ILoot</name>
    <member refid="interface_mandatory_1_1_i_loot_1acc86305fd1533e8a04ebfd6e2dc6c570" kind="function"><name>Loot</name></member>
  </compound>
  <compound refid="interface_mandatory_1_1_i_moveable" kind="interface"><name>Mandatory::IMoveable</name>
    <member refid="interface_mandatory_1_1_i_moveable_1aedf31b09640669602ce536d0000d7b52" kind="function"><name>Move</name></member>
  </compound>
  <compound refid="interface_mandatory_1_1_i_notifier" kind="interface"><name>Mandatory::INotifier</name>
    <member refid="interface_mandatory_1_1_i_notifier_1aaf679cdafe11fa75803496ee4de49dbd" kind="function"><name>Notify</name></member>
  </compound>
  <compound refid="interface_mandatory_1_1_i_observer_handler" kind="interface"><name>Mandatory::IObserverHandler</name>
    <member refid="interface_mandatory_1_1_i_observer_handler_1af6c30f984d141aa37c0d7c6a60b2d7f1" kind="function"><name>AddObserverListener</name></member>
    <member refid="interface_mandatory_1_1_i_observer_handler_1a6cb7fdfaa8ff4161f4fce648b56eb1df" kind="function"><name>RemoveObserverListener</name></member>
    <member refid="interface_mandatory_1_1_i_observer_handler_1a2ed82e8d86e28bece3d19c9ac430387b" kind="function"><name>NotifyObserverListeners</name></member>
  </compound>
  <compound refid="interface_mandatory_1_1_i_observer_listener" kind="interface"><name>Mandatory::IObserverListener</name>
    <member refid="interface_mandatory_1_1_i_observer_listener_1af0872febcae70c3dac9be9c0a85ba0de" kind="function"><name>GetUpdate</name></member>
  </compound>
  <compound refid="interface_mandatory_1_1_i_select_target" kind="interface"><name>Mandatory::ISelectTarget</name>
    <member refid="interface_mandatory_1_1_i_select_target_1a610831e59026516bf2082aa7f941bb10" kind="function"><name>SelectTarget</name></member>
  </compound>
  <compound refid="interface_mandatory_1_1_i_take_turn" kind="interface"><name>Mandatory::ITakeTurn</name>
    <member refid="interface_mandatory_1_1_i_take_turn_1a607baacf49670964864b5b010f51fcfe" kind="function"><name>TakeTurn</name></member>
  </compound>
  <compound refid="interface_mandatory_1_1_i_transform" kind="interface"><name>Mandatory::ITransform</name>
    <member refid="interface_mandatory_1_1_i_transform_1a045d5ec083352905363be26d5f676b51" kind="property"><name>Position</name></member>
  </compound>
  <compound refid="interface_mandatory_1_1_i_weapon" kind="interface"><name>Mandatory::IWeapon</name>
    <member refid="interface_mandatory_1_1_i_weapon_1af4be1545955b7f2017f7d1cd25dec321" kind="property"><name>WeaponSlot</name></member>
    <member refid="interface_mandatory_1_1_i_weapon_1ab76bf9b7f4beb27249b4108560655735" kind="function"><name>GetTotalAttackDamage</name></member>
  </compound>
  <compound refid="interface_mandatory_1_1_i_weapon_mod_target" kind="interface"><name>Mandatory::IWeaponModTarget</name>
    <member refid="interface_mandatory_1_1_i_weapon_mod_target_1a8ab8b14b76850710ff6e932e8372adfe" kind="function"><name>ChangeWeaponDamage</name></member>
  </compound>
  <compound refid="interface_mandatory_1_1_i_world" kind="interface"><name>Mandatory::IWorld</name>
  </compound>
  <compound refid="interface_mandatory_1_1_i_world_manager" kind="interface"><name>Mandatory::IWorldManager</name>
    <member refid="interface_mandatory_1_1_i_world_manager_1a8141acf5ef1e8f9c8d1d77e2db6d9160" kind="function"><name>RemoveAllGameObjects</name></member>
  </compound>
  <compound refid="interface_mandatory_1_1_i_world_object" kind="interface"><name>Mandatory::IWorldObject</name>
  </compound>
  <compound refid="class_mandatory_1_1_my_logger" kind="class"><name>Mandatory::MyLogger</name>
    <member refid="class_mandatory_1_1_my_logger_1aa81a499bbcffc43008b15ac6ee96af62" kind="variable"><name>instance</name></member>
    <member refid="class_mandatory_1_1_my_logger_1a84eb98add018c3210879be77f6b17607" kind="property"><name>Instance</name></member>
    <member refid="class_mandatory_1_1_my_logger_1a0f9ba07a6f8caa8b0609382a11391f92" kind="variable"><name>ts</name></member>
    <member refid="class_mandatory_1_1_my_logger_1a004b40d337604d3f7a46ab345165f15e" kind="variable"><name>debugListener</name></member>
    <member refid="class_mandatory_1_1_my_logger_1a06609ca4361c9f2b2e47b5fcc9b5b710" kind="function"><name>MyLogger</name></member>
    <member refid="class_mandatory_1_1_my_logger_1ac8f7746c9ba1c46a3d8ed406bad9065d" kind="function"><name>AddListener</name></member>
    <member refid="class_mandatory_1_1_my_logger_1ab9eebe2fbd075dd00d00d30ea4acc991" kind="function"><name>RemoveListener</name></member>
    <member refid="class_mandatory_1_1_my_logger_1a66b83fd5522dedc1d1229a866c304126" kind="function"><name>SetDefaultLevel</name></member>
    <member refid="class_mandatory_1_1_my_logger_1a952e498a4594236341240477753e6ebe" kind="function"><name>SetDebugLoggin</name></member>
    <member refid="class_mandatory_1_1_my_logger_1a47cac4fec2272b502604d19c4fa8faa6" kind="function"><name>RemoveDebugLogging</name></member>
    <member refid="class_mandatory_1_1_my_logger_1af799fdc09e583a3dd13e2974ef87ffdc" kind="function"><name>Stop</name></member>
    <member refid="class_mandatory_1_1_my_logger_1a3d19a34ab6d8d79773bd722127f1de8b" kind="function"><name>LogInfo</name></member>
    <member refid="class_mandatory_1_1_my_logger_1a5f6ee78b425a815fdbfbdaad1c770087" kind="function"><name>LogWarning</name></member>
    <member refid="class_mandatory_1_1_my_logger_1a478a809f0e9be18c346e397acf276e55" kind="function"><name>LogError</name></member>
    <member refid="class_mandatory_1_1_my_logger_1a2ea7af9a2d7732da65ded82b8ee93b58" kind="function"><name>LogCritical</name></member>
  </compound>
  <compound refid="class_mandatory_1_1_offence_item_decorator" kind="class"><name>Mandatory::OffenceItemDecorator</name>
    <member refid="class_mandatory_1_1_offence_item_decorator_1a67658ab97c0c95cc076e0c3520a3544e" kind="variable"><name>wrappedWeapon</name></member>
    <member refid="class_mandatory_1_1_offence_item_decorator_1a0fdbeaf937645f34b1d2b88dc223724b" kind="property"><name>WeaponSlot</name></member>
    <member refid="class_mandatory_1_1_offence_item_decorator_1a03c4c1bc506f391ab3e7879a8edfea6f" kind="property"><name>Name</name></member>
    <member refid="class_mandatory_1_1_offence_item_decorator_1a7210538a78ff5692db508610db1c1eb7" kind="property"><name>Lootable</name></member>
    <member refid="class_mandatory_1_1_offence_item_decorator_1ac461bb26074ab2ce0cfb88eb9e782ac0" kind="property"><name>Removeable</name></member>
    <member refid="class_mandatory_1_1_offence_item_decorator_1a8491b5d7f61314894a6155839d4c661e" kind="property"><name>Position</name></member>
    <member refid="class_mandatory_1_1_offence_item_decorator_1aae7e3ef2c2aaef9d4f9526d98b456eb2" kind="function"><name>OffenceItemDecorator</name></member>
    <member refid="class_mandatory_1_1_offence_item_decorator_1a16651063ce4836639355103a9e1b375a" kind="function"><name>Dispose</name></member>
    <member refid="class_mandatory_1_1_offence_item_decorator_1a775b50ca6a583484676d9452c1a94b1c" kind="function"><name>GetTotalAttackDamage</name></member>
  </compound>
  <compound refid="struct_mandatory_1_1_position" kind="struct"><name>Mandatory::Position</name>
    <member refid="struct_mandatory_1_1_position_1a49a9376a2b83d07be9608e8e4824304c" kind="property"><name>X</name></member>
    <member refid="struct_mandatory_1_1_position_1ad96921be8118f66ff4b3fffeb4d99886" kind="property"><name>Y</name></member>
    <member refid="struct_mandatory_1_1_position_1af9c319fd50cf6d4ef00e9541aebfb829" kind="function"><name>Position</name></member>
    <member refid="struct_mandatory_1_1_position_1a2eedf347c406bacd67e67f09cd7a956a" kind="function"><name>operator+</name></member>
    <member refid="struct_mandatory_1_1_position_1ad6da3748bd6239693aa40f3707745bc1" kind="function"><name>operator-</name></member>
  </compound>
  <compound refid="struct_mandatory_1_1_size" kind="struct"><name>Mandatory::Size</name>
    <member refid="struct_mandatory_1_1_size_1a42a60a74cc4f82a80cfcffa5f6b93517" kind="property"><name>X</name></member>
    <member refid="struct_mandatory_1_1_size_1a7cb339539c771ab03b864c50fa94ca1c" kind="property"><name>Y</name></member>
    <member refid="struct_mandatory_1_1_size_1a7764ce28399905d3cea33be9d099dd0c" kind="function"><name>Size</name></member>
    <member refid="struct_mandatory_1_1_size_1a5878f41180d9b2e0489882c1776b080e" kind="function"><name>operator+</name></member>
    <member refid="struct_mandatory_1_1_size_1a41615ac6c98e5d6f3a252ed19b55cdac" kind="function"><name>operator-</name></member>
  </compound>
  <compound refid="class_mandatory_1_1_transform" kind="class"><name>Mandatory::Transform</name>
    <member refid="class_mandatory_1_1_transform_1afa0241f7e4d18a197e2e6dcfde58f8c9" kind="property"><name>Position</name></member>
  </compound>
  <compound refid="class_mandatory_1_1_weapon" kind="class"><name>Mandatory::Weapon</name>
    <member refid="class_mandatory_1_1_weapon_1a3a50cd6924a634cc80948662c1fe206f" kind="variable"><name>damageAmount</name></member>
    <member refid="class_mandatory_1_1_weapon_1ae53f385ef85f1aaff16f7be3c1b6958f" kind="property"><name>Slot</name></member>
    <member refid="class_mandatory_1_1_weapon_1afc6f770a20fa84fd7853fa52ccd750c3" kind="function"><name>Weapon</name></member>
    <member refid="class_mandatory_1_1_weapon_1aa5e97fbc60bbce48679e660377ecb5b8" kind="function"><name>ChangeWeaponDamage</name></member>
    <member refid="class_mandatory_1_1_weapon_1af4a432dba27d13e54dff952c1a35b72e" kind="function"><name>GetTotalAttackDamage</name></member>
    <member refid="class_mandatory_1_1_weapon_1a7a0f500b318df9c392d195cc5622fc37" kind="function"><name>Dispose</name></member>
  </compound>
  <compound refid="class_mandatory_1_1_weapon_collection" kind="class"><name>Mandatory::WeaponCollection</name>
    <member refid="class_mandatory_1_1_weapon_collection_1a502b8f979fbfe50984eafd70f2e8794a" kind="variable"><name>weapons</name></member>
    <member refid="class_mandatory_1_1_weapon_collection_1ae2187d15f7ee35bd9cc86a8061fb1c43" kind="property"><name>Name</name></member>
    <member refid="class_mandatory_1_1_weapon_collection_1acbaf1e9a37c9c4ce1b97969e8d51cbaf" kind="property"><name>Lootable</name></member>
    <member refid="class_mandatory_1_1_weapon_collection_1a3f33670440305dfdbcec644cabb335a1" kind="property"><name>Removeable</name></member>
    <member refid="class_mandatory_1_1_weapon_collection_1aef8cb39262a8ad80eb73429d5794c55b" kind="property"><name>WeaponSlot</name></member>
    <member refid="class_mandatory_1_1_weapon_collection_1a13733a8fe8d0ab4a6374f0cfd831fd8a" kind="property"><name>Position</name></member>
    <member refid="class_mandatory_1_1_weapon_collection_1ac531ed7c22a0aed5061ba435d540105d" kind="function"><name>EquipWeapon</name></member>
    <member refid="class_mandatory_1_1_weapon_collection_1a86fdfc1dc6e61aa7de382606f1acb15f" kind="function"><name>UnequipWeapon</name></member>
    <member refid="class_mandatory_1_1_weapon_collection_1abdc1f4931ab0515c35e77e58b7ac57c1" kind="function"><name>GetTotalAttackDamage</name></member>
    <member refid="class_mandatory_1_1_weapon_collection_1a0bfd950c53b66e00f82b0b2bccee9d61" kind="function"><name>Dispose</name></member>
  </compound>
  <compound refid="class_mandatory_1_1_world-1-g" kind="class"><name>Mandatory::World-1-g</name>
    <member refid="class_mandatory_1_1_world-1-g_1a0facde77dc874c90a7556cfc1048b499" kind="variable"><name>configFileReader</name></member>
    <member refid="class_mandatory_1_1_world-1-g_1aab205f23add50e657f7853e9b520f4bc" kind="variable"><name>WorldManager</name></member>
    <member refid="class_mandatory_1_1_world-1-g_1a8a1db1fd90fdf4ea5a008cadef2cd4f2" kind="variable"><name>grid</name></member>
    <member refid="class_mandatory_1_1_world-1-g_1a48ccc2a666615e0129fadff38a3b6b43" kind="property"><name>Width</name></member>
    <member refid="class_mandatory_1_1_world-1-g_1aa50b3fb771f78ccd78d93717f826676e" kind="property"><name>Height</name></member>
    <member refid="class_mandatory_1_1_world-1-g_1a2f8d78aa9ce74ba37ad54fb0f929e775" kind="function"><name>World</name></member>
    <member refid="class_mandatory_1_1_world-1-g_1a3957c9b76449dd8f1c371fc0a0dd44dc" kind="function"><name>World</name></member>
    <member refid="class_mandatory_1_1_world-1-g_1acb00292d47b561c8074075086ae92ae5" kind="function"><name>GetValue</name></member>
    <member refid="class_mandatory_1_1_world-1-g_1a9b8d0c20210c2976fcc63869db80adcf" kind="function"><name>SetValue</name></member>
    <member refid="class_mandatory_1_1_world-1-g_1aa5fc52d7146cd78a9ba2ee46210873b4" kind="function"><name>RemoveValue</name></member>
    <member refid="class_mandatory_1_1_world-1-g_1a2ae27ecc754be97838c95e1d7f81c24a" kind="function"><name>Dispose</name></member>
  </compound>
  <compound refid="class_mandatory_1_1_world_entities_manager" kind="class"><name>Mandatory::WorldEntitiesManager</name>
    <member refid="class_mandatory_1_1_world_entities_manager_1a35330c4f36e62d0e84d173ef57587925" kind="property"><name>GameObjects</name></member>
    <member refid="class_mandatory_1_1_world_entities_manager_1a004f339ecf3f6596207f5a5e8bf848c6" kind="function"><name>WorldEntitiesManager</name></member>
    <member refid="class_mandatory_1_1_world_entities_manager_1ac1c6ec259f427f20d21fa17ecea15abd" kind="function"><name>AddGameObject</name></member>
    <member refid="class_mandatory_1_1_world_entities_manager_1a1aab6e8efecb07408072000a7b7df4dc" kind="function"><name>RemoveGameObject</name></member>
    <member refid="class_mandatory_1_1_world_entities_manager_1ace1e14c1cc5708356a0503d1951125b8" kind="function"><name>RemoveAllGameObjects</name></member>
  </compound>
  <compound refid="class_mandatory_1_1_xml_parser" kind="class"><name>Mandatory::XmlParser</name>
    <member refid="class_mandatory_1_1_xml_parser_1a58bcac79d3c95167b392dc1a4a33d67a" kind="function"><name>ParseDimensions</name></member>
    <member refid="class_mandatory_1_1_xml_parser_1af05e657b23d9dc96c70fd403005f3dd7" kind="function"><name>GetGameDifficulty</name></member>
    <member refid="class_mandatory_1_1_xml_parser_1aaa236880a77d812cd021c3a5af049892" kind="function"><name>GetSingleNode</name></member>
  </compound>
  <compound refid="namespaceglobal_1_1_system" kind="namespace"><name>global::System</name>
  </compound>
  <compound refid="namespaceglobal_1_1_system_1_1_collections_1_1_generic" kind="namespace"><name>global::System::Collections::Generic</name>
  </compound>
  <compound refid="namespaceglobal_1_1_system_1_1_i_o" kind="namespace"><name>global::System::IO</name>
  </compound>
  <compound refid="namespaceglobal_1_1_system_1_1_linq" kind="namespace"><name>global::System::Linq</name>
  </compound>
  <compound refid="namespaceglobal_1_1_system_1_1_net_1_1_http" kind="namespace"><name>global::System::Net::Http</name>
  </compound>
  <compound refid="namespaceglobal_1_1_system_1_1_threading" kind="namespace"><name>global::System::Threading</name>
  </compound>
  <compound refid="namespaceglobal_1_1_system_1_1_threading_1_1_tasks" kind="namespace"><name>global::System::Threading::Tasks</name>
  </compound>
  <compound refid="namespace_mandatory" kind="namespace"><name>Mandatory</name>
    <member refid="namespace_mandatory_1a86a9c6b2fa6ffdcb45bf7903e8211620" kind="enum"><name>ArmorSlot</name></member>
    <member refid="namespace_mandatory_1a86a9c6b2fa6ffdcb45bf7903e8211620a6adf97f83acf6453d4a6a4b1070f3754" kind="enumvalue"><name>None</name></member>
    <member refid="namespace_mandatory_1a86a9c6b2fa6ffdcb45bf7903e8211620a98921133d10fbdb0fb6dbb7b2648befe" kind="enumvalue"><name>Head</name></member>
    <member refid="namespace_mandatory_1a86a9c6b2fa6ffdcb45bf7903e8211620a94b1fe49b616aa3862defa8922c7493d" kind="enumvalue"><name>Torso</name></member>
    <member refid="namespace_mandatory_1a86a9c6b2fa6ffdcb45bf7903e8211620a48423a9049b3065103ef1026a5fa08e5" kind="enumvalue"><name>Legs</name></member>
    <member refid="namespace_mandatory_1a86a9c6b2fa6ffdcb45bf7903e8211620ac0de26eacdb0be95995bddc8d719bc4b" kind="enumvalue"><name>Hands</name></member>
    <member refid="namespace_mandatory_1a86a9c6b2fa6ffdcb45bf7903e8211620a0f2e8e047e38898ec859c631576985e7" kind="enumvalue"><name>Feet</name></member>
    <member refid="namespace_mandatory_1a86a9c6b2fa6ffdcb45bf7903e8211620ab1c94ca2fbc3e78fc30069c8d0f01680" kind="enumvalue"><name>All</name></member>
    <member refid="namespace_mandatory_1af3c295e9c9fefbf8421a29e19ea124a0" kind="enum"><name>GameDifficulty</name></member>
    <member refid="namespace_mandatory_1af3c295e9c9fefbf8421a29e19ea124a0a6adf97f83acf6453d4a6a4b1070f3754" kind="enumvalue"><name>None</name></member>
    <member refid="namespace_mandatory_1af3c295e9c9fefbf8421a29e19ea124a0a7f943921724d63dc0ac9c6febf99fa88" kind="enumvalue"><name>Easy</name></member>
    <member refid="namespace_mandatory_1af3c295e9c9fefbf8421a29e19ea124a0a87f8a6ab85c9ced3702b4ea641ad4bb5" kind="enumvalue"><name>Medium</name></member>
    <member refid="namespace_mandatory_1af3c295e9c9fefbf8421a29e19ea124a0a3656183169810334a96b91129dc9d881" kind="enumvalue"><name>Hard</name></member>
    <member refid="namespace_mandatory_1adbd9824b4b0347d5e5f16310e27c8ff9" kind="enum"><name>WeaponSlot</name></member>
    <member refid="namespace_mandatory_1adbd9824b4b0347d5e5f16310e27c8ff9a6adf97f83acf6453d4a6a4b1070f3754" kind="enumvalue"><name>None</name></member>
    <member refid="namespace_mandatory_1adbd9824b4b0347d5e5f16310e27c8ff9a1f9cdfca2d19bbc92349db7eb1544434" kind="enumvalue"><name>MainHand</name></member>
    <member refid="namespace_mandatory_1adbd9824b4b0347d5e5f16310e27c8ff9ab5bd08b31ca121f0294081ef11f4dfcc" kind="enumvalue"><name>Offhand</name></member>
    <member refid="namespace_mandatory_1adbd9824b4b0347d5e5f16310e27c8ff9ab1c94ca2fbc3e78fc30069c8d0f01680" kind="enumvalue"><name>All</name></member>
  </compound>
  <compound refid="namespace_system" kind="namespace"><name>System</name>
  </compound>
  <compound refid="namespace_system_1_1_diagnostics" kind="namespace"><name>System::Diagnostics</name>
  </compound>
  <compound refid="namespace_system_1_1_reflection" kind="namespace"><name>System::Reflection</name>
  </compound>
  <compound refid="namespace_system_1_1_xml" kind="namespace"><name>System::Xml</name>
  </compound>
  <compound refid="_armor_8cs" kind="file"><name>Armor.cs</name>
  </compound>
  <compound refid="_armor_collection_8cs" kind="file"><name>ArmorCollection.cs</name>
  </compound>
  <compound refid="_armor_slot_8cs" kind="file"><name>ArmorSlot.cs</name>
  </compound>
  <compound refid="_attack_item_8cs" kind="file"><name>AttackItem.cs</name>
  </compound>
  <compound refid="_creature_8cs" kind="file"><name>Creature.cs</name>
  </compound>
  <compound refid="_defence_item_8cs" kind="file"><name>DefenceItem.cs</name>
  </compound>
  <compound refid="_defence_item_decorator_8cs" kind="file"><name>DefenceItemDecorator.cs</name>
  </compound>
  <compound refid="_game_object_8cs" kind="file"><name>GameObject.cs</name>
  </compound>
  <compound refid="_game_object_factory_8cs" kind="file"><name>GameObjectFactory.cs</name>
  </compound>
  <compound refid="_grid_8cs" kind="file"><name>Grid.cs</name>
  </compound>
  <compound refid="_i_attack_8cs" kind="file"><name>IAttack.cs</name>
  </compound>
  <compound refid="_i_creature_8cs" kind="file"><name>ICreature.cs</name>
  </compound>
  <compound refid="_i_loot_8cs" kind="file"><name>ILoot.cs</name>
  </compound>
  <compound refid="_i_moveable_8cs" kind="file"><name>IMoveable.cs</name>
  </compound>
  <compound refid="_i_select_target_8cs" kind="file"><name>ISelectTarget.cs</name>
  </compound>
  <compound refid="_i_take_turn_8cs" kind="file"><name>ITakeTurn.cs</name>
  </compound>
  <compound refid="_i_armor_8cs" kind="file"><name>IArmor.cs</name>
  </compound>
  <compound refid="_i_armor_mod_target_8cs" kind="file"><name>IArmorModTarget.cs</name>
  </compound>
  <compound refid="_i_config_file_reader_8cs" kind="file"><name>IConfigFileReader.cs</name>
  </compound>
  <compound refid="_i_config_parser_8cs" kind="file"><name>IConfigParser.cs</name>
  </compound>
  <compound refid="_i_damage_calculator_8cs" kind="file"><name>IDamageCalculator.cs</name>
  </compound>
  <compound refid="_i_decrease_armor_value_8cs" kind="file"><name>IDecreaseArmorValue.cs</name>
  </compound>
  <compound refid="_i_decrease_weapon_damage_8cs" kind="file"><name>IDecreaseWeaponDamage.cs</name>
  </compound>
  <compound refid="_i_file_loader_8cs" kind="file"><name>IFileLoader.cs</name>
  </compound>
  <compound refid="_i_game_object_8cs" kind="file"><name>IGameObject.cs</name>
  </compound>
  <compound refid="_i_game_object_factory_8cs" kind="file"><name>IGameObjectFactory.cs</name>
  </compound>
  <compound refid="_i_get_armor_point_8cs" kind="file"><name>IGetArmorPoint.cs</name>
  </compound>
  <compound refid="_i_grid_8cs" kind="file"><name>IGrid.cs</name>
  </compound>
  <compound refid="_i_increase_armor_value_8cs" kind="file"><name>IIncreaseArmorValue.cs</name>
  </compound>
  <compound refid="_i_increase_weapon_damage_8cs" kind="file"><name>IIncreaseWeaponDamage.cs</name>
  </compound>
  <compound refid="_i_notifier_8cs" kind="file"><name>INotifier.cs</name>
  </compound>
  <compound refid="_i_observer_handler_8cs" kind="file"><name>IObserverHandler.cs</name>
  </compound>
  <compound refid="_i_observer_listener_8cs" kind="file"><name>IObserverListener.cs</name>
  </compound>
  <compound refid="_i_transform_8cs" kind="file"><name>ITransform.cs</name>
  </compound>
  <compound refid="_i_weapon_8cs" kind="file"><name>IWeapon.cs</name>
  </compound>
  <compound refid="_i_weapon_mod_target_8cs" kind="file"><name>IWeaponModTarget.cs</name>
  </compound>
  <compound refid="_i_world_8cs" kind="file"><name>IWorld.cs</name>
  </compound>
  <compound refid="_i_world_manager_8cs" kind="file"><name>IWorldManager.cs</name>
  </compound>
  <compound refid="_i_world_object_8cs" kind="file"><name>IWorldObject.cs</name>
  </compound>
  <compound refid="_8_n_e_t_core_app_00_version_0av9_80_8_assembly_attributes_8cs" kind="file"><name>.NETCoreApp,Version=v9.0.AssemblyAttributes.cs</name>
  </compound>
  <compound refid="_mandatory_8_assembly_info_8cs" kind="file"><name>Mandatory.AssemblyInfo.cs</name>
  </compound>
  <compound refid="_mandatory_8_global_usings_8g_8cs" kind="file"><name>Mandatory.GlobalUsings.g.cs</name>
  </compound>
  <compound refid="_offence_item_decorator_8cs" kind="file"><name>OffenceItemDecorator.cs</name>
  </compound>
  <compound refid="_position_8cs" kind="file"><name>Position.cs</name>
  </compound>
  <compound refid="_config_file_reader_8cs" kind="file"><name>ConfigFileReader.cs</name>
  </compound>
  <compound refid="_event_handler_8cs" kind="file"><name>EventHandler.cs</name>
  </compound>
  <compound refid="_event_handler_helper_8cs" kind="file"><name>EventHandlerHelper.cs</name>
  </compound>
  <compound refid="_file_loader_8cs" kind="file"><name>FileLoader.cs</name>
  </compound>
  <compound refid="_game_difficulty_8cs" kind="file"><name>GameDifficulty.cs</name>
  </compound>
  <compound refid="_my_logger_8cs" kind="file"><name>MyLogger.cs</name>
  </compound>
  <compound refid="_xml_parser_8cs" kind="file"><name>XmlParser.cs</name>
  </compound>
  <compound refid="_size_8cs" kind="file"><name>Size.cs</name>
  </compound>
  <compound refid="_transform_8cs" kind="file"><name>Transform.cs</name>
  </compound>
  <compound refid="_weapon_8cs" kind="file"><name>Weapon.cs</name>
  </compound>
  <compound refid="_weapon_collection_8cs" kind="file"><name>WeaponCollection.cs</name>
  </compound>
  <compound refid="_weapon_slot_8cs" kind="file"><name>WeaponSlot.cs</name>
  </compound>
  <compound refid="_world_8cs" kind="file"><name>World.cs</name>
  </compound>
  <compound refid="_world_entities_manager_8cs" kind="file"><name>WorldEntitiesManager.cs</name>
  </compound>
  <compound refid="dir_2f2f58ad15e4af535045c8cfa23853d2" kind="dir"><name>C:/Users/Mus/Programmering/AdvancedCSharp</name>
  </compound>
  <compound refid="dir_58edfc07beda2be9d952965bc784d1fc" kind="dir"><name>C:/Users/Mus/Programmering/AdvancedCSharp/Mandatory/Interfaces/Creature</name>
  </compound>
  <compound refid="dir_c3dbd4058200125af6b156de59769bf0" kind="dir"><name>C:/Users/Mus/Programmering/AdvancedCSharp/Mandatory/obj/Debug</name>
  </compound>
  <compound refid="dir_7633dfd9adbf48f7dbb5a623a672496c" kind="dir"><name>C:/Users/Mus/Programmering/AdvancedCSharp/Mandatory/Interfaces</name>
  </compound>
  <compound refid="dir_244c3127615ddf74a53c03cd55e9115d" kind="dir"><name>C:/Users/Mus/Programmering/AdvancedCSharp/Mandatory</name>
  </compound>
  <compound refid="dir_fa3c2d97bcd31430b5366cbe69364d57" kind="dir"><name>C:/Users/Mus</name>
  </compound>
  <compound refid="dir_71df1ea15249f286dc2b3393c543640d" kind="dir"><name>C:/Users/Mus/Programmering/AdvancedCSharp/Mandatory/obj/Debug/net9.0</name>
  </compound>
  <compound refid="dir_e4e86c09a26f2f19ef31eb0da0bdedc1" kind="dir"><name>C:/Users/Mus/Programmering/AdvancedCSharp/Mandatory/obj</name>
  </compound>
  <compound refid="dir_cc7c9f73bd60ac14036cead2077a4a02" kind="dir"><name>C:/Users/Mus/Programmering</name>
  </compound>
  <compound refid="dir_dee7e880d35116b65a9af992f9b42455" kind="dir"><name>C:/Users/Mus/Programmering/AdvancedCSharp/Mandatory/Setups</name>
  </compound>
  <compound refid="dir_d522931ffa1371640980b621734a4381" kind="dir"><name>C:/Users</name>
  </compound>
</doxygenindex>
