<?xml version='1.0' encoding='UTF-8' standalone='no'?>
<doxygen xmlns:xsi="http://www.w3.org/2001/XMLSchema-instance" xsi:noNamespaceSchemaLocation="compound.xsd" version="1.15.0" xml:lang="en-US">
  <compounddef id="interface_mandatory_1_1_i_increase_weapon_damage" kind="interface" language="C#" prot="public">
    <compoundname>Mandatory::IIncreaseWeaponDamage</compoundname>
    <sectiondef kind="public-func">
      <memberdef kind="function" id="interface_mandatory_1_1_i_increase_weapon_damage_1a6d8f5e3fa05a59154e571cfec50d709c" prot="public" static="no" const="no" explicit="no" inline="no" virt="non-virtual">
        <type>void</type>
        <definition>void Mandatory.IIncreaseWeaponDamage.IncreaseWeaponDamage</definition>
        <argsstring>(IWeaponModTarget target, int amount)</argsstring>
        <name>IncreaseWeaponDamage</name>
        <qualifiedname>Mandatory.IIncreaseWeaponDamage.IncreaseWeaponDamage</qualifiedname>
        <param>
          <type><ref refid="interface_mandatory_1_1_i_weapon_mod_target" kindref="compound">IWeaponModTarget</ref></type>
          <declname>target</declname>
        </param>
        <param>
          <type>int</type>
          <declname>amount</declname>
        </param>
        <briefdescription>
        </briefdescription>
        <detaileddescription>
        </detaileddescription>
        <inbodydescription>
        </inbodydescription>
        <location file="C:/Users/Mus/Programmering/AdvancedCSharp/Mandatory/Interfaces/IIncreaseWeaponDamage.cs" line="4" column="10"/>
      </memberdef>
    </sectiondef>
    <briefdescription>
    </briefdescription>
    <detaileddescription>
    </detaileddescription>
    <location file="C:/Users/Mus/Programmering/AdvancedCSharp/Mandatory/Interfaces/IIncreaseWeaponDamage.cs" line="3" column="18" bodyfile="C:/Users/Mus/Programmering/AdvancedCSharp/Mandatory/Interfaces/IIncreaseWeaponDamage.cs" bodystart="3" bodyend="5"/>
    <listofallmembers>
      <member refid="interface_mandatory_1_1_i_increase_weapon_damage_1a6d8f5e3fa05a59154e571cfec50d709c" prot="public" virt="non-virtual"><scope>Mandatory::IIncreaseWeaponDamage</scope><name>IncreaseWeaponDamage</name></member>
    </listofallmembers>
  </compounddef>
</doxygen>
