<?xml version='1.0' encoding='UTF-8' standalone='no'?>
<doxygen xmlns:xsi="http://www.w3.org/2001/XMLSchema-instance" xsi:noNamespaceSchemaLocation="compound.xsd" version="1.15.0" xml:lang="en-US">
  <compounddef id="interface_mandatory_1_1_i_transform" kind="interface" language="C#" prot="public">
    <compoundname>Mandatory::ITransform</compoundname>
    <derivedcompoundref refid="interface_mandatory_1_1_i_world_object" prot="public" virt="non-virtual">Mandatory.IWorldObject</derivedcompoundref>
    <derivedcompoundref refid="class_mandatory_1_1_transform" prot="public" virt="non-virtual">Mandatory.Transform</derivedcompoundref>
    <sectiondef kind="property">
      <memberdef kind="property" id="interface_mandatory_1_1_i_transform_1a045d5ec083352905363be26d5f676b51" prot="public" static="no" readable="no" writable="no" gettable="yes" privategettable="no" protectedgettable="no" settable="yes" privatesettable="no" protectedsettable="no">
        <type>Position</type>
        <definition>Position Mandatory.ITransform.Position</definition>
        <argsstring></argsstring>
        <name>Position</name>
        <qualifiedname>Mandatory.ITransform.Position</qualifiedname>
        <reimplementedby refid="class_mandatory_1_1_armor_collection_1a0f3a4ef9a983e5a07439be6a9e9fc98c">Position</reimplementedby>
        <reimplementedby refid="class_mandatory_1_1_attack_item_1a7601dc2e3f180400114cee08c82ec8ec">Position</reimplementedby>
        <reimplementedby refid="class_mandatory_1_1_creature_1abe11a471bd2d291503270ac3525ef7c6">Position</reimplementedby>
        <reimplementedby refid="class_mandatory_1_1_defence_item_1a77d99cc620ae4812ab51075ad81fc218">Position</reimplementedby>
        <reimplementedby refid="class_mandatory_1_1_defence_item_decorator_1a5ee7a3b9beed3608916c40fc6ab68c2a">Position</reimplementedby>
        <reimplementedby refid="class_mandatory_1_1_offence_item_decorator_1a8491b5d7f61314894a6155839d4c661e">Position</reimplementedby>
        <reimplementedby refid="class_mandatory_1_1_transform_1afa0241f7e4d18a197e2e6dcfde58f8c9">Position</reimplementedby>
        <reimplementedby refid="class_mandatory_1_1_weapon_collection_1a13733a8fe8d0ab4a6374f0cfd831fd8a">Position</reimplementedby>
        <briefdescription>
        </briefdescription>
        <detaileddescription>
        </detaileddescription>
        <inbodydescription>
        </inbodydescription>
        <location file="C:/Users/Mus/Programmering/AdvancedCSharp/Mandatory/Interfaces/ITransform.cs" line="4" column="14" bodyfile="C:/Users/Mus/Programmering/AdvancedCSharp/Mandatory/Interfaces/ITransform.cs" bodystart="4" bodyend="4"/>
      </memberdef>
    </sectiondef>
    <briefdescription>
    </briefdescription>
    <detaileddescription>
    </detaileddescription>
    <inheritancegraph>
      <node id="1">
        <label>Mandatory.ITransform</label>
        <link refid="interface_mandatory_1_1_i_transform"/>
      </node>
      <node id="6">
        <label>Mandatory.Armor</label>
        <link refid="class_mandatory_1_1_armor"/>
        <childnode refid="5" relation="public-inheritance">
        </childnode>
      </node>
      <node id="4">
        <label>Mandatory.ArmorCollection</label>
        <link refid="class_mandatory_1_1_armor_collection"/>
        <childnode refid="3" relation="public-inheritance">
        </childnode>
      </node>
      <node id="11">
        <label>Mandatory.AttackItem</label>
        <link refid="class_mandatory_1_1_attack_item"/>
        <childnode refid="10" relation="public-inheritance">
        </childnode>
      </node>
      <node id="9">
        <label>Mandatory.Creature</label>
        <link refid="class_mandatory_1_1_creature"/>
        <childnode refid="8" relation="public-inheritance">
        </childnode>
      </node>
      <node id="5">
        <label>Mandatory.DefenceItem</label>
        <link refid="class_mandatory_1_1_defence_item"/>
        <childnode refid="3" relation="public-inheritance">
        </childnode>
      </node>
      <node id="7">
        <label>Mandatory.DefenceItemDecorator</label>
        <link refid="class_mandatory_1_1_defence_item_decorator"/>
        <childnode refid="3" relation="public-inheritance">
        </childnode>
      </node>
      <node id="3">
        <label>Mandatory.IArmor</label>
        <link refid="interface_mandatory_1_1_i_armor"/>
        <childnode refid="2" relation="public-inheritance">
        </childnode>
      </node>
      <node id="8">
        <label>Mandatory.ICreature</label>
        <link refid="interface_mandatory_1_1_i_creature"/>
        <childnode refid="2" relation="public-inheritance">
        </childnode>
      </node>
      <node id="10">
        <label>Mandatory.IWeapon</label>
        <link refid="interface_mandatory_1_1_i_weapon"/>
        <childnode refid="2" relation="public-inheritance">
        </childnode>
      </node>
      <node id="2">
        <label>Mandatory.IWorldObject</label>
        <link refid="interface_mandatory_1_1_i_world_object"/>
        <childnode refid="1" relation="public-inheritance">
        </childnode>
      </node>
      <node id="13">
        <label>Mandatory.OffenceItemDecorator</label>
        <link refid="class_mandatory_1_1_offence_item_decorator"/>
        <childnode refid="10" relation="public-inheritance">
        </childnode>
      </node>
      <node id="15">
        <label>Mandatory.Transform</label>
        <link refid="class_mandatory_1_1_transform"/>
        <childnode refid="1" relation="public-inheritance">
        </childnode>
      </node>
      <node id="12">
        <label>Mandatory.Weapon</label>
        <link refid="class_mandatory_1_1_weapon"/>
        <childnode refid="11" relation="public-inheritance">
        </childnode>
      </node>
      <node id="14">
        <label>Mandatory.WeaponCollection</label>
        <link refid="class_mandatory_1_1_weapon_collection"/>
        <childnode refid="10" relation="public-inheritance">
        </childnode>
      </node>
    </inheritancegraph>
    <location file="C:/Users/Mus/Programmering/AdvancedCSharp/Mandatory/Interfaces/ITransform.cs" line="3" column="18" bodyfile="C:/Users/Mus/Programmering/AdvancedCSharp/Mandatory/Interfaces/ITransform.cs" bodystart="3" bodyend="5"/>
    <listofallmembers>
      <member refid="interface_mandatory_1_1_i_transform_1a045d5ec083352905363be26d5f676b51" prot="public" virt="non-virtual"><scope>Mandatory::ITransform</scope><name>Position</name></member>
    </listofallmembers>
  </compounddef>
</doxygen>
