<?xml version='1.0' encoding='UTF-8' standalone='no'?>
<doxygen xmlns:xsi="http://www.w3.org/2001/XMLSchema-instance" xsi:noNamespaceSchemaLocation="compound.xsd" version="1.15.0" xml:lang="en-US">
  <compounddef id="interface_mandatory_1_1_i_increase_armor_value" kind="interface" language="C#" prot="public">
    <compoundname>Mandatory::IIncreaseArmorValue</compoundname>
    <sectiondef kind="public-func">
      <memberdef kind="function" id="interface_mandatory_1_1_i_increase_armor_value_1ac3581d917a02fb45aebe5374fb7dadc7" prot="public" static="no" const="no" explicit="no" inline="no" virt="non-virtual">
        <type>void</type>
        <definition>void Mandatory.IIncreaseArmorValue.IncreaseArmorValue</definition>
        <argsstring>(IArmorModTarget target, int amount)</argsstring>
        <name>IncreaseArmorValue</name>
        <qualifiedname>Mandatory.IIncreaseArmorValue.IncreaseArmorValue</qualifiedname>
        <param>
          <type><ref refid="interface_mandatory_1_1_i_armor_mod_target" kindref="compound">IArmorModTarget</ref></type>
          <declname>target</declname>
        </param>
        <param>
          <type>int</type>
          <declname>amount</declname>
        </param>
        <briefdescription>
        </briefdescription>
        <detaileddescription>
        </detaileddescription>
        <inbodydescription>
        </inbodydescription>
        <location file="C:/Users/Mus/Programmering/AdvancedCSharp/Mandatory/Interfaces/IIncreaseArmorValue.cs" line="4" column="10"/>
      </memberdef>
    </sectiondef>
    <briefdescription>
    </briefdescription>
    <detaileddescription>
    </detaileddescription>
    <location file="C:/Users/Mus/Programmering/AdvancedCSharp/Mandatory/Interfaces/IIncreaseArmorValue.cs" line="3" column="18" bodyfile="C:/Users/Mus/Programmering/AdvancedCSharp/Mandatory/Interfaces/IIncreaseArmorValue.cs" bodystart="3" bodyend="5"/>
    <listofallmembers>
      <member refid="interface_mandatory_1_1_i_increase_armor_value_1ac3581d917a02fb45aebe5374fb7dadc7" prot="public" virt="non-virtual"><scope>Mandatory::IIncreaseArmorValue</scope><name>IncreaseArmorValue</name></member>
    </listofallmembers>
  </compounddef>
</doxygen>
