<?xml version='1.0' encoding='UTF-8' standalone='no'?>
<doxygen xmlns:xsi="http://www.w3.org/2001/XMLSchema-instance" xsi:noNamespaceSchemaLocation="compound.xsd" version="1.15.0" xml:lang="en-US">
  <compounddef id="interface_mandatory_1_1_i_weapon" kind="interface" language="C#" prot="public">
    <compoundname>Mandatory::IWeapon</compoundname>
    <basecompoundref refid="interface_mandatory_1_1_i_world_object" prot="public" virt="non-virtual">Mandatory.IWorldObject</basecompoundref>
    <derivedcompoundref refid="class_mandatory_1_1_attack_item" prot="public" virt="non-virtual">Mandatory.AttackItem</derivedcompoundref>
    <derivedcompoundref refid="class_mandatory_1_1_offence_item_decorator" prot="public" virt="non-virtual">Mandatory.OffenceItemDecorator</derivedcompoundref>
    <derivedcompoundref refid="class_mandatory_1_1_weapon_collection" prot="public" virt="non-virtual">Mandatory.WeaponCollection</derivedcompoundref>
    <sectiondef kind="property">
      <memberdef kind="property" id="interface_mandatory_1_1_i_weapon_1af4be1545955b7f2017f7d1cd25dec321" prot="public" static="no" readable="no" writable="no" gettable="yes" privategettable="no" protectedgettable="no" settable="yes" privatesettable="no" protectedsettable="no">
        <type>WeaponSlot</type>
        <definition>WeaponSlot Mandatory.IWeapon.WeaponSlot</definition>
        <argsstring></argsstring>
        <name>WeaponSlot</name>
        <qualifiedname>Mandatory.IWeapon.WeaponSlot</qualifiedname>
        <reimplementedby refid="class_mandatory_1_1_attack_item_1a95204adb66da8836e89afbc9bd8890d7">WeaponSlot</reimplementedby>
        <reimplementedby refid="class_mandatory_1_1_offence_item_decorator_1a0fdbeaf937645f34b1d2b88dc223724b">WeaponSlot</reimplementedby>
        <reimplementedby refid="class_mandatory_1_1_weapon_collection_1aef8cb39262a8ad80eb73429d5794c55b">WeaponSlot</reimplementedby>
        <briefdescription>
        </briefdescription>
        <detaileddescription>
        </detaileddescription>
        <inbodydescription>
        </inbodydescription>
        <location file="C:/Users/Mus/Programmering/AdvancedCSharp/Mandatory/Interfaces/IWeapon.cs" line="4" column="16" bodyfile="C:/Users/Mus/Programmering/AdvancedCSharp/Mandatory/Interfaces/IWeapon.cs" bodystart="4" bodyend="4"/>
      </memberdef>
    </sectiondef>
    <sectiondef kind="public-func">
      <memberdef kind="function" id="interface_mandatory_1_1_i_weapon_1ab76bf9b7f4beb27249b4108560655735" prot="public" static="no" const="no" explicit="no" inline="no" virt="non-virtual">
        <type>int</type>
        <definition>int Mandatory.IWeapon.GetTotalAttackDamage</definition>
        <argsstring>()</argsstring>
        <name>GetTotalAttackDamage</name>
        <qualifiedname>Mandatory.IWeapon.GetTotalAttackDamage</qualifiedname>
        <reimplementedby refid="class_mandatory_1_1_attack_item_1a4f51b52b1f52e324c4e4982f8f0bda60">GetTotalAttackDamage</reimplementedby>
        <reimplementedby refid="class_mandatory_1_1_offence_item_decorator_1a775b50ca6a583484676d9452c1a94b1c">GetTotalAttackDamage</reimplementedby>
        <reimplementedby refid="class_mandatory_1_1_weapon_1af4a432dba27d13e54dff952c1a35b72e">GetTotalAttackDamage</reimplementedby>
        <reimplementedby refid="class_mandatory_1_1_weapon_collection_1abdc1f4931ab0515c35e77e58b7ac57c1">GetTotalAttackDamage</reimplementedby>
        <briefdescription>
        </briefdescription>
        <detaileddescription>
        </detaileddescription>
        <inbodydescription>
        </inbodydescription>
        <location file="C:/Users/Mus/Programmering/AdvancedCSharp/Mandatory/Interfaces/IWeapon.cs" line="5" column="9"/>
      </memberdef>
    </sectiondef>
    <briefdescription>
    </briefdescription>
    <detaileddescription>
    </detaileddescription>
    <inheritancegraph>
      <node id="4">
        <label>IDisposable</label>
      </node>
      <node id="1">
        <label>Mandatory.IWeapon</label>
        <link refid="interface_mandatory_1_1_i_weapon"/>
        <childnode refid="2" relation="public-inheritance">
        </childnode>
      </node>
      <node id="6">
        <label>Mandatory.AttackItem</label>
        <link refid="class_mandatory_1_1_attack_item"/>
        <childnode refid="1" relation="public-inheritance">
        </childnode>
      </node>
      <node id="3">
        <label>Mandatory.IGameObject</label>
        <link refid="interface_mandatory_1_1_i_game_object"/>
        <childnode refid="4" relation="public-inheritance">
        </childnode>
      </node>
      <node id="5">
        <label>Mandatory.ITransform</label>
        <link refid="interface_mandatory_1_1_i_transform"/>
      </node>
      <node id="2">
        <label>Mandatory.IWorldObject</label>
        <link refid="interface_mandatory_1_1_i_world_object"/>
        <childnode refid="3" relation="public-inheritance">
        </childnode>
        <childnode refid="5" relation="public-inheritance">
        </childnode>
      </node>
      <node id="8">
        <label>Mandatory.OffenceItemDecorator</label>
        <link refid="class_mandatory_1_1_offence_item_decorator"/>
        <childnode refid="1" relation="public-inheritance">
        </childnode>
      </node>
      <node id="7">
        <label>Mandatory.Weapon</label>
        <link refid="class_mandatory_1_1_weapon"/>
        <childnode refid="6" relation="public-inheritance">
        </childnode>
      </node>
      <node id="9">
        <label>Mandatory.WeaponCollection</label>
        <link refid="class_mandatory_1_1_weapon_collection"/>
        <childnode refid="1" relation="public-inheritance">
        </childnode>
      </node>
    </inheritancegraph>
    <collaborationgraph>
      <node id="4">
        <label>IDisposable</label>
      </node>
      <node id="1">
        <label>Mandatory.IWeapon</label>
        <link refid="interface_mandatory_1_1_i_weapon"/>
        <childnode refid="2" relation="public-inheritance">
        </childnode>
      </node>
      <node id="3">
        <label>Mandatory.IGameObject</label>
        <link refid="interface_mandatory_1_1_i_game_object"/>
        <childnode refid="4" relation="public-inheritance">
        </childnode>
      </node>
      <node id="5">
        <label>Mandatory.ITransform</label>
        <link refid="interface_mandatory_1_1_i_transform"/>
      </node>
      <node id="2">
        <label>Mandatory.IWorldObject</label>
        <link refid="interface_mandatory_1_1_i_world_object"/>
        <childnode refid="3" relation="public-inheritance">
        </childnode>
        <childnode refid="5" relation="public-inheritance">
        </childnode>
      </node>
    </collaborationgraph>
    <location file="C:/Users/Mus/Programmering/AdvancedCSharp/Mandatory/Interfaces/IWeapon.cs" line="3" column="18" bodyfile="C:/Users/Mus/Programmering/AdvancedCSharp/Mandatory/Interfaces/IWeapon.cs" bodystart="3" bodyend="6"/>
    <listofallmembers>
      <member refid="interface_mandatory_1_1_i_weapon_1ab76bf9b7f4beb27249b4108560655735" prot="public" virt="non-virtual"><scope>Mandatory::IWeapon</scope><name>GetTotalAttackDamage</name></member>
      <member refid="interface_mandatory_1_1_i_game_object_1a549268d62408a0fa0af6802d81869940" prot="public" virt="non-virtual"><scope>Mandatory::IWeapon</scope><name>Lootable</name></member>
      <member refid="interface_mandatory_1_1_i_game_object_1a42aa80381992f8d7f3b43ed206876f06" prot="public" virt="non-virtual"><scope>Mandatory::IWeapon</scope><name>Name</name></member>
      <member refid="interface_mandatory_1_1_i_transform_1a045d5ec083352905363be26d5f676b51" prot="public" virt="non-virtual"><scope>Mandatory::IWeapon</scope><name>Position</name></member>
      <member refid="interface_mandatory_1_1_i_game_object_1aaf05885daf8cca71768aa10deac2ac54" prot="public" virt="non-virtual"><scope>Mandatory::IWeapon</scope><name>Removeable</name></member>
      <member refid="interface_mandatory_1_1_i_weapon_1af4be1545955b7f2017f7d1cd25dec321" prot="public" virt="non-virtual"><scope>Mandatory::IWeapon</scope><name>WeaponSlot</name></member>
    </listofallmembers>
  </compounddef>
</doxygen>
