<?xml version='1.0' encoding='UTF-8' standalone='no'?>
<doxygen xmlns:xsi="http://www.w3.org/2001/XMLSchema-instance" xsi:noNamespaceSchemaLocation="compound.xsd" version="1.15.0" xml:lang="en-US">
  <compounddef id="interface_mandatory_1_1_i_world_manager" kind="interface" language="C#" prot="public">
    <compoundname>Mandatory::IWorldManager</compoundname>
    <derivedcompoundref refid="class_mandatory_1_1_world_entities_manager" prot="public" virt="non-virtual">Mandatory.WorldEntitiesManager</derivedcompoundref>
    <sectiondef kind="public-func">
      <memberdef kind="function" id="interface_mandatory_1_1_i_world_manager_1a8141acf5ef1e8f9c8d1d77e2db6d9160" prot="public" static="no" const="no" explicit="no" inline="no" virt="non-virtual">
        <type>void</type>
        <definition>void Mandatory.IWorldManager.RemoveAllGameObjects</definition>
        <argsstring>()</argsstring>
        <name>RemoveAllGameObjects</name>
        <qualifiedname>Mandatory.IWorldManager.RemoveAllGameObjects</qualifiedname>
        <reimplementedby refid="class_mandatory_1_1_world_entities_manager_1ace1e14c1cc5708356a0503d1951125b8">RemoveAllGameObjects</reimplementedby>
        <briefdescription>
        </briefdescription>
        <detaileddescription>
        </detaileddescription>
        <inbodydescription>
        </inbodydescription>
        <location file="C:/Users/Mus/Programmering/AdvancedCSharp/Mandatory/Interfaces/IWorldManager.cs" line="4" column="10"/>
      </memberdef>
    </sectiondef>
    <briefdescription>
    </briefdescription>
    <detaileddescription>
    </detaileddescription>
    <inheritancegraph>
      <node id="1">
        <label>Mandatory.IWorldManager</label>
        <link refid="interface_mandatory_1_1_i_world_manager"/>
      </node>
      <node id="2">
        <label>Mandatory.WorldEntitiesManager</label>
        <link refid="class_mandatory_1_1_world_entities_manager"/>
        <childnode refid="1" relation="public-inheritance">
        </childnode>
      </node>
    </inheritancegraph>
    <location file="C:/Users/Mus/Programmering/AdvancedCSharp/Mandatory/Interfaces/IWorldManager.cs" line="3" column="18" bodyfile="C:/Users/Mus/Programmering/AdvancedCSharp/Mandatory/Interfaces/IWorldManager.cs" bodystart="3" bodyend="5"/>
    <listofallmembers>
      <member refid="interface_mandatory_1_1_i_world_manager_1a8141acf5ef1e8f9c8d1d77e2db6d9160" prot="public" virt="non-virtual"><scope>Mandatory::IWorldManager</scope><name>RemoveAllGameObjects</name></member>
    </listofallmembers>
  </compounddef>
</doxygen>
