<?xml version='1.0' encoding='UTF-8' standalone='no'?>
<doxygen xmlns:xsi="http://www.w3.org/2001/XMLSchema-instance" xsi:noNamespaceSchemaLocation="compound.xsd" version="1.15.0" xml:lang="en-US">
  <compounddef id="interface_mandatory_1_1_i_config_parser" kind="interface" language="C#" prot="public">
    <compoundname>Mandatory::IConfigParser</compoundname>
    <derivedcompoundref refid="class_mandatory_1_1_xml_parser" prot="public" virt="non-virtual">Mandatory.XmlParser</derivedcompoundref>
    <sectiondef kind="public-func">
      <memberdef kind="function" id="interface_mandatory_1_1_i_config_parser_1a6cd013a5c334b3ab20d1177613878805" prot="public" static="no" const="no" explicit="no" inline="no" virt="non-virtual">
        <type><ref refid="struct_mandatory_1_1_size" kindref="compound">Size</ref></type>
        <definition>Size Mandatory.IConfigParser.ParseDimensions</definition>
        <argsstring>(XmlDocument configFile)</argsstring>
        <name>ParseDimensions</name>
        <qualifiedname>Mandatory.IConfigParser.ParseDimensions</qualifiedname>
        <reimplementedby refid="class_mandatory_1_1_xml_parser_1a58bcac79d3c95167b392dc1a4a33d67a">ParseDimensions</reimplementedby>
        <param>
          <type>XmlDocument</type>
          <declname>configFile</declname>
        </param>
        <briefdescription>
        </briefdescription>
        <detaileddescription>
        </detaileddescription>
        <inbodydescription>
        </inbodydescription>
        <location file="C:/Users/Mus/Programmering/AdvancedCSharp/Mandatory/Interfaces/IConfigParser.cs" line="5" column="10"/>
      </memberdef>
      <memberdef kind="function" id="interface_mandatory_1_1_i_config_parser_1a937c85ad3d277006650448eff1dfbd9a" prot="public" static="no" const="no" explicit="no" inline="no" virt="non-virtual">
        <type>GameDifficulty</type>
        <definition>GameDifficulty Mandatory.IConfigParser.GetGameDifficulty</definition>
        <argsstring>(XmlDocument configFile)</argsstring>
        <name>GetGameDifficulty</name>
        <qualifiedname>Mandatory.IConfigParser.GetGameDifficulty</qualifiedname>
        <reimplementedby refid="class_mandatory_1_1_xml_parser_1af05e657b23d9dc96c70fd403005f3dd7">GetGameDifficulty</reimplementedby>
        <param>
          <type>XmlDocument</type>
          <declname>configFile</declname>
        </param>
        <briefdescription>
        </briefdescription>
        <detaileddescription>
        </detaileddescription>
        <inbodydescription>
        </inbodydescription>
        <location file="C:/Users/Mus/Programmering/AdvancedCSharp/Mandatory/Interfaces/IConfigParser.cs" line="6" column="20"/>
      </memberdef>
    </sectiondef>
    <briefdescription>
    </briefdescription>
    <detaileddescription>
    </detaileddescription>
    <inheritancegraph>
      <node id="1">
        <label>Mandatory.IConfigParser</label>
        <link refid="interface_mandatory_1_1_i_config_parser"/>
      </node>
      <node id="2">
        <label>Mandatory.XmlParser</label>
        <link refid="class_mandatory_1_1_xml_parser"/>
        <childnode refid="1" relation="public-inheritance">
        </childnode>
      </node>
    </inheritancegraph>
    <location file="C:/Users/Mus/Programmering/AdvancedCSharp/Mandatory/Interfaces/IConfigParser.cs" line="4" column="18" bodyfile="C:/Users/Mus/Programmering/AdvancedCSharp/Mandatory/Interfaces/IConfigParser.cs" bodystart="4" bodyend="7"/>
    <listofallmembers>
      <member refid="interface_mandatory_1_1_i_config_parser_1a937c85ad3d277006650448eff1dfbd9a" prot="public" virt="non-virtual"><scope>Mandatory::IConfigParser</scope><name>GetGameDifficulty</name></member>
      <member refid="interface_mandatory_1_1_i_config_parser_1a6cd013a5c334b3ab20d1177613878805" prot="public" virt="non-virtual"><scope>Mandatory::IConfigParser</scope><name>ParseDimensions</name></member>
    </listofallmembers>
  </compounddef>
</doxygen>
