<?xml version='1.0' encoding='UTF-8' standalone='no'?>
<doxygen xmlns:xsi="http://www.w3.org/2001/XMLSchema-instance" xsi:noNamespaceSchemaLocation="compound.xsd" version="1.15.0" xml:lang="en-US">
  <compounddef id="interface_mandatory_1_1_i_weapon_mod_target" kind="interface" language="C#" prot="public">
    <compoundname>Mandatory::IWeaponModTarget</compoundname>
    <derivedcompoundref refid="class_mandatory_1_1_weapon" prot="public" virt="non-virtual">Mandatory.Weapon</derivedcompoundref>
    <sectiondef kind="public-func">
      <memberdef kind="function" id="interface_mandatory_1_1_i_weapon_mod_target_1a8ab8b14b76850710ff6e932e8372adfe" prot="public" static="no" const="no" explicit="no" inline="no" virt="non-virtual">
        <type>void</type>
        <definition>void Mandatory.IWeaponModTarget.ChangeWeaponDamage</definition>
        <argsstring>(int amount)</argsstring>
        <name>ChangeWeaponDamage</name>
        <qualifiedname>Mandatory.IWeaponModTarget.ChangeWeaponDamage</qualifiedname>
        <reimplementedby refid="class_mandatory_1_1_weapon_1aa5e97fbc60bbce48679e660377ecb5b8">ChangeWeaponDamage</reimplementedby>
        <param>
          <type>int</type>
          <declname>amount</declname>
        </param>
        <briefdescription>
        </briefdescription>
        <detaileddescription>
        </detaileddescription>
        <inbodydescription>
        </inbodydescription>
        <location file="C:/Users/Mus/Programmering/AdvancedCSharp/Mandatory/Interfaces/IWeaponModTarget.cs" line="4" column="10"/>
      </memberdef>
    </sectiondef>
    <briefdescription>
    </briefdescription>
    <detaileddescription>
    </detaileddescription>
    <inheritancegraph>
      <node id="1">
        <label>Mandatory.IWeaponModTarget</label>
        <link refid="interface_mandatory_1_1_i_weapon_mod_target"/>
      </node>
      <node id="2">
        <label>Mandatory.Weapon</label>
        <link refid="class_mandatory_1_1_weapon"/>
        <childnode refid="1" relation="public-inheritance">
        </childnode>
      </node>
    </inheritancegraph>
    <location file="C:/Users/Mus/Programmering/AdvancedCSharp/Mandatory/Interfaces/IWeaponModTarget.cs" line="3" column="18" bodyfile="C:/Users/Mus/Programmering/AdvancedCSharp/Mandatory/Interfaces/IWeaponModTarget.cs" bodystart="3" bodyend="5"/>
    <listofallmembers>
      <member refid="interface_mandatory_1_1_i_weapon_mod_target_1a8ab8b14b76850710ff6e932e8372adfe" prot="public" virt="non-virtual"><scope>Mandatory::IWeaponModTarget</scope><name>ChangeWeaponDamage</name></member>
    </listofallmembers>
  </compounddef>
</doxygen>
