<?xml version='1.0' encoding='UTF-8' standalone='no'?>
<doxygen xmlns:xsi="http://www.w3.org/2001/XMLSchema-instance" xsi:noNamespaceSchemaLocation="compound.xsd" version="1.15.0" xml:lang="en-US">
  <compounddef id="interface_mandatory_1_1_i_observer_listener" kind="interface" language="C#" prot="public">
    <compoundname>Mandatory::IObserverListener</compoundname>
    <sectiondef kind="public-func">
      <memberdef kind="function" id="interface_mandatory_1_1_i_observer_listener_1af0872febcae70c3dac9be9c0a85ba0de" prot="public" static="no" const="no" explicit="no" inline="no" virt="non-virtual">
        <type>void</type>
        <definition>void Mandatory.IObserverListener.GetUpdate</definition>
        <argsstring>(string message)</argsstring>
        <name>GetUpdate</name>
        <qualifiedname>Mandatory.IObserverListener.GetUpdate</qualifiedname>
        <param>
          <type>string</type>
          <declname>message</declname>
        </param>
        <briefdescription>
        </briefdescription>
        <detaileddescription>
        </detaileddescription>
        <inbodydescription>
        </inbodydescription>
        <location file="C:/Users/Mus/Programmering/AdvancedCSharp/Mandatory/Interfaces/IObserverListener.cs" line="4" column="10"/>
      </memberdef>
    </sectiondef>
    <briefdescription>
    </briefdescription>
    <detaileddescription>
    </detaileddescription>
    <location file="C:/Users/Mus/Programmering/AdvancedCSharp/Mandatory/Interfaces/IObserverListener.cs" line="3" column="18" bodyfile="C:/Users/Mus/Programmering/AdvancedCSharp/Mandatory/Interfaces/IObserverListener.cs" bodystart="3" bodyend="5"/>
    <listofallmembers>
      <member refid="interface_mandatory_1_1_i_observer_listener_1af0872febcae70c3dac9be9c0a85ba0de" prot="public" virt="non-virtual"><scope>Mandatory::IObserverListener</scope><name>GetUpdate</name></member>
    </listofallmembers>
  </compounddef>
</doxygen>
