<?xml version='1.0' encoding='UTF-8' standalone='no'?>
<doxygen xmlns:xsi="http://www.w3.org/2001/XMLSchema-instance" xsi:noNamespaceSchemaLocation="compound.xsd" version="1.15.0" xml:lang="en-US">
  <compounddef id="interface_mandatory_1_1_i_game_object" kind="interface" language="C#" prot="public">
    <compoundname>Mandatory::IGameObject</compoundname>
    <basecompoundref prot="public" virt="non-virtual">IDisposable</basecompoundref>
    <derivedcompoundref refid="class_mandatory_1_1_game_object" prot="public" virt="non-virtual">Mandatory.GameObject</derivedcompoundref>
    <derivedcompoundref refid="interface_mandatory_1_1_i_world_object" prot="public" virt="non-virtual">Mandatory.IWorldObject</derivedcompoundref>
    <sectiondef kind="property">
      <memberdef kind="property" id="interface_mandatory_1_1_i_game_object_1a42aa80381992f8d7f3b43ed206876f06" prot="public" static="no" readable="no" writable="no" gettable="yes" privategettable="no" protectedgettable="no" settable="yes" privatesettable="no" protectedsettable="no">
        <type>string?</type>
        <definition>string? Mandatory.IGameObject.Name</definition>
        <argsstring></argsstring>
        <name>Name</name>
        <qualifiedname>Mandatory.IGameObject.Name</qualifiedname>
        <reimplementedby refid="class_mandatory_1_1_armor_collection_1ac379586bf335187b66bdcf0c73fc3658">Name</reimplementedby>
        <reimplementedby refid="class_mandatory_1_1_attack_item_1a5ab8357e1e3bfcb4a6fea5c7f736b958">Name</reimplementedby>
        <reimplementedby refid="class_mandatory_1_1_creature_1ad6fe9017c3aec63b6c5e9b540fb86796">Name</reimplementedby>
        <reimplementedby refid="class_mandatory_1_1_defence_item_1a719fc6d8bbea954d364dddc95d82f11a">Name</reimplementedby>
        <reimplementedby refid="class_mandatory_1_1_defence_item_decorator_1ac6a6945c5474eb410f424c2bb19f85fe">Name</reimplementedby>
        <reimplementedby refid="class_mandatory_1_1_game_object_1a47986724d67a2840696fa1e4279eef1d">Name</reimplementedby>
        <reimplementedby refid="class_mandatory_1_1_offence_item_decorator_1a03c4c1bc506f391ab3e7879a8edfea6f">Name</reimplementedby>
        <reimplementedby refid="class_mandatory_1_1_weapon_collection_1ae2187d15f7ee35bd9cc86a8061fb1c43">Name</reimplementedby>
        <briefdescription>
        </briefdescription>
        <detaileddescription>
        </detaileddescription>
        <inbodydescription>
        </inbodydescription>
        <location file="C:/Users/Mus/Programmering/AdvancedCSharp/Mandatory/Interfaces/IGameObject.cs" line="4" column="12" bodyfile="C:/Users/Mus/Programmering/AdvancedCSharp/Mandatory/Interfaces/IGameObject.cs" bodystart="4" bodyend="4"/>
      </memberdef>
      <memberdef kind="property" id="interface_mandatory_1_1_i_game_object_1a549268d62408a0fa0af6802d81869940" prot="public" static="no" readable="no" writable="no" gettable="yes" privategettable="no" protectedgettable="no" settable="yes" privatesettable="no" protectedsettable="no">
        <type>bool</type>
        <definition>bool Mandatory.IGameObject.Lootable</definition>
        <argsstring></argsstring>
        <name>Lootable</name>
        <qualifiedname>Mandatory.IGameObject.Lootable</qualifiedname>
        <reimplementedby refid="class_mandatory_1_1_armor_collection_1a8ec2322746a46ab66d6557f3a849f9d4">Lootable</reimplementedby>
        <reimplementedby refid="class_mandatory_1_1_attack_item_1a7b81d74871eebfee2430b7ab185ddb60">Lootable</reimplementedby>
        <reimplementedby refid="class_mandatory_1_1_creature_1a548c7fc7241e365b4fe88dd6d40961a9">Lootable</reimplementedby>
        <reimplementedby refid="class_mandatory_1_1_defence_item_1a7ae758db620fa668377b12761858d9b4">Lootable</reimplementedby>
        <reimplementedby refid="class_mandatory_1_1_defence_item_decorator_1ae5f8c84f74ae99f997fd31ab7fed7b2b">Lootable</reimplementedby>
        <reimplementedby refid="class_mandatory_1_1_game_object_1a9d8c94656d6a9f96eaa1808f447953c8">Lootable</reimplementedby>
        <reimplementedby refid="class_mandatory_1_1_offence_item_decorator_1a7210538a78ff5692db508610db1c1eb7">Lootable</reimplementedby>
        <reimplementedby refid="class_mandatory_1_1_weapon_collection_1acbaf1e9a37c9c4ce1b97969e8d51cbaf">Lootable</reimplementedby>
        <briefdescription>
        </briefdescription>
        <detaileddescription>
        </detaileddescription>
        <inbodydescription>
        </inbodydescription>
        <location file="C:/Users/Mus/Programmering/AdvancedCSharp/Mandatory/Interfaces/IGameObject.cs" line="5" column="10" bodyfile="C:/Users/Mus/Programmering/AdvancedCSharp/Mandatory/Interfaces/IGameObject.cs" bodystart="5" bodyend="5"/>
      </memberdef>
      <memberdef kind="property" id="interface_mandatory_1_1_i_game_object_1aaf05885daf8cca71768aa10deac2ac54" prot="public" static="no" readable="no" writable="no" gettable="yes" privategettable="no" protectedgettable="no" settable="yes" privatesettable="no" protectedsettable="no">
        <type>bool</type>
        <definition>bool Mandatory.IGameObject.Removeable</definition>
        <argsstring></argsstring>
        <name>Removeable</name>
        <qualifiedname>Mandatory.IGameObject.Removeable</qualifiedname>
        <reimplementedby refid="class_mandatory_1_1_armor_collection_1ae5be72ea520e879518020ec1086ed2e9">Removeable</reimplementedby>
        <reimplementedby refid="class_mandatory_1_1_attack_item_1a0a26bc6900f9ce3d8bb28478695058fd">Removeable</reimplementedby>
        <reimplementedby refid="class_mandatory_1_1_creature_1a876380477c8ce9e2bce68488cd19d2a1">Removeable</reimplementedby>
        <reimplementedby refid="class_mandatory_1_1_defence_item_1a45ba1ab4df4b64ee5e6958dd6312c17d">Removeable</reimplementedby>
        <reimplementedby refid="class_mandatory_1_1_defence_item_decorator_1a88e11fd3683c27addf34c631f63c8184">Removeable</reimplementedby>
        <reimplementedby refid="class_mandatory_1_1_game_object_1a7eddbad9adcf08f18f9b4367828925ec">Removeable</reimplementedby>
        <reimplementedby refid="class_mandatory_1_1_offence_item_decorator_1ac461bb26074ab2ce0cfb88eb9e782ac0">Removeable</reimplementedby>
        <reimplementedby refid="class_mandatory_1_1_weapon_collection_1a3f33670440305dfdbcec644cabb335a1">Removeable</reimplementedby>
        <briefdescription>
        </briefdescription>
        <detaileddescription>
        </detaileddescription>
        <inbodydescription>
        </inbodydescription>
        <location file="C:/Users/Mus/Programmering/AdvancedCSharp/Mandatory/Interfaces/IGameObject.cs" line="6" column="10" bodyfile="C:/Users/Mus/Programmering/AdvancedCSharp/Mandatory/Interfaces/IGameObject.cs" bodystart="6" bodyend="6"/>
      </memberdef>
    </sectiondef>
    <briefdescription>
    </briefdescription>
    <detaileddescription>
    </detaileddescription>
    <inheritancegraph>
      <node id="2">
        <label>IDisposable</label>
      </node>
      <node id="1">
        <label>Mandatory.IGameObject</label>
        <link refid="interface_mandatory_1_1_i_game_object"/>
        <childnode refid="2" relation="public-inheritance">
        </childnode>
      </node>
      <node id="8">
        <label>Mandatory.Armor</label>
        <link refid="class_mandatory_1_1_armor"/>
        <childnode refid="7" relation="public-inheritance">
        </childnode>
      </node>
      <node id="6">
        <label>Mandatory.ArmorCollection</label>
        <link refid="class_mandatory_1_1_armor_collection"/>
        <childnode refid="5" relation="public-inheritance">
        </childnode>
      </node>
      <node id="13">
        <label>Mandatory.AttackItem</label>
        <link refid="class_mandatory_1_1_attack_item"/>
        <childnode refid="12" relation="public-inheritance">
        </childnode>
      </node>
      <node id="11">
        <label>Mandatory.Creature</label>
        <link refid="class_mandatory_1_1_creature"/>
        <childnode refid="10" relation="public-inheritance">
        </childnode>
      </node>
      <node id="7">
        <label>Mandatory.DefenceItem</label>
        <link refid="class_mandatory_1_1_defence_item"/>
        <childnode refid="5" relation="public-inheritance">
        </childnode>
      </node>
      <node id="9">
        <label>Mandatory.DefenceItemDecorator</label>
        <link refid="class_mandatory_1_1_defence_item_decorator"/>
        <childnode refid="5" relation="public-inheritance">
        </childnode>
      </node>
      <node id="3">
        <label>Mandatory.GameObject</label>
        <link refid="class_mandatory_1_1_game_object"/>
        <childnode refid="1" relation="public-inheritance">
        </childnode>
      </node>
      <node id="5">
        <label>Mandatory.IArmor</label>
        <link refid="interface_mandatory_1_1_i_armor"/>
        <childnode refid="4" relation="public-inheritance">
        </childnode>
      </node>
      <node id="10">
        <label>Mandatory.ICreature</label>
        <link refid="interface_mandatory_1_1_i_creature"/>
        <childnode refid="4" relation="public-inheritance">
        </childnode>
      </node>
      <node id="12">
        <label>Mandatory.IWeapon</label>
        <link refid="interface_mandatory_1_1_i_weapon"/>
        <childnode refid="4" relation="public-inheritance">
        </childnode>
      </node>
      <node id="4">
        <label>Mandatory.IWorldObject</label>
        <link refid="interface_mandatory_1_1_i_world_object"/>
        <childnode refid="1" relation="public-inheritance">
        </childnode>
      </node>
      <node id="15">
        <label>Mandatory.OffenceItemDecorator</label>
        <link refid="class_mandatory_1_1_offence_item_decorator"/>
        <childnode refid="12" relation="public-inheritance">
        </childnode>
      </node>
      <node id="14">
        <label>Mandatory.Weapon</label>
        <link refid="class_mandatory_1_1_weapon"/>
        <childnode refid="13" relation="public-inheritance">
        </childnode>
      </node>
      <node id="16">
        <label>Mandatory.WeaponCollection</label>
        <link refid="class_mandatory_1_1_weapon_collection"/>
        <childnode refid="12" relation="public-inheritance">
        </childnode>
      </node>
    </inheritancegraph>
    <collaborationgraph>
      <node id="2">
        <label>IDisposable</label>
      </node>
      <node id="1">
        <label>Mandatory.IGameObject</label>
        <link refid="interface_mandatory_1_1_i_game_object"/>
        <childnode refid="2" relation="public-inheritance">
        </childnode>
      </node>
    </collaborationgraph>
    <location file="C:/Users/Mus/Programmering/AdvancedCSharp/Mandatory/Interfaces/IGameObject.cs" line="3" column="18" bodyfile="C:/Users/Mus/Programmering/AdvancedCSharp/Mandatory/Interfaces/IGameObject.cs" bodystart="3" bodyend="7"/>
    <listofallmembers>
      <member refid="interface_mandatory_1_1_i_game_object_1a549268d62408a0fa0af6802d81869940" prot="public" virt="non-virtual"><scope>Mandatory::IGameObject</scope><name>Lootable</name></member>
      <member refid="interface_mandatory_1_1_i_game_object_1a42aa80381992f8d7f3b43ed206876f06" prot="public" virt="non-virtual"><scope>Mandatory::IGameObject</scope><name>Name</name></member>
      <member refid="interface_mandatory_1_1_i_game_object_1aaf05885daf8cca71768aa10deac2ac54" prot="public" virt="non-virtual"><scope>Mandatory::IGameObject</scope><name>Removeable</name></member>
    </listofallmembers>
  </compounddef>
</doxygen>
