<?xml version='1.0' encoding='UTF-8' standalone='no'?>
<doxygen xmlns:xsi="http://www.w3.org/2001/XMLSchema-instance" xsi:noNamespaceSchemaLocation="compound.xsd" version="1.15.0" xml:lang="en-US">
  <compounddef id="interface_mandatory_1_1_i_world" kind="interface" language="C#" prot="public">
    <compoundname>Mandatory::IWorld</compoundname>
    <derivedcompoundref refid="class_mandatory_1_1_world-1-g" prot="public" virt="non-virtual">Mandatory.World&lt; T &gt;</derivedcompoundref>
    <briefdescription>
    </briefdescription>
    <detaileddescription>
    </detaileddescription>
    <inheritancegraph>
      <node id="1">
        <label>Mandatory.IWorld</label>
        <link refid="interface_mandatory_1_1_i_world"/>
      </node>
      <node id="2">
        <label>Mandatory.World&lt; T &gt;</label>
        <link refid="class_mandatory_1_1_world-1-g"/>
        <childnode refid="1" relation="public-inheritance">
        </childnode>
      </node>
    </inheritancegraph>
    <location file="C:/Users/Mus/Programmering/AdvancedCSharp/Mandatory/Interfaces/IWorld.cs" line="3" column="18" bodyfile="C:/Users/Mus/Programmering/AdvancedCSharp/Mandatory/Interfaces/IWorld.cs" bodystart="3" bodyend="4"/>
    <listofallmembers>
    </listofallmembers>
  </compounddef>
</doxygen>
