<?xml version='1.0' encoding='UTF-8' standalone='no'?>
<doxygen xmlns:xsi="http://www.w3.org/2001/XMLSchema-instance" xsi:noNamespaceSchemaLocation="compound.xsd" version="1.15.0" xml:lang="en-US">
  <compounddef id="interface_mandatory_1_1_i_loot" kind="interface" language="C#" prot="public">
    <compoundname>Mandatory::ILoot</compoundname>
    <derivedcompoundref refid="interface_mandatory_1_1_i_creature" prot="public" virt="non-virtual">Mandatory.ICreature</derivedcompoundref>
    <sectiondef kind="public-func">
      <memberdef kind="function" id="interface_mandatory_1_1_i_loot_1acc86305fd1533e8a04ebfd6e2dc6c570" prot="public" static="no" const="no" explicit="no" inline="no" virt="non-virtual">
        <type>void</type>
        <definition>void Mandatory.ILoot.Loot</definition>
        <argsstring>(IGameObject loot)</argsstring>
        <name>Loot</name>
        <qualifiedname>Mandatory.ILoot.Loot</qualifiedname>
        <reimplementedby refid="class_mandatory_1_1_creature_1a755f32031db1d759c516e3a528551fca">Loot</reimplementedby>
        <param>
          <type><ref refid="interface_mandatory_1_1_i_game_object" kindref="compound">IGameObject</ref></type>
          <declname>loot</declname>
        </param>
        <briefdescription>
        </briefdescription>
        <detaileddescription>
        </detaileddescription>
        <inbodydescription>
        </inbodydescription>
        <location file="C:/Users/Mus/Programmering/AdvancedCSharp/Mandatory/Interfaces/Creature/ILoot.cs" line="4" column="10"/>
      </memberdef>
    </sectiondef>
    <briefdescription>
    </briefdescription>
    <detaileddescription>
    </detaileddescription>
    <inheritancegraph>
      <node id="1">
        <label>Mandatory.ILoot</label>
        <link refid="interface_mandatory_1_1_i_loot"/>
      </node>
      <node id="3">
        <label>Mandatory.Creature</label>
        <link refid="class_mandatory_1_1_creature"/>
        <childnode refid="2" relation="public-inheritance">
        </childnode>
      </node>
      <node id="2">
        <label>Mandatory.ICreature</label>
        <link refid="interface_mandatory_1_1_i_creature"/>
        <childnode refid="1" relation="public-inheritance">
        </childnode>
      </node>
    </inheritancegraph>
    <location file="C:/Users/Mus/Programmering/AdvancedCSharp/Mandatory/Interfaces/Creature/ILoot.cs" line="3" column="18" bodyfile="C:/Users/Mus/Programmering/AdvancedCSharp/Mandatory/Interfaces/Creature/ILoot.cs" bodystart="3" bodyend="5"/>
    <listofallmembers>
      <member refid="interface_mandatory_1_1_i_loot_1acc86305fd1533e8a04ebfd6e2dc6c570" prot="public" virt="non-virtual"><scope>Mandatory::ILoot</scope><name>Loot</name></member>
    </listofallmembers>
  </compounddef>
</doxygen>
