<?xml version='1.0' encoding='UTF-8' standalone='no'?>
<doxygen xmlns:xsi="http://www.w3.org/2001/XMLSchema-instance" xsi:noNamespaceSchemaLocation="compound.xsd" version="1.15.0" xml:lang="en-US">
  <compounddef id="interface_mandatory_1_1_i_select_target" kind="interface" language="C#" prot="public">
    <compoundname>Mandatory::ISelectTarget</compoundname>
    <derivedcompoundref refid="class_mandatory_1_1_creature" prot="public" virt="non-virtual">Mandatory.Creature</derivedcompoundref>
    <sectiondef kind="public-func">
      <memberdef kind="function" id="interface_mandatory_1_1_i_select_target_1a610831e59026516bf2082aa7f941bb10" prot="public" static="no" const="no" explicit="no" inline="no" virt="non-virtual">
        <type>void</type>
        <definition>void Mandatory.ISelectTarget.SelectTarget</definition>
        <argsstring>()</argsstring>
        <name>SelectTarget</name>
        <qualifiedname>Mandatory.ISelectTarget.SelectTarget</qualifiedname>
        <reimplementedby refid="class_mandatory_1_1_creature_1a3d868e1ee1661311590a2abe05c9b44a">SelectTarget</reimplementedby>
        <briefdescription>
        </briefdescription>
        <detaileddescription>
        </detaileddescription>
        <inbodydescription>
        </inbodydescription>
        <location file="C:/Users/Mus/Programmering/AdvancedCSharp/Mandatory/Interfaces/Creature/ISelectTarget.cs" line="4" column="10"/>
      </memberdef>
    </sectiondef>
    <briefdescription>
    </briefdescription>
    <detaileddescription>
    </detaileddescription>
    <inheritancegraph>
      <node id="1">
        <label>Mandatory.ISelectTarget</label>
        <link refid="interface_mandatory_1_1_i_select_target"/>
      </node>
      <node id="2">
        <label>Mandatory.Creature</label>
        <link refid="class_mandatory_1_1_creature"/>
        <childnode refid="1" relation="public-inheritance">
        </childnode>
      </node>
    </inheritancegraph>
    <location file="C:/Users/Mus/Programmering/AdvancedCSharp/Mandatory/Interfaces/Creature/ISelectTarget.cs" line="3" column="18" bodyfile="C:/Users/Mus/Programmering/AdvancedCSharp/Mandatory/Interfaces/Creature/ISelectTarget.cs" bodystart="3" bodyend="5"/>
    <listofallmembers>
      <member refid="interface_mandatory_1_1_i_select_target_1a610831e59026516bf2082aa7f941bb10" prot="public" virt="non-virtual"><scope>Mandatory::ISelectTarget</scope><name>SelectTarget</name></member>
    </listofallmembers>
  </compounddef>
</doxygen>
