<?xml version='1.0' encoding='UTF-8' standalone='no'?>
<doxygen xmlns:xsi="http://www.w3.org/2001/XMLSchema-instance" xsi:noNamespaceSchemaLocation="compound.xsd" version="1.15.0" xml:lang="en-US">
  <compounddef id="interface_mandatory_1_1_i_notifier" kind="interface" language="C#" prot="public">
    <compoundname>Mandatory::INotifier</compoundname>
    <derivedcompoundref refid="class_mandatory_1_1_event_handler_helper" prot="public" virt="non-virtual">Mandatory.EventHandlerHelper</derivedcompoundref>
    <sectiondef kind="public-func">
      <memberdef kind="function" id="interface_mandatory_1_1_i_notifier_1aaf679cdafe11fa75803496ee4de49dbd" prot="public" static="no" const="no" explicit="no" inline="no" virt="non-virtual">
        <type>void</type>
        <definition>void Mandatory.INotifier.Notify</definition>
        <argsstring>(string message)</argsstring>
        <name>Notify</name>
        <qualifiedname>Mandatory.INotifier.Notify</qualifiedname>
        <reimplementedby refid="class_mandatory_1_1_event_handler_helper_1a240f16dfc45a8216364a5f9a25cc32cc">Notify</reimplementedby>
        <param>
          <type>string</type>
          <declname>message</declname>
        </param>
        <briefdescription>
        </briefdescription>
        <detaileddescription>
        </detaileddescription>
        <inbodydescription>
        </inbodydescription>
        <location file="C:/Users/Mus/Programmering/AdvancedCSharp/Mandatory/Interfaces/INotifier.cs" line="4" column="10"/>
      </memberdef>
    </sectiondef>
    <briefdescription>
    </briefdescription>
    <detaileddescription>
    </detaileddescription>
    <inheritancegraph>
      <node id="1">
        <label>Mandatory.INotifier</label>
        <link refid="interface_mandatory_1_1_i_notifier"/>
      </node>
      <node id="2">
        <label>Mandatory.EventHandlerHelper</label>
        <link refid="class_mandatory_1_1_event_handler_helper"/>
        <childnode refid="1" relation="public-inheritance">
        </childnode>
      </node>
    </inheritancegraph>
    <location file="C:/Users/Mus/Programmering/AdvancedCSharp/Mandatory/Interfaces/INotifier.cs" line="3" column="18" bodyfile="C:/Users/Mus/Programmering/AdvancedCSharp/Mandatory/Interfaces/INotifier.cs" bodystart="3" bodyend="5"/>
    <listofallmembers>
      <member refid="interface_mandatory_1_1_i_notifier_1aaf679cdafe11fa75803496ee4de49dbd" prot="public" virt="non-virtual"><scope>Mandatory::INotifier</scope><name>Notify</name></member>
    </listofallmembers>
  </compounddef>
</doxygen>
