<?xml version='1.0' encoding='UTF-8' standalone='no'?>
<doxygen xmlns:xsi="http://www.w3.org/2001/XMLSchema-instance" xsi:noNamespaceSchemaLocation="compound.xsd" version="1.15.0" xml:lang="en-US">
  <compounddef id="interface_mandatory_1_1_i_damage_calculator" kind="interface" language="C#" prot="public">
    <compoundname>Mandatory::IDamageCalculator</compoundname>
    <sectiondef kind="public-func">
      <memberdef kind="function" id="interface_mandatory_1_1_i_damage_calculator_1acb4d39d8a76bbcaa9d7f4c5528d2bb07" prot="public" static="no" const="no" explicit="no" inline="no" virt="non-virtual">
        <type>int</type>
        <definition>int Mandatory.IDamageCalculator.CalculateFinalDamage</definition>
        <argsstring>(Creature target, int hit)</argsstring>
        <name>CalculateFinalDamage</name>
        <qualifiedname>Mandatory.IDamageCalculator.CalculateFinalDamage</qualifiedname>
        <param>
          <type><ref refid="class_mandatory_1_1_creature" kindref="compound">Creature</ref></type>
          <declname>target</declname>
        </param>
        <param>
          <type>int</type>
          <declname>hit</declname>
        </param>
        <briefdescription>
        </briefdescription>
        <detaileddescription>
        </detaileddescription>
        <inbodydescription>
        </inbodydescription>
        <location file="C:/Users/Mus/Programmering/AdvancedCSharp/Mandatory/Interfaces/IDamageCalculator.cs" line="4" column="9"/>
      </memberdef>
    </sectiondef>
    <briefdescription>
    </briefdescription>
    <detaileddescription>
    </detaileddescription>
    <location file="C:/Users/Mus/Programmering/AdvancedCSharp/Mandatory/Interfaces/IDamageCalculator.cs" line="3" column="18" bodyfile="C:/Users/Mus/Programmering/AdvancedCSharp/Mandatory/Interfaces/IDamageCalculator.cs" bodystart="3" bodyend="5"/>
    <listofallmembers>
      <member refid="interface_mandatory_1_1_i_damage_calculator_1acb4d39d8a76bbcaa9d7f4c5528d2bb07" prot="public" virt="non-virtual"><scope>Mandatory::IDamageCalculator</scope><name>CalculateFinalDamage</name></member>
    </listofallmembers>
  </compounddef>
</doxygen>
