<?xml version='1.0' encoding='UTF-8' standalone='no'?>
<doxygen xmlns:xsi="http://www.w3.org/2001/XMLSchema-instance" xsi:noNamespaceSchemaLocation="compound.xsd" version="1.15.0" xml:lang="en-US">
  <compounddef id="interface_mandatory_1_1_i_creature" kind="interface" language="C#" prot="public">
    <compoundname>Mandatory::ICreature</compoundname>
    <basecompoundref refid="interface_mandatory_1_1_i_world_object" prot="public" virt="non-virtual">Mandatory.IWorldObject</basecompoundref>
    <basecompoundref refid="interface_mandatory_1_1_i_loot" prot="public" virt="non-virtual">Mandatory.ILoot</basecompoundref>
    <basecompoundref refid="interface_mandatory_1_1_i_moveable" prot="public" virt="non-virtual">Mandatory.IMoveable</basecompoundref>
    <basecompoundref refid="interface_mandatory_1_1_i_take_turn" prot="public" virt="non-virtual">Mandatory.ITakeTurn</basecompoundref>
    <derivedcompoundref refid="class_mandatory_1_1_creature" prot="public" virt="non-virtual">Mandatory.Creature</derivedcompoundref>
    <sectiondef kind="property">
      <memberdef kind="property" id="interface_mandatory_1_1_i_creature_1a3f4ff25a1af3e8f7d0047e4051668530" prot="public" static="no" readable="no" writable="no" gettable="yes" privategettable="no" protectedgettable="no" settable="yes" privatesettable="no" protectedsettable="no">
        <type>int</type>
        <definition>int Mandatory.ICreature.HitPoint</definition>
        <argsstring></argsstring>
        <name>HitPoint</name>
        <qualifiedname>Mandatory.ICreature.HitPoint</qualifiedname>
        <reimplementedby refid="class_mandatory_1_1_creature_1a48894d1e3a8dba1bce4a6ac824a4b276">HitPoint</reimplementedby>
        <briefdescription>
        </briefdescription>
        <detaileddescription>
        </detaileddescription>
        <inbodydescription>
        </inbodydescription>
        <location file="C:/Users/Mus/Programmering/AdvancedCSharp/Mandatory/Interfaces/Creature/ICreature.cs" line="4" column="9" bodyfile="C:/Users/Mus/Programmering/AdvancedCSharp/Mandatory/Interfaces/Creature/ICreature.cs" bodystart="4" bodyend="4"/>
      </memberdef>
    </sectiondef>
    <briefdescription>
    </briefdescription>
    <detaileddescription>
    </detaileddescription>
    <inheritancegraph>
      <node id="4">
        <label>IDisposable</label>
      </node>
      <node id="1">
        <label>Mandatory.ICreature</label>
        <link refid="interface_mandatory_1_1_i_creature"/>
        <childnode refid="2" relation="public-inheritance">
        </childnode>
        <childnode refid="6" relation="public-inheritance">
        </childnode>
        <childnode refid="7" relation="public-inheritance">
        </childnode>
        <childnode refid="8" relation="public-inheritance">
        </childnode>
      </node>
      <node id="9">
        <label>Mandatory.Creature</label>
        <link refid="class_mandatory_1_1_creature"/>
        <childnode refid="1" relation="public-inheritance">
        </childnode>
      </node>
      <node id="3">
        <label>Mandatory.IGameObject</label>
        <link refid="interface_mandatory_1_1_i_game_object"/>
        <childnode refid="4" relation="public-inheritance">
        </childnode>
      </node>
      <node id="6">
        <label>Mandatory.ILoot</label>
        <link refid="interface_mandatory_1_1_i_loot"/>
      </node>
      <node id="7">
        <label>Mandatory.IMoveable</label>
        <link refid="interface_mandatory_1_1_i_moveable"/>
      </node>
      <node id="8">
        <label>Mandatory.ITakeTurn</label>
        <link refid="interface_mandatory_1_1_i_take_turn"/>
      </node>
      <node id="5">
        <label>Mandatory.ITransform</label>
        <link refid="interface_mandatory_1_1_i_transform"/>
      </node>
      <node id="2">
        <label>Mandatory.IWorldObject</label>
        <link refid="interface_mandatory_1_1_i_world_object"/>
        <childnode refid="3" relation="public-inheritance">
        </childnode>
        <childnode refid="5" relation="public-inheritance">
        </childnode>
      </node>
    </inheritancegraph>
    <collaborationgraph>
      <node id="4">
        <label>IDisposable</label>
      </node>
      <node id="1">
        <label>Mandatory.ICreature</label>
        <link refid="interface_mandatory_1_1_i_creature"/>
        <childnode refid="2" relation="public-inheritance">
        </childnode>
        <childnode refid="6" relation="public-inheritance">
        </childnode>
        <childnode refid="7" relation="public-inheritance">
        </childnode>
        <childnode refid="8" relation="public-inheritance">
        </childnode>
      </node>
      <node id="3">
        <label>Mandatory.IGameObject</label>
        <link refid="interface_mandatory_1_1_i_game_object"/>
        <childnode refid="4" relation="public-inheritance">
        </childnode>
      </node>
      <node id="6">
        <label>Mandatory.ILoot</label>
        <link refid="interface_mandatory_1_1_i_loot"/>
      </node>
      <node id="7">
        <label>Mandatory.IMoveable</label>
        <link refid="interface_mandatory_1_1_i_moveable"/>
      </node>
      <node id="8">
        <label>Mandatory.ITakeTurn</label>
        <link refid="interface_mandatory_1_1_i_take_turn"/>
      </node>
      <node id="5">
        <label>Mandatory.ITransform</label>
        <link refid="interface_mandatory_1_1_i_transform"/>
      </node>
      <node id="2">
        <label>Mandatory.IWorldObject</label>
        <link refid="interface_mandatory_1_1_i_world_object"/>
        <childnode refid="3" relation="public-inheritance">
        </childnode>
        <childnode refid="5" relation="public-inheritance">
        </childnode>
      </node>
    </collaborationgraph>
    <location file="C:/Users/Mus/Programmering/AdvancedCSharp/Mandatory/Interfaces/Creature/ICreature.cs" line="3" column="18" bodyfile="C:/Users/Mus/Programmering/AdvancedCSharp/Mandatory/Interfaces/Creature/ICreature.cs" bodystart="3" bodyend="5"/>
    <listofallmembers>
      <member refid="interface_mandatory_1_1_i_creature_1a3f4ff25a1af3e8f7d0047e4051668530" prot="public" virt="non-virtual"><scope>Mandatory::ICreature</scope><name>HitPoint</name></member>
      <member refid="interface_mandatory_1_1_i_loot_1acc86305fd1533e8a04ebfd6e2dc6c570" prot="public" virt="non-virtual"><scope>Mandatory::ICreature</scope><name>Loot</name></member>
      <member refid="interface_mandatory_1_1_i_game_object_1a549268d62408a0fa0af6802d81869940" prot="public" virt="non-virtual"><scope>Mandatory::ICreature</scope><name>Lootable</name></member>
      <member refid="interface_mandatory_1_1_i_moveable_1aedf31b09640669602ce536d0000d7b52" prot="public" virt="non-virtual"><scope>Mandatory::ICreature</scope><name>Move</name></member>
      <member refid="interface_mandatory_1_1_i_game_object_1a42aa80381992f8d7f3b43ed206876f06" prot="public" virt="non-virtual"><scope>Mandatory::ICreature</scope><name>Name</name></member>
      <member refid="interface_mandatory_1_1_i_transform_1a045d5ec083352905363be26d5f676b51" prot="public" virt="non-virtual"><scope>Mandatory::ICreature</scope><name>Position</name></member>
      <member refid="interface_mandatory_1_1_i_game_object_1aaf05885daf8cca71768aa10deac2ac54" prot="public" virt="non-virtual"><scope>Mandatory::ICreature</scope><name>Removeable</name></member>
      <member refid="interface_mandatory_1_1_i_take_turn_1a607baacf49670964864b5b010f51fcfe" prot="public" virt="non-virtual"><scope>Mandatory::ICreature</scope><name>TakeTurn</name></member>
    </listofallmembers>
  </compounddef>
</doxygen>
