<?xml version='1.0' encoding='UTF-8' standalone='no'?>
<doxygen xmlns:xsi="http://www.w3.org/2001/XMLSchema-instance" xsi:noNamespaceSchemaLocation="compound.xsd" version="1.15.0" xml:lang="en-US">
  <compounddef id="interface_mandatory_1_1_i_observer_handler" kind="interface" language="C#" prot="public">
    <compoundname>Mandatory::IObserverHandler</compoundname>
    <basecompoundref prot="public" virt="non-virtual">IDisposable</basecompoundref>
    <derivedcompoundref refid="class_mandatory_1_1_event_handler" prot="public" virt="non-virtual">Mandatory.EventHandler</derivedcompoundref>
    <sectiondef kind="public-func">
      <memberdef kind="function" id="interface_mandatory_1_1_i_observer_handler_1af6c30f984d141aa37c0d7c6a60b2d7f1" prot="public" static="no" const="no" explicit="no" inline="no" virt="non-virtual">
        <type>void</type>
        <definition>void Mandatory.IObserverHandler.AddObserverListener</definition>
        <argsstring>(IObserverListener observer)</argsstring>
        <name>AddObserverListener</name>
        <qualifiedname>Mandatory.IObserverHandler.AddObserverListener</qualifiedname>
        <reimplementedby refid="class_mandatory_1_1_event_handler_1abdd663cf56781edd2fe796d4ca027cb1">AddObserverListener</reimplementedby>
        <param>
          <type><ref refid="interface_mandatory_1_1_i_observer_listener" kindref="compound">IObserverListener</ref></type>
          <declname>observer</declname>
        </param>
        <briefdescription>
        </briefdescription>
        <detaileddescription>
        </detaileddescription>
        <inbodydescription>
        </inbodydescription>
        <location file="C:/Users/Mus/Programmering/AdvancedCSharp/Mandatory/Interfaces/IObserverHandler.cs" line="4" column="10"/>
      </memberdef>
      <memberdef kind="function" id="interface_mandatory_1_1_i_observer_handler_1a6cb7fdfaa8ff4161f4fce648b56eb1df" prot="public" static="no" const="no" explicit="no" inline="no" virt="non-virtual">
        <type>void</type>
        <definition>void Mandatory.IObserverHandler.RemoveObserverListener</definition>
        <argsstring>(IObserverListener observer)</argsstring>
        <name>RemoveObserverListener</name>
        <qualifiedname>Mandatory.IObserverHandler.RemoveObserverListener</qualifiedname>
        <reimplementedby refid="class_mandatory_1_1_event_handler_1ae59c0232f97e70361668db9fc1c80e1d">RemoveObserverListener</reimplementedby>
        <param>
          <type><ref refid="interface_mandatory_1_1_i_observer_listener" kindref="compound">IObserverListener</ref></type>
          <declname>observer</declname>
        </param>
        <briefdescription>
        </briefdescription>
        <detaileddescription>
        </detaileddescription>
        <inbodydescription>
        </inbodydescription>
        <location file="C:/Users/Mus/Programmering/AdvancedCSharp/Mandatory/Interfaces/IObserverHandler.cs" line="5" column="10"/>
      </memberdef>
      <memberdef kind="function" id="interface_mandatory_1_1_i_observer_handler_1a2ed82e8d86e28bece3d19c9ac430387b" prot="public" static="no" const="no" explicit="no" inline="no" virt="non-virtual">
        <type>void</type>
        <definition>void Mandatory.IObserverHandler.NotifyObserverListeners</definition>
        <argsstring>(string status)</argsstring>
        <name>NotifyObserverListeners</name>
        <qualifiedname>Mandatory.IObserverHandler.NotifyObserverListeners</qualifiedname>
        <reimplementedby refid="class_mandatory_1_1_event_handler_1a5f2adb45b930e8021b2a026e6cc26cf6">NotifyObserverListeners</reimplementedby>
        <param>
          <type>string</type>
          <declname>status</declname>
        </param>
        <briefdescription>
        </briefdescription>
        <detaileddescription>
        </detaileddescription>
        <inbodydescription>
        </inbodydescription>
        <location file="C:/Users/Mus/Programmering/AdvancedCSharp/Mandatory/Interfaces/IObserverHandler.cs" line="6" column="10"/>
      </memberdef>
    </sectiondef>
    <briefdescription>
    </briefdescription>
    <detaileddescription>
    </detaileddescription>
    <inheritancegraph>
      <node id="2">
        <label>IDisposable</label>
      </node>
      <node id="1">
        <label>Mandatory.IObserverHandler</label>
        <link refid="interface_mandatory_1_1_i_observer_handler"/>
        <childnode refid="2" relation="public-inheritance">
        </childnode>
      </node>
      <node id="3">
        <label>Mandatory.EventHandler</label>
        <link refid="class_mandatory_1_1_event_handler"/>
        <childnode refid="1" relation="public-inheritance">
        </childnode>
      </node>
    </inheritancegraph>
    <collaborationgraph>
      <node id="2">
        <label>IDisposable</label>
      </node>
      <node id="1">
        <label>Mandatory.IObserverHandler</label>
        <link refid="interface_mandatory_1_1_i_observer_handler"/>
        <childnode refid="2" relation="public-inheritance">
        </childnode>
      </node>
    </collaborationgraph>
    <location file="C:/Users/Mus/Programmering/AdvancedCSharp/Mandatory/Interfaces/IObserverHandler.cs" line="3" column="18" bodyfile="C:/Users/Mus/Programmering/AdvancedCSharp/Mandatory/Interfaces/IObserverHandler.cs" bodystart="3" bodyend="7"/>
    <listofallmembers>
      <member refid="interface_mandatory_1_1_i_observer_handler_1af6c30f984d141aa37c0d7c6a60b2d7f1" prot="public" virt="non-virtual"><scope>Mandatory::IObserverHandler</scope><name>AddObserverListener</name></member>
      <member refid="interface_mandatory_1_1_i_observer_handler_1a2ed82e8d86e28bece3d19c9ac430387b" prot="public" virt="non-virtual"><scope>Mandatory::IObserverHandler</scope><name>NotifyObserverListeners</name></member>
      <member refid="interface_mandatory_1_1_i_observer_handler_1a6cb7fdfaa8ff4161f4fce648b56eb1df" prot="public" virt="non-virtual"><scope>Mandatory::IObserverHandler</scope><name>RemoveObserverListener</name></member>
    </listofallmembers>
  </compounddef>
</doxygen>
