<?xml version='1.0' encoding='UTF-8' standalone='no'?>
<doxygen xmlns:xsi="http://www.w3.org/2001/XMLSchema-instance" xsi:noNamespaceSchemaLocation="compound.xsd" version="1.15.0" xml:lang="en-US">
  <compounddef id="interface_mandatory_1_1_i_game_object_factory" kind="interface" language="C#" prot="public">
    <compoundname>Mandatory::IGameObjectFactory</compoundname>
    <derivedcompoundref refid="class_mandatory_1_1_game_object_factory" prot="public" virt="non-virtual">Mandatory.GameObjectFactory</derivedcompoundref>
    <sectiondef kind="public-func">
      <memberdef kind="function" id="interface_mandatory_1_1_i_game_object_factory_1acd29f045c1fdbda4c037744efba0757a" prot="public" static="no" const="no" explicit="no" inline="no" virt="non-virtual">
        <type><ref refid="interface_mandatory_1_1_i_armor" kindref="compound">IArmor</ref></type>
        <definition>IArmor Mandatory.IGameObjectFactory.CreateArmor</definition>
        <argsstring>()</argsstring>
        <name>CreateArmor</name>
        <qualifiedname>Mandatory.IGameObjectFactory.CreateArmor</qualifiedname>
        <reimplementedby refid="class_mandatory_1_1_game_object_factory_1aa3964fae2b4b65b1687a67042630f25f">CreateArmor</reimplementedby>
        <briefdescription>
        </briefdescription>
        <detaileddescription>
        </detaileddescription>
        <inbodydescription>
        </inbodydescription>
        <location file="C:/Users/Mus/Programmering/AdvancedCSharp/Mandatory/Interfaces/IGameObjectFactory.cs" line="4" column="12"/>
      </memberdef>
      <memberdef kind="function" id="interface_mandatory_1_1_i_game_object_factory_1a118fb8a56325f9406c9c5757d16f0297" prot="public" static="no" const="no" explicit="no" inline="no" virt="non-virtual">
        <type><ref refid="interface_mandatory_1_1_i_weapon" kindref="compound">IWeapon</ref></type>
        <definition>IWeapon Mandatory.IGameObjectFactory.CreateWeapon</definition>
        <argsstring>()</argsstring>
        <name>CreateWeapon</name>
        <qualifiedname>Mandatory.IGameObjectFactory.CreateWeapon</qualifiedname>
        <reimplementedby refid="class_mandatory_1_1_game_object_factory_1a632118e2e6ca4f5794e764856632d46f">CreateWeapon</reimplementedby>
        <briefdescription>
        </briefdescription>
        <detaileddescription>
        </detaileddescription>
        <inbodydescription>
        </inbodydescription>
        <location file="C:/Users/Mus/Programmering/AdvancedCSharp/Mandatory/Interfaces/IGameObjectFactory.cs" line="5" column="13"/>
      </memberdef>
      <memberdef kind="function" id="interface_mandatory_1_1_i_game_object_factory_1a12eba48a3b8f01fb46c164293a19de08" prot="public" static="no" const="no" explicit="no" inline="no" virt="non-virtual">
        <type><ref refid="interface_mandatory_1_1_i_creature" kindref="compound">ICreature</ref></type>
        <definition>ICreature Mandatory.IGameObjectFactory.CreateCreature</definition>
        <argsstring>()</argsstring>
        <name>CreateCreature</name>
        <qualifiedname>Mandatory.IGameObjectFactory.CreateCreature</qualifiedname>
        <reimplementedby refid="class_mandatory_1_1_game_object_factory_1a4cbe1e11e6793f2b78c26f9486247bb3">CreateCreature</reimplementedby>
        <briefdescription>
        </briefdescription>
        <detaileddescription>
        </detaileddescription>
        <inbodydescription>
        </inbodydescription>
        <location file="C:/Users/Mus/Programmering/AdvancedCSharp/Mandatory/Interfaces/IGameObjectFactory.cs" line="6" column="15"/>
      </memberdef>
    </sectiondef>
    <briefdescription>
    </briefdescription>
    <detaileddescription>
    </detaileddescription>
    <inheritancegraph>
      <node id="1">
        <label>Mandatory.IGameObjectFactory</label>
        <link refid="interface_mandatory_1_1_i_game_object_factory"/>
      </node>
      <node id="2">
        <label>Mandatory.GameObjectFactory</label>
        <link refid="class_mandatory_1_1_game_object_factory"/>
        <childnode refid="1" relation="public-inheritance">
        </childnode>
      </node>
    </inheritancegraph>
    <location file="C:/Users/Mus/Programmering/AdvancedCSharp/Mandatory/Interfaces/IGameObjectFactory.cs" line="3" column="18" bodyfile="C:/Users/Mus/Programmering/AdvancedCSharp/Mandatory/Interfaces/IGameObjectFactory.cs" bodystart="3" bodyend="7"/>
    <listofallmembers>
      <member refid="interface_mandatory_1_1_i_game_object_factory_1acd29f045c1fdbda4c037744efba0757a" prot="public" virt="non-virtual"><scope>Mandatory::IGameObjectFactory</scope><name>CreateArmor</name></member>
      <member refid="interface_mandatory_1_1_i_game_object_factory_1a12eba48a3b8f01fb46c164293a19de08" prot="public" virt="non-virtual"><scope>Mandatory::IGameObjectFactory</scope><name>CreateCreature</name></member>
      <member refid="interface_mandatory_1_1_i_game_object_factory_1a118fb8a56325f9406c9c5757d16f0297" prot="public" virt="non-virtual"><scope>Mandatory::IGameObjectFactory</scope><name>CreateWeapon</name></member>
    </listofallmembers>
  </compounddef>
</doxygen>
