<?xml version='1.0' encoding='UTF-8' standalone='no'?>
<doxygen xmlns:xsi="http://www.w3.org/2001/XMLSchema-instance" xsi:noNamespaceSchemaLocation="compound.xsd" version="1.15.0" xml:lang="en-US">
  <compounddef id="interface_mandatory_1_1_i_file_loader" kind="interface" language="C#" prot="public">
    <compoundname>Mandatory::IFileLoader</compoundname>
    <derivedcompoundref refid="class_mandatory_1_1_file_loader" prot="public" virt="non-virtual">Mandatory.FileLoader</derivedcompoundref>
    <sectiondef kind="public-func">
      <memberdef kind="function" id="interface_mandatory_1_1_i_file_loader_1a435ebc94b4262413e788ca4820aaa9fb" prot="public" static="no" const="no" explicit="no" inline="no" virt="non-virtual">
        <type>XmlDocument</type>
        <definition>XmlDocument Mandatory.IFileLoader.Load</definition>
        <argsstring>(string filePath)</argsstring>
        <name>Load</name>
        <qualifiedname>Mandatory.IFileLoader.Load</qualifiedname>
        <reimplementedby refid="class_mandatory_1_1_file_loader_1a6f3d29abfc8969deeee2419fab959ec3">Load</reimplementedby>
        <param>
          <type>string</type>
          <declname>filePath</declname>
        </param>
        <briefdescription>
        </briefdescription>
        <detaileddescription>
        </detaileddescription>
        <inbodydescription>
        </inbodydescription>
        <location file="C:/Users/Mus/Programmering/AdvancedCSharp/Mandatory/Interfaces/IFileLoader.cs" line="5" column="17"/>
      </memberdef>
    </sectiondef>
    <briefdescription>
    </briefdescription>
    <detaileddescription>
    </detaileddescription>
    <inheritancegraph>
      <node id="1">
        <label>Mandatory.IFileLoader</label>
        <link refid="interface_mandatory_1_1_i_file_loader"/>
      </node>
      <node id="2">
        <label>Mandatory.FileLoader</label>
        <link refid="class_mandatory_1_1_file_loader"/>
        <childnode refid="1" relation="public-inheritance">
        </childnode>
      </node>
    </inheritancegraph>
    <location file="C:/Users/Mus/Programmering/AdvancedCSharp/Mandatory/Interfaces/IFileLoader.cs" line="4" column="18" bodyfile="C:/Users/Mus/Programmering/AdvancedCSharp/Mandatory/Interfaces/IFileLoader.cs" bodystart="4" bodyend="6"/>
    <listofallmembers>
      <member refid="interface_mandatory_1_1_i_file_loader_1a435ebc94b4262413e788ca4820aaa9fb" prot="public" virt="non-virtual"><scope>Mandatory::IFileLoader</scope><name>Load</name></member>
    </listofallmembers>
  </compounddef>
</doxygen>
