<?xml version='1.0' encoding='UTF-8' standalone='no'?>
<doxygen xmlns:xsi="http://www.w3.org/2001/XMLSchema-instance" xsi:noNamespaceSchemaLocation="compound.xsd" version="1.15.0" xml:lang="en-US">
  <compounddef id="interface_mandatory_1_1_i_moveable" kind="interface" language="C#" prot="public">
    <compoundname>Mandatory::IMoveable</compoundname>
    <derivedcompoundref refid="interface_mandatory_1_1_i_creature" prot="public" virt="non-virtual">Mandatory.ICreature</derivedcompoundref>
    <sectiondef kind="public-func">
      <memberdef kind="function" id="interface_mandatory_1_1_i_moveable_1aedf31b09640669602ce536d0000d7b52" prot="public" static="no" const="no" explicit="no" inline="no" virt="non-virtual">
        <type>void</type>
        <definition>void Mandatory.IMoveable.Move</definition>
        <argsstring>()</argsstring>
        <name>Move</name>
        <qualifiedname>Mandatory.IMoveable.Move</qualifiedname>
        <reimplementedby refid="class_mandatory_1_1_creature_1a89e2c251e50782195c44b9fd157bb93b">Move</reimplementedby>
        <briefdescription>
        </briefdescription>
        <detaileddescription>
        </detaileddescription>
        <inbodydescription>
        </inbodydescription>
        <location file="C:/Users/Mus/Programmering/AdvancedCSharp/Mandatory/Interfaces/Creature/IMoveable.cs" line="4" column="10"/>
      </memberdef>
    </sectiondef>
    <briefdescription>
    </briefdescription>
    <detaileddescription>
    </detaileddescription>
    <inheritancegraph>
      <node id="1">
        <label>Mandatory.IMoveable</label>
        <link refid="interface_mandatory_1_1_i_moveable"/>
      </node>
      <node id="3">
        <label>Mandatory.Creature</label>
        <link refid="class_mandatory_1_1_creature"/>
        <childnode refid="2" relation="public-inheritance">
        </childnode>
      </node>
      <node id="2">
        <label>Mandatory.ICreature</label>
        <link refid="interface_mandatory_1_1_i_creature"/>
        <childnode refid="1" relation="public-inheritance">
        </childnode>
      </node>
    </inheritancegraph>
    <location file="C:/Users/Mus/Programmering/AdvancedCSharp/Mandatory/Interfaces/Creature/IMoveable.cs" line="3" column="18" bodyfile="C:/Users/Mus/Programmering/AdvancedCSharp/Mandatory/Interfaces/Creature/IMoveable.cs" bodystart="3" bodyend="5"/>
    <listofallmembers>
      <member refid="interface_mandatory_1_1_i_moveable_1aedf31b09640669602ce536d0000d7b52" prot="public" virt="non-virtual"><scope>Mandatory::IMoveable</scope><name>Move</name></member>
    </listofallmembers>
  </compounddef>
</doxygen>
