<?xml version='1.0' encoding='UTF-8' standalone='no'?>
<doxygen xmlns:xsi="http://www.w3.org/2001/XMLSchema-instance" xsi:noNamespaceSchemaLocation="compound.xsd" version="1.15.0" xml:lang="en-US">
  <compounddef id="interface_mandatory_1_1_i_grid-1-g" kind="interface" language="C#" prot="public">
    <compoundname>Mandatory::IGrid-1-g</compoundname>
    <derivedcompoundref refid="class_mandatory_1_1_grid-1-g" prot="public" virt="non-virtual">Mandatory.Grid&lt; T &gt;</derivedcompoundref>
    <templateparamlist>
      <param>
        <type>T</type>
      </param>
    </templateparamlist>
    <sectiondef kind="property">
      <memberdef kind="property" id="interface_mandatory_1_1_i_grid-1-g_1a4e3e92a81dcb9277c8826eb24922b239" prot="public" static="no" readable="no" writable="no" gettable="yes" privategettable="no" protectedgettable="no" settable="no" privatesettable="no" protectedsettable="no">
        <type>int</type>
        <definition>int Mandatory.IGrid&lt; T &gt;.Width</definition>
        <argsstring></argsstring>
        <name>Width</name>
        <qualifiedname>Mandatory.IGrid-1-g.Width</qualifiedname>
        <reimplementedby refid="class_mandatory_1_1_grid-1-g_1a69057e6aa25e414bc060a98dd495d160">Width</reimplementedby>
        <briefdescription>
        </briefdescription>
        <detaileddescription>
        </detaileddescription>
        <inbodydescription>
        </inbodydescription>
        <location file="C:/Users/Mus/Programmering/AdvancedCSharp/Mandatory/Interfaces/IGrid.cs" line="4" column="9" bodyfile="C:/Users/Mus/Programmering/AdvancedCSharp/Mandatory/Interfaces/IGrid.cs" bodystart="4" bodyend="4"/>
      </memberdef>
      <memberdef kind="property" id="interface_mandatory_1_1_i_grid-1-g_1af5b83c502ff0e8227eb1ab7da134466b" prot="public" static="no" readable="no" writable="no" gettable="yes" privategettable="no" protectedgettable="no" settable="no" privatesettable="no" protectedsettable="no">
        <type>int</type>
        <definition>int Mandatory.IGrid&lt; T &gt;.Height</definition>
        <argsstring></argsstring>
        <name>Height</name>
        <qualifiedname>Mandatory.IGrid-1-g.Height</qualifiedname>
        <reimplementedby refid="class_mandatory_1_1_grid-1-g_1ade8ecf567ca2695c7159438e95698bd5">Height</reimplementedby>
        <briefdescription>
        </briefdescription>
        <detaileddescription>
        </detaileddescription>
        <inbodydescription>
        </inbodydescription>
        <location file="C:/Users/Mus/Programmering/AdvancedCSharp/Mandatory/Interfaces/IGrid.cs" line="5" column="9" bodyfile="C:/Users/Mus/Programmering/AdvancedCSharp/Mandatory/Interfaces/IGrid.cs" bodystart="5" bodyend="5"/>
      </memberdef>
    </sectiondef>
    <sectiondef kind="public-func">
      <memberdef kind="function" id="interface_mandatory_1_1_i_grid-1-g_1a81a0ac7006eee388104f2981186b3320" prot="public" static="no" const="no" explicit="no" inline="no" virt="non-virtual">
        <type>T</type>
        <definition>T Mandatory.IGrid&lt; T &gt;.GetValue</definition>
        <argsstring>(int x, int y)</argsstring>
        <name>GetValue</name>
        <qualifiedname>Mandatory.IGrid-1-g.GetValue</qualifiedname>
        <reimplementedby refid="class_mandatory_1_1_grid-1-g_1ae4054dad14ff60d3c5e1125b5bbe301a">GetValue</reimplementedby>
        <param>
          <type>int</type>
          <declname>x</declname>
        </param>
        <param>
          <type>int</type>
          <declname>y</declname>
        </param>
        <briefdescription>
        </briefdescription>
        <detaileddescription>
        </detaileddescription>
        <inbodydescription>
        </inbodydescription>
        <location file="C:/Users/Mus/Programmering/AdvancedCSharp/Mandatory/Interfaces/IGrid.cs" line="6" column="7"/>
      </memberdef>
      <memberdef kind="function" id="interface_mandatory_1_1_i_grid-1-g_1ab41592514b1e2ef52b1d6d58ed73e0c4" prot="public" static="no" const="no" explicit="no" inline="no" virt="non-virtual">
        <type>void</type>
        <definition>void Mandatory.IGrid&lt; T &gt;.SetValue</definition>
        <argsstring>(int x, int y, T value)</argsstring>
        <name>SetValue</name>
        <qualifiedname>Mandatory.IGrid-1-g.SetValue</qualifiedname>
        <reimplementedby refid="class_mandatory_1_1_grid-1-g_1a93e859fce0bdc3ee8f02a1dfeb8309e1">SetValue</reimplementedby>
        <param>
          <type>int</type>
          <declname>x</declname>
        </param>
        <param>
          <type>int</type>
          <declname>y</declname>
        </param>
        <param>
          <type>T</type>
          <declname>value</declname>
        </param>
        <briefdescription>
        </briefdescription>
        <detaileddescription>
        </detaileddescription>
        <inbodydescription>
        </inbodydescription>
        <location file="C:/Users/Mus/Programmering/AdvancedCSharp/Mandatory/Interfaces/IGrid.cs" line="7" column="10"/>
      </memberdef>
      <memberdef kind="function" id="interface_mandatory_1_1_i_grid-1-g_1aecb72ff2fe6cc86ca66d619e52fa0e2f" prot="public" static="no" const="no" explicit="no" inline="no" virt="non-virtual">
        <type>void</type>
        <definition>void Mandatory.IGrid&lt; T &gt;.RemoveValue</definition>
        <argsstring>(int x, int y)</argsstring>
        <name>RemoveValue</name>
        <qualifiedname>Mandatory.IGrid-1-g.RemoveValue</qualifiedname>
        <reimplementedby refid="class_mandatory_1_1_grid-1-g_1a0c8aaaf5c0f04574a2dc9d84aa76b66c">RemoveValue</reimplementedby>
        <param>
          <type>int</type>
          <declname>x</declname>
        </param>
        <param>
          <type>int</type>
          <declname>y</declname>
        </param>
        <briefdescription>
        </briefdescription>
        <detaileddescription>
        </detaileddescription>
        <inbodydescription>
        </inbodydescription>
        <location file="C:/Users/Mus/Programmering/AdvancedCSharp/Mandatory/Interfaces/IGrid.cs" line="8" column="10"/>
      </memberdef>
    </sectiondef>
    <briefdescription>
    </briefdescription>
    <detaileddescription>
    </detaileddescription>
    <inheritancegraph>
      <node id="1">
        <label>Mandatory.IGrid&lt; T &gt;</label>
        <link refid="interface_mandatory_1_1_i_grid-1-g"/>
      </node>
      <node id="2">
        <label>Mandatory.Grid&lt; T &gt;</label>
        <link refid="class_mandatory_1_1_grid-1-g"/>
        <childnode refid="1" relation="public-inheritance">
        </childnode>
      </node>
    </inheritancegraph>
    <location file="C:/Users/Mus/Programmering/AdvancedCSharp/Mandatory/Interfaces/IGrid.cs" line="3" column="18" bodyfile="C:/Users/Mus/Programmering/AdvancedCSharp/Mandatory/Interfaces/IGrid.cs" bodystart="3" bodyend="9"/>
    <listofallmembers>
      <member refid="interface_mandatory_1_1_i_grid-1-g_1a81a0ac7006eee388104f2981186b3320" prot="public" virt="non-virtual"><scope>Mandatory::IGrid-1-g</scope><name>GetValue</name></member>
      <member refid="interface_mandatory_1_1_i_grid-1-g_1af5b83c502ff0e8227eb1ab7da134466b" prot="public" virt="non-virtual"><scope>Mandatory::IGrid-1-g</scope><name>Height</name></member>
      <member refid="interface_mandatory_1_1_i_grid-1-g_1aecb72ff2fe6cc86ca66d619e52fa0e2f" prot="public" virt="non-virtual"><scope>Mandatory::IGrid-1-g</scope><name>RemoveValue</name></member>
      <member refid="interface_mandatory_1_1_i_grid-1-g_1ab41592514b1e2ef52b1d6d58ed73e0c4" prot="public" virt="non-virtual"><scope>Mandatory::IGrid-1-g</scope><name>SetValue</name></member>
      <member refid="interface_mandatory_1_1_i_grid-1-g_1a4e3e92a81dcb9277c8826eb24922b239" prot="public" virt="non-virtual"><scope>Mandatory::IGrid-1-g</scope><name>Width</name></member>
    </listofallmembers>
  </compounddef>
</doxygen>
