<?xml version='1.0' encoding='UTF-8' standalone='no'?>
<doxygen xmlns:xsi="http://www.w3.org/2001/XMLSchema-instance" xsi:noNamespaceSchemaLocation="compound.xsd" version="1.15.0" xml:lang="en-US">
  <compounddef id="interface_mandatory_1_1_i_armor" kind="interface" language="C#" prot="public">
    <compoundname>Mandatory::IArmor</compoundname>
    <basecompoundref refid="interface_mandatory_1_1_i_world_object" prot="public" virt="non-virtual">Mandatory.IWorldObject</basecompoundref>
    <derivedcompoundref refid="class_mandatory_1_1_armor_collection" prot="public" virt="non-virtual">Mandatory.ArmorCollection</derivedcompoundref>
    <derivedcompoundref refid="class_mandatory_1_1_defence_item" prot="public" virt="non-virtual">Mandatory.DefenceItem</derivedcompoundref>
    <derivedcompoundref refid="class_mandatory_1_1_defence_item_decorator" prot="public" virt="non-virtual">Mandatory.DefenceItemDecorator</derivedcompoundref>
    <sectiondef kind="property">
      <memberdef kind="property" id="interface_mandatory_1_1_i_armor_1a30b4f3f4ce42bc471a5c0f9f069cb428" prot="public" static="no" readable="no" writable="no" gettable="yes" privategettable="no" protectedgettable="no" settable="yes" privatesettable="no" protectedsettable="no">
        <type>ArmorSlot</type>
        <definition>ArmorSlot Mandatory.IArmor.ArmorSlot</definition>
        <argsstring></argsstring>
        <name>ArmorSlot</name>
        <qualifiedname>Mandatory.IArmor.ArmorSlot</qualifiedname>
        <reimplementedby refid="class_mandatory_1_1_armor_collection_1a1ae3739975b6a075e59b197ea6a5c18b">ArmorSlot</reimplementedby>
        <reimplementedby refid="class_mandatory_1_1_defence_item_1afc7d1058978dffddafbc7e03e5136b22">ArmorSlot</reimplementedby>
        <reimplementedby refid="class_mandatory_1_1_defence_item_decorator_1ad0358274dd13f480d3959a5c4f7e7589">ArmorSlot</reimplementedby>
        <briefdescription>
        </briefdescription>
        <detaileddescription>
        </detaileddescription>
        <inbodydescription>
        </inbodydescription>
        <location file="C:/Users/Mus/Programmering/AdvancedCSharp/Mandatory/Interfaces/IArmor.cs" line="4" column="15" bodyfile="C:/Users/Mus/Programmering/AdvancedCSharp/Mandatory/Interfaces/IArmor.cs" bodystart="4" bodyend="4"/>
      </memberdef>
    </sectiondef>
    <sectiondef kind="public-func">
      <memberdef kind="function" id="interface_mandatory_1_1_i_armor_1a9871f89d8f5c40bb1ee060045e910c2f" prot="public" static="no" const="no" explicit="no" inline="no" virt="non-virtual">
        <type>int</type>
        <definition>int Mandatory.IArmor.GetTotalDefencePoint</definition>
        <argsstring>()</argsstring>
        <name>GetTotalDefencePoint</name>
        <qualifiedname>Mandatory.IArmor.GetTotalDefencePoint</qualifiedname>
        <reimplementedby refid="class_mandatory_1_1_armor_1ab594c7fdb77a1b8fe1084bf840d34569">GetTotalDefencePoint</reimplementedby>
        <reimplementedby refid="class_mandatory_1_1_armor_collection_1aaaed361ae9aa02b282f1be21526f0459">GetTotalDefencePoint</reimplementedby>
        <reimplementedby refid="class_mandatory_1_1_defence_item_1a51293f9dbf26e685097d85d1e270e97f">GetTotalDefencePoint</reimplementedby>
        <reimplementedby refid="class_mandatory_1_1_defence_item_decorator_1a1d3618cd987f06d4c05ff1ca95442ac1">GetTotalDefencePoint</reimplementedby>
        <briefdescription>
        </briefdescription>
        <detaileddescription>
        </detaileddescription>
        <inbodydescription>
        </inbodydescription>
        <location file="C:/Users/Mus/Programmering/AdvancedCSharp/Mandatory/Interfaces/IArmor.cs" line="5" column="9"/>
      </memberdef>
    </sectiondef>
    <briefdescription>
    </briefdescription>
    <detaileddescription>
    </detaileddescription>
    <inheritancegraph>
      <node id="4">
        <label>IDisposable</label>
      </node>
      <node id="1">
        <label>Mandatory.IArmor</label>
        <link refid="interface_mandatory_1_1_i_armor"/>
        <childnode refid="2" relation="public-inheritance">
        </childnode>
      </node>
      <node id="8">
        <label>Mandatory.Armor</label>
        <link refid="class_mandatory_1_1_armor"/>
        <childnode refid="7" relation="public-inheritance">
        </childnode>
      </node>
      <node id="6">
        <label>Mandatory.ArmorCollection</label>
        <link refid="class_mandatory_1_1_armor_collection"/>
        <childnode refid="1" relation="public-inheritance">
        </childnode>
      </node>
      <node id="7">
        <label>Mandatory.DefenceItem</label>
        <link refid="class_mandatory_1_1_defence_item"/>
        <childnode refid="1" relation="public-inheritance">
        </childnode>
      </node>
      <node id="9">
        <label>Mandatory.DefenceItemDecorator</label>
        <link refid="class_mandatory_1_1_defence_item_decorator"/>
        <childnode refid="1" relation="public-inheritance">
        </childnode>
      </node>
      <node id="3">
        <label>Mandatory.IGameObject</label>
        <link refid="interface_mandatory_1_1_i_game_object"/>
        <childnode refid="4" relation="public-inheritance">
        </childnode>
      </node>
      <node id="5">
        <label>Mandatory.ITransform</label>
        <link refid="interface_mandatory_1_1_i_transform"/>
      </node>
      <node id="2">
        <label>Mandatory.IWorldObject</label>
        <link refid="interface_mandatory_1_1_i_world_object"/>
        <childnode refid="3" relation="public-inheritance">
        </childnode>
        <childnode refid="5" relation="public-inheritance">
        </childnode>
      </node>
    </inheritancegraph>
    <collaborationgraph>
      <node id="4">
        <label>IDisposable</label>
      </node>
      <node id="1">
        <label>Mandatory.IArmor</label>
        <link refid="interface_mandatory_1_1_i_armor"/>
        <childnode refid="2" relation="public-inheritance">
        </childnode>
      </node>
      <node id="3">
        <label>Mandatory.IGameObject</label>
        <link refid="interface_mandatory_1_1_i_game_object"/>
        <childnode refid="4" relation="public-inheritance">
        </childnode>
      </node>
      <node id="5">
        <label>Mandatory.ITransform</label>
        <link refid="interface_mandatory_1_1_i_transform"/>
      </node>
      <node id="2">
        <label>Mandatory.IWorldObject</label>
        <link refid="interface_mandatory_1_1_i_world_object"/>
        <childnode refid="3" relation="public-inheritance">
        </childnode>
        <childnode refid="5" relation="public-inheritance">
        </childnode>
      </node>
    </collaborationgraph>
    <location file="C:/Users/Mus/Programmering/AdvancedCSharp/Mandatory/Interfaces/IArmor.cs" line="3" column="18" bodyfile="C:/Users/Mus/Programmering/AdvancedCSharp/Mandatory/Interfaces/IArmor.cs" bodystart="3" bodyend="6"/>
    <listofallmembers>
      <member refid="interface_mandatory_1_1_i_armor_1a30b4f3f4ce42bc471a5c0f9f069cb428" prot="public" virt="non-virtual"><scope>Mandatory::IArmor</scope><name>ArmorSlot</name></member>
      <member refid="interface_mandatory_1_1_i_armor_1a9871f89d8f5c40bb1ee060045e910c2f" prot="public" virt="non-virtual"><scope>Mandatory::IArmor</scope><name>GetTotalDefencePoint</name></member>
      <member refid="interface_mandatory_1_1_i_game_object_1a549268d62408a0fa0af6802d81869940" prot="public" virt="non-virtual"><scope>Mandatory::IArmor</scope><name>Lootable</name></member>
      <member refid="interface_mandatory_1_1_i_game_object_1a42aa80381992f8d7f3b43ed206876f06" prot="public" virt="non-virtual"><scope>Mandatory::IArmor</scope><name>Name</name></member>
      <member refid="interface_mandatory_1_1_i_transform_1a045d5ec083352905363be26d5f676b51" prot="public" virt="non-virtual"><scope>Mandatory::IArmor</scope><name>Position</name></member>
      <member refid="interface_mandatory_1_1_i_game_object_1aaf05885daf8cca71768aa10deac2ac54" prot="public" virt="non-virtual"><scope>Mandatory::IArmor</scope><name>Removeable</name></member>
    </listofallmembers>
  </compounddef>
</doxygen>
