<?xml version='1.0' encoding='UTF-8' standalone='no'?>
<doxygen xmlns:xsi="http://www.w3.org/2001/XMLSchema-instance" xsi:noNamespaceSchemaLocation="compound.xsd" version="1.15.0" xml:lang="en-US">
  <compounddef id="interface_mandatory_1_1_i_armor_mod_target" kind="interface" language="C#" prot="public">
    <compoundname>Mandatory::IArmorModTarget</compoundname>
    <derivedcompoundref refid="class_mandatory_1_1_armor" prot="public" virt="non-virtual">Mandatory.Armor</derivedcompoundref>
    <sectiondef kind="public-func">
      <memberdef kind="function" id="interface_mandatory_1_1_i_armor_mod_target_1a702aa29ca7f59157df1890cb405dea4d" prot="public" static="no" const="no" explicit="no" inline="no" virt="non-virtual">
        <type>void</type>
        <definition>void Mandatory.IArmorModTarget.ChangeArmorValue</definition>
        <argsstring>(int amount)</argsstring>
        <name>ChangeArmorValue</name>
        <qualifiedname>Mandatory.IArmorModTarget.ChangeArmorValue</qualifiedname>
        <reimplementedby refid="class_mandatory_1_1_armor_1ae097f811be2f76aad747fc8c60a12c81">ChangeArmorValue</reimplementedby>
        <param>
          <type>int</type>
          <declname>amount</declname>
        </param>
        <briefdescription>
        </briefdescription>
        <detaileddescription>
        </detaileddescription>
        <inbodydescription>
        </inbodydescription>
        <location file="C:/Users/Mus/Programmering/AdvancedCSharp/Mandatory/Interfaces/IArmorModTarget.cs" line="4" column="10"/>
      </memberdef>
    </sectiondef>
    <briefdescription>
    </briefdescription>
    <detaileddescription>
    </detaileddescription>
    <inheritancegraph>
      <node id="1">
        <label>Mandatory.IArmorModTarget</label>
        <link refid="interface_mandatory_1_1_i_armor_mod_target"/>
      </node>
      <node id="2">
        <label>Mandatory.Armor</label>
        <link refid="class_mandatory_1_1_armor"/>
        <childnode refid="1" relation="public-inheritance">
        </childnode>
      </node>
    </inheritancegraph>
    <location file="C:/Users/Mus/Programmering/AdvancedCSharp/Mandatory/Interfaces/IArmorModTarget.cs" line="3" column="18" bodyfile="C:/Users/Mus/Programmering/AdvancedCSharp/Mandatory/Interfaces/IArmorModTarget.cs" bodystart="3" bodyend="5"/>
    <listofallmembers>
      <member refid="interface_mandatory_1_1_i_armor_mod_target_1a702aa29ca7f59157df1890cb405dea4d" prot="public" virt="non-virtual"><scope>Mandatory::IArmorModTarget</scope><name>ChangeArmorValue</name></member>
    </listofallmembers>
  </compounddef>
</doxygen>
