<?xml version='1.0' encoding='UTF-8' standalone='no'?>
<doxygen xmlns:xsi="http://www.w3.org/2001/XMLSchema-instance" xsi:noNamespaceSchemaLocation="compound.xsd" version="1.15.0" xml:lang="en-US">
  <compounddef id="interface_mandatory_1_1_i_world_object" kind="interface" language="C#" prot="public">
    <compoundname>Mandatory::IWorldObject</compoundname>
    <basecompoundref refid="interface_mandatory_1_1_i_game_object" prot="public" virt="non-virtual">Mandatory.IGameObject</basecompoundref>
    <basecompoundref refid="interface_mandatory_1_1_i_transform" prot="public" virt="non-virtual">Mandatory.ITransform</basecompoundref>
    <derivedcompoundref refid="interface_mandatory_1_1_i_armor" prot="public" virt="non-virtual">Mandatory.IArmor</derivedcompoundref>
    <derivedcompoundref refid="interface_mandatory_1_1_i_creature" prot="public" virt="non-virtual">Mandatory.ICreature</derivedcompoundref>
    <derivedcompoundref refid="interface_mandatory_1_1_i_weapon" prot="public" virt="non-virtual">Mandatory.IWeapon</derivedcompoundref>
    <briefdescription>
    </briefdescription>
    <detaileddescription>
    </detaileddescription>
    <inheritancegraph>
      <node id="3">
        <label>IDisposable</label>
      </node>
      <node id="1">
        <label>Mandatory.IWorldObject</label>
        <link refid="interface_mandatory_1_1_i_world_object"/>
        <childnode refid="2" relation="public-inheritance">
        </childnode>
        <childnode refid="4" relation="public-inheritance">
        </childnode>
      </node>
      <node id="8">
        <label>Mandatory.Armor</label>
        <link refid="class_mandatory_1_1_armor"/>
        <childnode refid="7" relation="public-inheritance">
        </childnode>
      </node>
      <node id="6">
        <label>Mandatory.ArmorCollection</label>
        <link refid="class_mandatory_1_1_armor_collection"/>
        <childnode refid="5" relation="public-inheritance">
        </childnode>
      </node>
      <node id="13">
        <label>Mandatory.AttackItem</label>
        <link refid="class_mandatory_1_1_attack_item"/>
        <childnode refid="12" relation="public-inheritance">
        </childnode>
      </node>
      <node id="11">
        <label>Mandatory.Creature</label>
        <link refid="class_mandatory_1_1_creature"/>
        <childnode refid="10" relation="public-inheritance">
        </childnode>
      </node>
      <node id="7">
        <label>Mandatory.DefenceItem</label>
        <link refid="class_mandatory_1_1_defence_item"/>
        <childnode refid="5" relation="public-inheritance">
        </childnode>
      </node>
      <node id="9">
        <label>Mandatory.DefenceItemDecorator</label>
        <link refid="class_mandatory_1_1_defence_item_decorator"/>
        <childnode refid="5" relation="public-inheritance">
        </childnode>
      </node>
      <node id="5">
        <label>Mandatory.IArmor</label>
        <link refid="interface_mandatory_1_1_i_armor"/>
        <childnode refid="1" relation="public-inheritance">
        </childnode>
      </node>
      <node id="10">
        <label>Mandatory.ICreature</label>
        <link refid="interface_mandatory_1_1_i_creature"/>
        <childnode refid="1" relation="public-inheritance">
        </childnode>
      </node>
      <node id="2">
        <label>Mandatory.IGameObject</label>
        <link refid="interface_mandatory_1_1_i_game_object"/>
        <childnode refid="3" relation="public-inheritance">
        </childnode>
      </node>
      <node id="4">
        <label>Mandatory.ITransform</label>
        <link refid="interface_mandatory_1_1_i_transform"/>
      </node>
      <node id="12">
        <label>Mandatory.IWeapon</label>
        <link refid="interface_mandatory_1_1_i_weapon"/>
        <childnode refid="1" relation="public-inheritance">
        </childnode>
      </node>
      <node id="15">
        <label>Mandatory.OffenceItemDecorator</label>
        <link refid="class_mandatory_1_1_offence_item_decorator"/>
        <childnode refid="12" relation="public-inheritance">
        </childnode>
      </node>
      <node id="14">
        <label>Mandatory.Weapon</label>
        <link refid="class_mandatory_1_1_weapon"/>
        <childnode refid="13" relation="public-inheritance">
        </childnode>
      </node>
      <node id="16">
        <label>Mandatory.WeaponCollection</label>
        <link refid="class_mandatory_1_1_weapon_collection"/>
        <childnode refid="12" relation="public-inheritance">
        </childnode>
      </node>
    </inheritancegraph>
    <collaborationgraph>
      <node id="3">
        <label>IDisposable</label>
      </node>
      <node id="1">
        <label>Mandatory.IWorldObject</label>
        <link refid="interface_mandatory_1_1_i_world_object"/>
        <childnode refid="2" relation="public-inheritance">
        </childnode>
        <childnode refid="4" relation="public-inheritance">
        </childnode>
      </node>
      <node id="2">
        <label>Mandatory.IGameObject</label>
        <link refid="interface_mandatory_1_1_i_game_object"/>
        <childnode refid="3" relation="public-inheritance">
        </childnode>
      </node>
      <node id="4">
        <label>Mandatory.ITransform</label>
        <link refid="interface_mandatory_1_1_i_transform"/>
      </node>
    </collaborationgraph>
    <location file="C:/Users/Mus/Programmering/AdvancedCSharp/Mandatory/Interfaces/IWorldObject.cs" line="3" column="18" bodyfile="C:/Users/Mus/Programmering/AdvancedCSharp/Mandatory/Interfaces/IWorldObject.cs" bodystart="3" bodyend="4"/>
    <listofallmembers>
      <member refid="interface_mandatory_1_1_i_game_object_1a549268d62408a0fa0af6802d81869940" prot="public" virt="non-virtual"><scope>Mandatory::IWorldObject</scope><name>Lootable</name></member>
      <member refid="interface_mandatory_1_1_i_game_object_1a42aa80381992f8d7f3b43ed206876f06" prot="public" virt="non-virtual"><scope>Mandatory::IWorldObject</scope><name>Name</name></member>
      <member refid="interface_mandatory_1_1_i_transform_1a045d5ec083352905363be26d5f676b51" prot="public" virt="non-virtual"><scope>Mandatory::IWorldObject</scope><name>Position</name></member>
      <member refid="interface_mandatory_1_1_i_game_object_1aaf05885daf8cca71768aa10deac2ac54" prot="public" virt="non-virtual"><scope>Mandatory::IWorldObject</scope><name>Removeable</name></member>
    </listofallmembers>
  </compounddef>
</doxygen>
