<?xml version='1.0' encoding='UTF-8' standalone='no'?>
<doxygen xmlns:xsi="http://www.w3.org/2001/XMLSchema-instance" xsi:noNamespaceSchemaLocation="compound.xsd" version="1.15.0" xml:lang="en-US">
  <compounddef id="interface_mandatory_1_1_i_take_turn" kind="interface" language="C#" prot="public">
    <compoundname>Mandatory::ITakeTurn</compoundname>
    <derivedcompoundref refid="interface_mandatory_1_1_i_creature" prot="public" virt="non-virtual">Mandatory.ICreature</derivedcompoundref>
    <sectiondef kind="public-func">
      <memberdef kind="function" id="interface_mandatory_1_1_i_take_turn_1a607baacf49670964864b5b010f51fcfe" prot="public" static="no" const="no" explicit="no" inline="no" virt="non-virtual">
        <type>void</type>
        <definition>void Mandatory.ITakeTurn.TakeTurn</definition>
        <argsstring>()</argsstring>
        <name>TakeTurn</name>
        <qualifiedname>Mandatory.ITakeTurn.TakeTurn</qualifiedname>
        <reimplementedby refid="class_mandatory_1_1_creature_1a373f29c8655245f6df5959136c119cb1">TakeTurn</reimplementedby>
        <briefdescription>
        </briefdescription>
        <detaileddescription>
        </detaileddescription>
        <inbodydescription>
        </inbodydescription>
        <location file="C:/Users/Mus/Programmering/AdvancedCSharp/Mandatory/Interfaces/Creature/ITakeTurn.cs" line="4" column="10"/>
      </memberdef>
    </sectiondef>
    <briefdescription>
    </briefdescription>
    <detaileddescription>
    </detaileddescription>
    <inheritancegraph>
      <node id="1">
        <label>Mandatory.ITakeTurn</label>
        <link refid="interface_mandatory_1_1_i_take_turn"/>
      </node>
      <node id="3">
        <label>Mandatory.Creature</label>
        <link refid="class_mandatory_1_1_creature"/>
        <childnode refid="2" relation="public-inheritance">
        </childnode>
      </node>
      <node id="2">
        <label>Mandatory.ICreature</label>
        <link refid="interface_mandatory_1_1_i_creature"/>
        <childnode refid="1" relation="public-inheritance">
        </childnode>
      </node>
    </inheritancegraph>
    <location file="C:/Users/Mus/Programmering/AdvancedCSharp/Mandatory/Interfaces/Creature/ITakeTurn.cs" line="3" column="18" bodyfile="C:/Users/Mus/Programmering/AdvancedCSharp/Mandatory/Interfaces/Creature/ITakeTurn.cs" bodystart="3" bodyend="5"/>
    <listofallmembers>
      <member refid="interface_mandatory_1_1_i_take_turn_1a607baacf49670964864b5b010f51fcfe" prot="public" virt="non-virtual"><scope>Mandatory::ITakeTurn</scope><name>TakeTurn</name></member>
    </listofallmembers>
  </compounddef>
</doxygen>
