<?xml version='1.0' encoding='UTF-8' standalone='no'?>
<doxygen xmlns:xsi="http://www.w3.org/2001/XMLSchema-instance" xsi:noNamespaceSchemaLocation="compound.xsd" version="1.15.0" xml:lang="en-US">
  <compounddef id="interface_mandatory_1_1_i_attack" kind="interface" language="C#" prot="public">
    <compoundname>Mandatory::IAttack</compoundname>
    <derivedcompoundref refid="class_mandatory_1_1_creature" prot="public" virt="non-virtual">Mandatory.Creature</derivedcompoundref>
    <sectiondef kind="public-func">
      <memberdef kind="function" id="interface_mandatory_1_1_i_attack_1aa59d675c76548f58fbafad8e7cfce347" prot="public" static="no" const="no" explicit="no" inline="no" virt="non-virtual">
        <type>void</type>
        <definition>void Mandatory.IAttack.RecieveHit</definition>
        <argsstring>(int hit)</argsstring>
        <name>RecieveHit</name>
        <qualifiedname>Mandatory.IAttack.RecieveHit</qualifiedname>
        <reimplementedby refid="class_mandatory_1_1_creature_1a544535d59af628ec7f3755b3f3bdb5c2">RecieveHit</reimplementedby>
        <param>
          <type>int</type>
          <declname>hit</declname>
        </param>
        <briefdescription>
        </briefdescription>
        <detaileddescription>
        </detaileddescription>
        <inbodydescription>
        </inbodydescription>
        <location file="C:/Users/Mus/Programmering/AdvancedCSharp/Mandatory/Interfaces/Creature/IAttack.cs" line="4" column="10"/>
      </memberdef>
      <memberdef kind="function" id="interface_mandatory_1_1_i_attack_1a1879c30bddffc2055d4503c728574686" prot="public" static="no" const="no" explicit="no" inline="no" virt="non-virtual">
        <type>void</type>
        <definition>void Mandatory.IAttack.Attack</definition>
        <argsstring>()</argsstring>
        <name>Attack</name>
        <qualifiedname>Mandatory.IAttack.Attack</qualifiedname>
        <reimplementedby refid="class_mandatory_1_1_creature_1aa0452d53783cfee3d11b34f943e443a0">Attack</reimplementedby>
        <briefdescription>
        </briefdescription>
        <detaileddescription>
        </detaileddescription>
        <inbodydescription>
        </inbodydescription>
        <location file="C:/Users/Mus/Programmering/AdvancedCSharp/Mandatory/Interfaces/Creature/IAttack.cs" line="5" column="10"/>
      </memberdef>
      <memberdef kind="function" id="interface_mandatory_1_1_i_attack_1a3c7dd8bb7bf6cc8104ace8860b0c2f51" prot="public" static="no" const="no" explicit="no" inline="no" virt="non-virtual">
        <type>int</type>
        <definition>int Mandatory.IAttack.GetTotalDefence</definition>
        <argsstring>()</argsstring>
        <name>GetTotalDefence</name>
        <qualifiedname>Mandatory.IAttack.GetTotalDefence</qualifiedname>
        <reimplementedby refid="class_mandatory_1_1_creature_1a8fb5fc6140a41a62c8cb27d34cc6c8e9">GetTotalDefence</reimplementedby>
        <briefdescription>
        </briefdescription>
        <detaileddescription>
        </detaileddescription>
        <inbodydescription>
        </inbodydescription>
        <location file="C:/Users/Mus/Programmering/AdvancedCSharp/Mandatory/Interfaces/Creature/IAttack.cs" line="6" column="9"/>
      </memberdef>
      <memberdef kind="function" id="interface_mandatory_1_1_i_attack_1a8658e71dcaf3de1a7803ee60d5b9d2f8" prot="public" static="no" const="no" explicit="no" inline="no" virt="non-virtual">
        <type>int</type>
        <definition>int Mandatory.IAttack.GetTotalOffence</definition>
        <argsstring>()</argsstring>
        <name>GetTotalOffence</name>
        <qualifiedname>Mandatory.IAttack.GetTotalOffence</qualifiedname>
        <reimplementedby refid="class_mandatory_1_1_creature_1a45dec3cc04dbe715fe120c3d9f769415">GetTotalOffence</reimplementedby>
        <briefdescription>
        </briefdescription>
        <detaileddescription>
        </detaileddescription>
        <inbodydescription>
        </inbodydescription>
        <location file="C:/Users/Mus/Programmering/AdvancedCSharp/Mandatory/Interfaces/Creature/IAttack.cs" line="7" column="9"/>
      </memberdef>
    </sectiondef>
    <briefdescription>
    </briefdescription>
    <detaileddescription>
    </detaileddescription>
    <inheritancegraph>
      <node id="1">
        <label>Mandatory.IAttack</label>
        <link refid="interface_mandatory_1_1_i_attack"/>
      </node>
      <node id="2">
        <label>Mandatory.Creature</label>
        <link refid="class_mandatory_1_1_creature"/>
        <childnode refid="1" relation="public-inheritance">
        </childnode>
      </node>
    </inheritancegraph>
    <location file="C:/Users/Mus/Programmering/AdvancedCSharp/Mandatory/Interfaces/Creature/IAttack.cs" line="3" column="18" bodyfile="C:/Users/Mus/Programmering/AdvancedCSharp/Mandatory/Interfaces/Creature/IAttack.cs" bodystart="3" bodyend="8"/>
    <listofallmembers>
      <member refid="interface_mandatory_1_1_i_attack_1a1879c30bddffc2055d4503c728574686" prot="public" virt="non-virtual"><scope>Mandatory::IAttack</scope><name>Attack</name></member>
      <member refid="interface_mandatory_1_1_i_attack_1a3c7dd8bb7bf6cc8104ace8860b0c2f51" prot="public" virt="non-virtual"><scope>Mandatory::IAttack</scope><name>GetTotalDefence</name></member>
      <member refid="interface_mandatory_1_1_i_attack_1a8658e71dcaf3de1a7803ee60d5b9d2f8" prot="public" virt="non-virtual"><scope>Mandatory::IAttack</scope><name>GetTotalOffence</name></member>
      <member refid="interface_mandatory_1_1_i_attack_1aa59d675c76548f58fbafad8e7cfce347" prot="public" virt="non-virtual"><scope>Mandatory::IAttack</scope><name>RecieveHit</name></member>
    </listofallmembers>
  </compounddef>
</doxygen>
