<?xml version='1.0' encoding='UTF-8' standalone='no'?>
<doxygen xmlns:xsi="http://www.w3.org/2001/XMLSchema-instance" xsi:noNamespaceSchemaLocation="compound.xsd" version="1.15.0" xml:lang="en-US">
  <compounddef id="interface_mandatory_1_1_i_get_armor_point" kind="interface" language="C#" prot="public">
    <compoundname>Mandatory::IGetArmorPoint</compoundname>
    <sectiondef kind="public-func">
      <memberdef kind="function" id="interface_mandatory_1_1_i_get_armor_point_1aa4c8cf80937c0b2dbc79d8f19b08af71" prot="public" static="no" const="no" explicit="no" inline="no" virt="non-virtual">
        <type>int</type>
        <definition>int Mandatory.IGetArmorPoint.GetArmorPoint</definition>
        <argsstring>()</argsstring>
        <name>GetArmorPoint</name>
        <qualifiedname>Mandatory.IGetArmorPoint.GetArmorPoint</qualifiedname>
        <briefdescription>
        </briefdescription>
        <detaileddescription>
        </detaileddescription>
        <inbodydescription>
        </inbodydescription>
        <location file="C:/Users/Mus/Programmering/AdvancedCSharp/Mandatory/Interfaces/IGetArmorPoint.cs" line="4" column="18"/>
      </memberdef>
    </sectiondef>
    <briefdescription>
    </briefdescription>
    <detaileddescription>
    </detaileddescription>
    <location file="C:/Users/Mus/Programmering/AdvancedCSharp/Mandatory/Interfaces/IGetArmorPoint.cs" line="3" column="18" bodyfile="C:/Users/Mus/Programmering/AdvancedCSharp/Mandatory/Interfaces/IGetArmorPoint.cs" bodystart="3" bodyend="5"/>
    <listofallmembers>
      <member refid="interface_mandatory_1_1_i_get_armor_point_1aa4c8cf80937c0b2dbc79d8f19b08af71" prot="public" virt="non-virtual"><scope>Mandatory::IGetArmorPoint</scope><name>GetArmorPoint</name></member>
    </listofallmembers>
  </compounddef>
</doxygen>
