<?xml version='1.0' encoding='UTF-8' standalone='no'?>
<doxygen xmlns:xsi="http://www.w3.org/2001/XMLSchema-instance" xsi:noNamespaceSchemaLocation="compound.xsd" version="1.15.0" xml:lang="en-US">
  <compounddef id="interface_mandatory_1_1_i_config_file_reader" kind="interface" language="C#" prot="public">
    <compoundname>Mandatory::IConfigFileReader</compoundname>
    <derivedcompoundref refid="class_mandatory_1_1_config_file_reader" prot="public" virt="non-virtual">Mandatory.ConfigFileReader</derivedcompoundref>
    <sectiondef kind="public-func">
      <memberdef kind="function" id="interface_mandatory_1_1_i_config_file_reader_1a06307810b9516a6aa6b83d02385ae026" prot="public" static="no" const="no" explicit="no" inline="no" virt="non-virtual">
        <type>void</type>
        <definition>void Mandatory.IConfigFileReader.GetWorldDimensions</definition>
        <argsstring>(out Size worldDimension)</argsstring>
        <name>GetWorldDimensions</name>
        <qualifiedname>Mandatory.IConfigFileReader.GetWorldDimensions</qualifiedname>
        <reimplementedby refid="class_mandatory_1_1_config_file_reader_1abc84aa7da74c361cd83254eabb065b7b">GetWorldDimensions</reimplementedby>
        <param>
          <type>out <ref refid="struct_mandatory_1_1_size" kindref="compound">Size</ref></type>
          <declname>worldDimension</declname>
        </param>
        <briefdescription>
        </briefdescription>
        <detaileddescription>
        </detaileddescription>
        <inbodydescription>
        </inbodydescription>
        <location file="C:/Users/Mus/Programmering/AdvancedCSharp/Mandatory/Interfaces/IConfigFileReader.cs" line="4" column="10"/>
      </memberdef>
    </sectiondef>
    <briefdescription>
    </briefdescription>
    <detaileddescription>
    </detaileddescription>
    <inheritancegraph>
      <node id="1">
        <label>Mandatory.IConfigFileReader</label>
        <link refid="interface_mandatory_1_1_i_config_file_reader"/>
      </node>
      <node id="2">
        <label>Mandatory.ConfigFileReader</label>
        <link refid="class_mandatory_1_1_config_file_reader"/>
        <childnode refid="1" relation="public-inheritance">
        </childnode>
      </node>
    </inheritancegraph>
    <location file="C:/Users/Mus/Programmering/AdvancedCSharp/Mandatory/Interfaces/IConfigFileReader.cs" line="3" column="18" bodyfile="C:/Users/Mus/Programmering/AdvancedCSharp/Mandatory/Interfaces/IConfigFileReader.cs" bodystart="3" bodyend="5"/>
    <listofallmembers>
      <member refid="interface_mandatory_1_1_i_config_file_reader_1a06307810b9516a6aa6b83d02385ae026" prot="public" virt="non-virtual"><scope>Mandatory::IConfigFileReader</scope><name>GetWorldDimensions</name></member>
    </listofallmembers>
  </compounddef>
</doxygen>
