<?xml version='1.0' encoding='UTF-8' standalone='no'?>
<doxygen xmlns:xsi="http://www.w3.org/2001/XMLSchema-instance" xsi:noNamespaceSchemaLocation="compound.xsd" version="1.15.0" xml:lang="en-US">
  <compounddef id="interface_mandatory_1_1_i_decrease_armor_value" kind="interface" language="C#" prot="public">
    <compoundname>Mandatory::IDecreaseArmorValue</compoundname>
    <sectiondef kind="public-func">
      <memberdef kind="function" id="interface_mandatory_1_1_i_decrease_armor_value_1acbf2e13a98fd8b8e3fd08de985df4c23" prot="public" static="no" const="no" explicit="no" inline="no" virt="non-virtual">
        <type>void</type>
        <definition>void Mandatory.IDecreaseArmorValue.DecreaseArmorValue</definition>
        <argsstring>(IArmorModTarget target, int amount)</argsstring>
        <name>DecreaseArmorValue</name>
        <qualifiedname>Mandatory.IDecreaseArmorValue.DecreaseArmorValue</qualifiedname>
        <param>
          <type><ref refid="interface_mandatory_1_1_i_armor_mod_target" kindref="compound">IArmorModTarget</ref></type>
          <declname>target</declname>
        </param>
        <param>
          <type>int</type>
          <declname>amount</declname>
        </param>
        <briefdescription>
        </briefdescription>
        <detaileddescription>
        </detaileddescription>
        <inbodydescription>
        </inbodydescription>
        <location file="C:/Users/Mus/Programmering/AdvancedCSharp/Mandatory/Interfaces/IDecreaseArmorValue.cs" line="4" column="10"/>
      </memberdef>
    </sectiondef>
    <briefdescription>
    </briefdescription>
    <detaileddescription>
    </detaileddescription>
    <location file="C:/Users/Mus/Programmering/AdvancedCSharp/Mandatory/Interfaces/IDecreaseArmorValue.cs" line="3" column="18" bodyfile="C:/Users/Mus/Programmering/AdvancedCSharp/Mandatory/Interfaces/IDecreaseArmorValue.cs" bodystart="3" bodyend="5"/>
    <listofallmembers>
      <member refid="interface_mandatory_1_1_i_decrease_armor_value_1acbf2e13a98fd8b8e3fd08de985df4c23" prot="public" virt="non-virtual"><scope>Mandatory::IDecreaseArmorValue</scope><name>DecreaseArmorValue</name></member>
    </listofallmembers>
  </compounddef>
</doxygen>
