<?xml version='1.0' encoding='UTF-8' standalone='no'?>
<doxygen xmlns:xsi="http://www.w3.org/2001/XMLSchema-instance" xsi:noNamespaceSchemaLocation="compound.xsd" version="1.15.0" xml:lang="en-US">
  <compounddef id="namespace_mandatory" kind="namespace" language="C#">
    <compoundname>Mandatory</compoundname>
    <innerclass refid="class_mandatory_1_1_armor" prot="public">Mandatory::Armor</innerclass>
    <innerclass refid="class_mandatory_1_1_armor_collection" prot="public">Mandatory::ArmorCollection</innerclass>
    <innerclass refid="class_mandatory_1_1_attack_item" prot="public">Mandatory::AttackItem</innerclass>
    <innerclass refid="class_mandatory_1_1_creature" prot="public">Mandatory::Creature</innerclass>
    <innerclass refid="class_mandatory_1_1_defence_item" prot="public">Mandatory::DefenceItem</innerclass>
    <innerclass refid="class_mandatory_1_1_defence_item_decorator" prot="public">Mandatory::DefenceItemDecorator</innerclass>
    <innerclass refid="class_mandatory_1_1_game_object" prot="public">Mandatory::GameObject</innerclass>
    <innerclass refid="class_mandatory_1_1_game_object_factory" prot="public">Mandatory::GameObjectFactory</innerclass>
    <innerclass refid="class_mandatory_1_1_grid-1-g" prot="public">Mandatory::Grid-1-g</innerclass>
    <innerclass refid="interface_mandatory_1_1_i_attack" prot="public">Mandatory::IAttack</innerclass>
    <innerclass refid="interface_mandatory_1_1_i_creature" prot="public">Mandatory::ICreature</innerclass>
    <innerclass refid="interface_mandatory_1_1_i_loot" prot="public">Mandatory::ILoot</innerclass>
    <innerclass refid="interface_mandatory_1_1_i_moveable" prot="public">Mandatory::IMoveable</innerclass>
    <innerclass refid="interface_mandatory_1_1_i_select_target" prot="public">Mandatory::ISelectTarget</innerclass>
    <innerclass refid="interface_mandatory_1_1_i_take_turn" prot="public">Mandatory::ITakeTurn</innerclass>
    <innerclass refid="interface_mandatory_1_1_i_armor" prot="public">Mandatory::IArmor</innerclass>
    <innerclass refid="interface_mandatory_1_1_i_armor_mod_target" prot="public">Mandatory::IArmorModTarget</innerclass>
    <innerclass refid="interface_mandatory_1_1_i_config_file_reader" prot="public">Mandatory::IConfigFileReader</innerclass>
    <innerclass refid="interface_mandatory_1_1_i_config_parser" prot="public">Mandatory::IConfigParser</innerclass>
    <innerclass refid="interface_mandatory_1_1_i_damage_calculator" prot="public">Mandatory::IDamageCalculator</innerclass>
    <innerclass refid="interface_mandatory_1_1_i_decrease_armor_value" prot="public">Mandatory::IDecreaseArmorValue</innerclass>
    <innerclass refid="interface_mandatory_1_1_i_decrease_weapon_damage" prot="public">Mandatory::IDecreaseWeaponDamage</innerclass>
    <innerclass refid="interface_mandatory_1_1_i_file_loader" prot="public">Mandatory::IFileLoader</innerclass>
    <innerclass refid="interface_mandatory_1_1_i_game_object" prot="public">Mandatory::IGameObject</innerclass>
    <innerclass refid="interface_mandatory_1_1_i_game_object_factory" prot="public">Mandatory::IGameObjectFactory</innerclass>
    <innerclass refid="interface_mandatory_1_1_i_get_armor_point" prot="public">Mandatory::IGetArmorPoint</innerclass>
    <innerclass refid="interface_mandatory_1_1_i_grid-1-g" prot="public">Mandatory::IGrid-1-g</innerclass>
    <innerclass refid="interface_mandatory_1_1_i_increase_armor_value" prot="public">Mandatory::IIncreaseArmorValue</innerclass>
    <innerclass refid="interface_mandatory_1_1_i_increase_weapon_damage" prot="public">Mandatory::IIncreaseWeaponDamage</innerclass>
    <innerclass refid="interface_mandatory_1_1_i_notifier" prot="public">Mandatory::INotifier</innerclass>
    <innerclass refid="interface_mandatory_1_1_i_observer_handler" prot="public">Mandatory::IObserverHandler</innerclass>
    <innerclass refid="interface_mandatory_1_1_i_observer_listener" prot="public">Mandatory::IObserverListener</innerclass>
    <innerclass refid="interface_mandatory_1_1_i_transform" prot="public">Mandatory::ITransform</innerclass>
    <innerclass refid="interface_mandatory_1_1_i_weapon" prot="public">Mandatory::IWeapon</innerclass>
    <innerclass refid="interface_mandatory_1_1_i_weapon_mod_target" prot="public">Mandatory::IWeaponModTarget</innerclass>
    <innerclass refid="interface_mandatory_1_1_i_world" prot="public">Mandatory::IWorld</innerclass>
    <innerclass refid="interface_mandatory_1_1_i_world_manager" prot="public">Mandatory::IWorldManager</innerclass>
    <innerclass refid="interface_mandatory_1_1_i_world_object" prot="public">Mandatory::IWorldObject</innerclass>
    <innerclass refid="class_mandatory_1_1_offence_item_decorator" prot="public">Mandatory::OffenceItemDecorator</innerclass>
    <innerclass refid="struct_mandatory_1_1_position" prot="public">Mandatory::Position</innerclass>
    <innerclass refid="class_mandatory_1_1_config_file_reader" prot="public">Mandatory::ConfigFileReader</innerclass>
    <innerclass refid="class_mandatory_1_1_event_handler" prot="public">Mandatory::EventHandler</innerclass>
    <innerclass refid="class_mandatory_1_1_event_handler_helper" prot="public">Mandatory::EventHandlerHelper</innerclass>
    <innerclass refid="class_mandatory_1_1_file_loader" prot="public">Mandatory::FileLoader</innerclass>
    <innerclass refid="class_mandatory_1_1_my_logger" prot="public">Mandatory::MyLogger</innerclass>
    <innerclass refid="class_mandatory_1_1_xml_parser" prot="public">Mandatory::XmlParser</innerclass>
    <innerclass refid="struct_mandatory_1_1_size" prot="public">Mandatory::Size</innerclass>
    <innerclass refid="class_mandatory_1_1_transform" prot="public">Mandatory::Transform</innerclass>
    <innerclass refid="class_mandatory_1_1_weapon" prot="public">Mandatory::Weapon</innerclass>
    <innerclass refid="class_mandatory_1_1_weapon_collection" prot="public">Mandatory::WeaponCollection</innerclass>
    <innerclass refid="class_mandatory_1_1_world-1-g" prot="public">Mandatory::World-1-g</innerclass>
    <innerclass refid="class_mandatory_1_1_world_entities_manager" prot="public">Mandatory::WorldEntitiesManager</innerclass>
    <sectiondef kind="enum">
      <memberdef kind="enum" id="namespace_mandatory_1a86a9c6b2fa6ffdcb45bf7903e8211620" prot="public" static="no" strong="yes">
        <type></type>
        <name>ArmorSlot</name>
        <qualifiedname>Mandatory.ArmorSlot</qualifiedname>
        <enumvalue id="namespace_mandatory_1a86a9c6b2fa6ffdcb45bf7903e8211620a6adf97f83acf6453d4a6a4b1070f3754" prot="public">
          <name>None</name>
          <briefdescription>
          </briefdescription>
          <detaileddescription>
          </detaileddescription>
        </enumvalue>
        <enumvalue id="namespace_mandatory_1a86a9c6b2fa6ffdcb45bf7903e8211620a98921133d10fbdb0fb6dbb7b2648befe" prot="public">
          <name>Head</name>
          <briefdescription>
          </briefdescription>
          <detaileddescription>
          </detaileddescription>
        </enumvalue>
        <enumvalue id="namespace_mandatory_1a86a9c6b2fa6ffdcb45bf7903e8211620a94b1fe49b616aa3862defa8922c7493d" prot="public">
          <name>Torso</name>
          <briefdescription>
          </briefdescription>
          <detaileddescription>
          </detaileddescription>
        </enumvalue>
        <enumvalue id="namespace_mandatory_1a86a9c6b2fa6ffdcb45bf7903e8211620a48423a9049b3065103ef1026a5fa08e5" prot="public">
          <name>Legs</name>
          <briefdescription>
          </briefdescription>
          <detaileddescription>
          </detaileddescription>
        </enumvalue>
        <enumvalue id="namespace_mandatory_1a86a9c6b2fa6ffdcb45bf7903e8211620ac0de26eacdb0be95995bddc8d719bc4b" prot="public">
          <name>Hands</name>
          <briefdescription>
          </briefdescription>
          <detaileddescription>
          </detaileddescription>
        </enumvalue>
        <enumvalue id="namespace_mandatory_1a86a9c6b2fa6ffdcb45bf7903e8211620a0f2e8e047e38898ec859c631576985e7" prot="public">
          <name>Feet</name>
          <briefdescription>
          </briefdescription>
          <detaileddescription>
          </detaileddescription>
        </enumvalue>
        <enumvalue id="namespace_mandatory_1a86a9c6b2fa6ffdcb45bf7903e8211620ab1c94ca2fbc3e78fc30069c8d0f01680" prot="public">
          <name>All</name>
          <briefdescription>
          </briefdescription>
          <detaileddescription>
          </detaileddescription>
        </enumvalue>
        <briefdescription>
        </briefdescription>
        <detaileddescription>
        </detaileddescription>
        <inbodydescription>
        </inbodydescription>
        <location file="C:/Users/Mus/Programmering/AdvancedCSharp/Mandatory/ArmorSlot.cs" line="3" column="7" bodyfile="C:/Users/Mus/Programmering/AdvancedCSharp/Mandatory/ArmorSlot.cs" bodystart="3" bodyend="11"/>
      </memberdef>
      <memberdef kind="enum" id="namespace_mandatory_1af3c295e9c9fefbf8421a29e19ea124a0" prot="public" static="no" strong="yes">
        <type></type>
        <name>GameDifficulty</name>
        <qualifiedname>Mandatory.GameDifficulty</qualifiedname>
        <enumvalue id="namespace_mandatory_1af3c295e9c9fefbf8421a29e19ea124a0a6adf97f83acf6453d4a6a4b1070f3754" prot="public">
          <name>None</name>
          <briefdescription>
          </briefdescription>
          <detaileddescription>
          </detaileddescription>
        </enumvalue>
        <enumvalue id="namespace_mandatory_1af3c295e9c9fefbf8421a29e19ea124a0a7f943921724d63dc0ac9c6febf99fa88" prot="public">
          <name>Easy</name>
          <briefdescription>
          </briefdescription>
          <detaileddescription>
          </detaileddescription>
        </enumvalue>
        <enumvalue id="namespace_mandatory_1af3c295e9c9fefbf8421a29e19ea124a0a87f8a6ab85c9ced3702b4ea641ad4bb5" prot="public">
          <name>Medium</name>
          <briefdescription>
          </briefdescription>
          <detaileddescription>
          </detaileddescription>
        </enumvalue>
        <enumvalue id="namespace_mandatory_1af3c295e9c9fefbf8421a29e19ea124a0a3656183169810334a96b91129dc9d881" prot="public">
          <name>Hard</name>
          <briefdescription>
          </briefdescription>
          <detaileddescription>
          </detaileddescription>
        </enumvalue>
        <briefdescription>
        </briefdescription>
        <detaileddescription>
        </detaileddescription>
        <inbodydescription>
        </inbodydescription>
        <location file="C:/Users/Mus/Programmering/AdvancedCSharp/Mandatory/Setups/GameDifficulty.cs" line="3" column="7" bodyfile="C:/Users/Mus/Programmering/AdvancedCSharp/Mandatory/Setups/GameDifficulty.cs" bodystart="3" bodyend="8"/>
      </memberdef>
      <memberdef kind="enum" id="namespace_mandatory_1adbd9824b4b0347d5e5f16310e27c8ff9" prot="public" static="no" strong="yes">
        <type></type>
        <name>WeaponSlot</name>
        <qualifiedname>Mandatory.WeaponSlot</qualifiedname>
        <enumvalue id="namespace_mandatory_1adbd9824b4b0347d5e5f16310e27c8ff9a6adf97f83acf6453d4a6a4b1070f3754" prot="public">
          <name>None</name>
          <briefdescription>
          </briefdescription>
          <detaileddescription>
          </detaileddescription>
        </enumvalue>
        <enumvalue id="namespace_mandatory_1adbd9824b4b0347d5e5f16310e27c8ff9a1f9cdfca2d19bbc92349db7eb1544434" prot="public">
          <name>MainHand</name>
          <briefdescription>
          </briefdescription>
          <detaileddescription>
          </detaileddescription>
        </enumvalue>
        <enumvalue id="namespace_mandatory_1adbd9824b4b0347d5e5f16310e27c8ff9ab5bd08b31ca121f0294081ef11f4dfcc" prot="public">
          <name>Offhand</name>
          <briefdescription>
          </briefdescription>
          <detaileddescription>
          </detaileddescription>
        </enumvalue>
        <enumvalue id="namespace_mandatory_1adbd9824b4b0347d5e5f16310e27c8ff9ab1c94ca2fbc3e78fc30069c8d0f01680" prot="public">
          <name>All</name>
          <briefdescription>
          </briefdescription>
          <detaileddescription>
          </detaileddescription>
        </enumvalue>
        <briefdescription>
        </briefdescription>
        <detaileddescription>
        </detaileddescription>
        <inbodydescription>
        </inbodydescription>
        <location file="C:/Users/Mus/Programmering/AdvancedCSharp/Mandatory/WeaponSlot.cs" line="3" column="7" bodyfile="C:/Users/Mus/Programmering/AdvancedCSharp/Mandatory/WeaponSlot.cs" bodystart="3" bodyend="8"/>
      </memberdef>
    </sectiondef>
    <briefdescription>
    </briefdescription>
    <detaileddescription>
    </detaileddescription>
    <location file="C:/Users/Mus/Programmering/AdvancedCSharp/Mandatory/Armor.cs" line="1" column="1"/>
  </compounddef>
</doxygen>
