<?xml version='1.0' encoding='UTF-8' standalone='no'?>
<doxygen xmlns:xsi="http://www.w3.org/2001/XMLSchema-instance" xsi:noNamespaceSchemaLocation="compound.xsd" version="1.15.0" xml:lang="en-US">
  <compounddef id="namespace_system_1_1_reflection" kind="namespace" language="C#">
    <compoundname>System::Reflection</compoundname>
    <briefdescription>
    </briefdescription>
    <detaileddescription>
    </detaileddescription>
    <location file="C:/Users/Mus/Programmering/AdvancedCSharp/Mandatory/obj/Debug/net9.0/.NETCoreApp,Version=v9.0.AssemblyAttributes.cs" line="3" column="24"/>
  </compounddef>
</doxygen>
