<?xml version='1.0' encoding='UTF-8' standalone='no'?>
<doxygen xmlns:xsi="http://www.w3.org/2001/XMLSchema-instance" xsi:noNamespaceSchemaLocation="compound.xsd" version="1.15.0" xml:lang="en-US">
  <compounddef id="namespaceglobal_1_1_system_1_1_linq" kind="namespace" language="C#">
    <compoundname>global::System::Linq</compoundname>
    <briefdescription>
    </briefdescription>
    <detaileddescription>
    </detaileddescription>
    <location file="C:/Users/Mus/Programmering/AdvancedCSharp/Mandatory/obj/Debug/net9.0/Mandatory.GlobalUsings.g.cs" line="5" column="33"/>
  </compounddef>
</doxygen>
