<?xml version='1.0' encoding='UTF-8' standalone='no'?>
<doxygen xmlns:xsi="http://www.w3.org/2001/XMLSchema-instance" xsi:noNamespaceSchemaLocation="compound.xsd" version="1.15.0" xml:lang="en-US">
  <compounddef id="struct_mandatory_1_1_position" kind="struct" language="C#" prot="public">
    <compoundname>Mandatory::Position</compoundname>
    <sectiondef kind="property">
      <memberdef kind="property" id="struct_mandatory_1_1_position_1a49a9376a2b83d07be9608e8e4824304c" prot="public" static="no" readable="no" writable="no" gettable="yes" privategettable="no" protectedgettable="no" settable="yes" privatesettable="no" protectedsettable="no">
        <type>int</type>
        <definition>int Mandatory.Position.X</definition>
        <argsstring></argsstring>
        <name>X</name>
        <qualifiedname>Mandatory.Position.X</qualifiedname>
        <briefdescription>
<para>Gets or sets the X-coordinate. </para>
        </briefdescription>
        <detaileddescription>
        </detaileddescription>
        <inbodydescription>
        </inbodydescription>
        <location file="C:/Users/Mus/Programmering/AdvancedCSharp/Mandatory/Position.cs" line="11" column="16" bodyfile="C:/Users/Mus/Programmering/AdvancedCSharp/Mandatory/Position.cs" bodystart="11" bodyend="11"/>
      </memberdef>
      <memberdef kind="property" id="struct_mandatory_1_1_position_1ad96921be8118f66ff4b3fffeb4d99886" prot="public" static="no" readable="no" writable="no" gettable="yes" privategettable="no" protectedgettable="no" settable="yes" privatesettable="no" protectedsettable="no">
        <type>int</type>
        <definition>int Mandatory.Position.Y</definition>
        <argsstring></argsstring>
        <name>Y</name>
        <qualifiedname>Mandatory.Position.Y</qualifiedname>
        <briefdescription>
<para>Gets or sets the Y-coordinate. </para>
        </briefdescription>
        <detaileddescription>
        </detaileddescription>
        <inbodydescription>
        </inbodydescription>
        <location file="C:/Users/Mus/Programmering/AdvancedCSharp/Mandatory/Position.cs" line="15" column="16" bodyfile="C:/Users/Mus/Programmering/AdvancedCSharp/Mandatory/Position.cs" bodystart="15" bodyend="15"/>
      </memberdef>
    </sectiondef>
    <sectiondef kind="public-func">
      <memberdef kind="function" id="struct_mandatory_1_1_position_1af9c319fd50cf6d4ef00e9541aebfb829" prot="public" static="no" const="no" explicit="no" inline="yes" virt="non-virtual">
        <type></type>
        <definition>Mandatory.Position.Position</definition>
        <argsstring>(int x, int y)</argsstring>
        <name>Position</name>
        <qualifiedname>Mandatory.Position.Position</qualifiedname>
        <param>
          <type>int</type>
          <declname>x</declname>
        </param>
        <param>
          <type>int</type>
          <declname>y</declname>
        </param>
        <briefdescription>
<para>Initializes a new instance of the <ref refid="struct_mandatory_1_1_position" kindref="compound">Position</ref> struct with the specified coordinates. </para>
        </briefdescription>
        <detaileddescription>
<para><parameterlist kind="param"><parameteritem>
<parameternamelist>
<parametername>x</parametername>
</parameternamelist>
<parameterdescription>
<para>The X-coordinate.</para>
</parameterdescription>
</parameteritem>
<parameteritem>
<parameternamelist>
<parametername>y</parametername>
</parameternamelist>
<parameterdescription>
<para>The Y-coordinate.</para>
</parameterdescription>
</parameteritem>
</parameterlist>
</para>
        </detaileddescription>
        <inbodydescription>
        </inbodydescription>
        <location file="C:/Users/Mus/Programmering/AdvancedCSharp/Mandatory/Position.cs" line="22" column="12" bodyfile="C:/Users/Mus/Programmering/AdvancedCSharp/Mandatory/Position.cs" bodystart="22" bodyend="25"/>
      </memberdef>
    </sectiondef>
    <sectiondef kind="public-static-func">
      <memberdef kind="function" id="struct_mandatory_1_1_position_1a2eedf347c406bacd67e67f09cd7a956a" prot="public" static="yes" const="no" explicit="no" inline="yes" virt="non-virtual">
        <type><ref refid="struct_mandatory_1_1_position_1af9c319fd50cf6d4ef00e9541aebfb829" kindref="member">Position</ref></type>
        <definition>static Position Mandatory.Position.operator+</definition>
        <argsstring>(Position currentPos, Position newPos)</argsstring>
        <name>operator+</name>
        <qualifiedname>Mandatory.Position.operator+</qualifiedname>
        <param>
          <type><ref refid="struct_mandatory_1_1_position_1af9c319fd50cf6d4ef00e9541aebfb829" kindref="member">Position</ref></type>
          <declname>currentPos</declname>
        </param>
        <param>
          <type><ref refid="struct_mandatory_1_1_position_1af9c319fd50cf6d4ef00e9541aebfb829" kindref="member">Position</ref></type>
          <declname>newPos</declname>
        </param>
        <briefdescription>
<para>Overloads the addition operator (+) to combine two positions (vector addition). </para>
        </briefdescription>
        <detaileddescription>
<para><parameterlist kind="param"><parameteritem>
<parameternamelist>
<parametername>currentPos</parametername>
</parameternamelist>
<parameterdescription>
<para>The starting position.</para>
</parameterdescription>
</parameteritem>
<parameteritem>
<parameternamelist>
<parametername>newPos</parametername>
</parameternamelist>
<parameterdescription>
<para>The displacement vector to add.</para>
</parameterdescription>
</parameteritem>
</parameterlist>
<simplesect kind="return"><para>A new <ref refid="struct_mandatory_1_1_position" kindref="compound">Position</ref> representing the sum of the two positions.</para>
</simplesect>
</para>
        </detaileddescription>
        <inbodydescription>
        </inbodydescription>
        <location file="C:/Users/Mus/Programmering/AdvancedCSharp/Mandatory/Position.cs" line="33" column="28" bodyfile="C:/Users/Mus/Programmering/AdvancedCSharp/Mandatory/Position.cs" bodystart="33" bodyend="35"/>
      </memberdef>
      <memberdef kind="function" id="struct_mandatory_1_1_position_1ad6da3748bd6239693aa40f3707745bc1" prot="public" static="yes" const="no" explicit="no" inline="yes" virt="non-virtual">
        <type><ref refid="struct_mandatory_1_1_position_1af9c319fd50cf6d4ef00e9541aebfb829" kindref="member">Position</ref></type>
        <definition>static Position Mandatory.Position.operator-</definition>
        <argsstring>(Position currentPos, Position newPos)</argsstring>
        <name>operator-</name>
        <qualifiedname>Mandatory.Position.operator-</qualifiedname>
        <param>
          <type><ref refid="struct_mandatory_1_1_position_1af9c319fd50cf6d4ef00e9541aebfb829" kindref="member">Position</ref></type>
          <declname>currentPos</declname>
        </param>
        <param>
          <type><ref refid="struct_mandatory_1_1_position_1af9c319fd50cf6d4ef00e9541aebfb829" kindref="member">Position</ref></type>
          <declname>newPos</declname>
        </param>
        <briefdescription>
<para>Overloads the subtraction operator (-) to calculate the difference between two positions (vector subtraction). </para>
        </briefdescription>
        <detaileddescription>
<para><parameterlist kind="param"><parameteritem>
<parameternamelist>
<parametername>currentPos</parametername>
</parameternamelist>
<parameterdescription>
<para>The starting position.</para>
</parameterdescription>
</parameteritem>
<parameteritem>
<parameternamelist>
<parametername>newPos</parametername>
</parameternamelist>
<parameterdescription>
<para>The position to subtract.</para>
</parameterdescription>
</parameteritem>
</parameterlist>
<simplesect kind="return"><para>A new <ref refid="struct_mandatory_1_1_position" kindref="compound">Position</ref> representing the difference vector.</para>
</simplesect>
</para>
        </detaileddescription>
        <inbodydescription>
        </inbodydescription>
        <location file="C:/Users/Mus/Programmering/AdvancedCSharp/Mandatory/Position.cs" line="43" column="28" bodyfile="C:/Users/Mus/Programmering/AdvancedCSharp/Mandatory/Position.cs" bodystart="43" bodyend="45"/>
      </memberdef>
    </sectiondef>
    <briefdescription>
<para>Represents a simple two-dimensional coordinate (X, Y) in the game world. This struct is immutable-by-intent and provides convenient operator overloading for vector arithmetic. </para>
    </briefdescription>
    <detaileddescription>
    </detaileddescription>
    <location file="C:/Users/Mus/Programmering/AdvancedCSharp/Mandatory/Position.cs" line="7" column="7" bodyfile="C:/Users/Mus/Programmering/AdvancedCSharp/Mandatory/Position.cs" bodystart="7" bodyend="46"/>
    <listofallmembers>
      <member refid="struct_mandatory_1_1_position_1a2eedf347c406bacd67e67f09cd7a956a" prot="public" virt="non-virtual"><scope>Mandatory::Position</scope><name>operator+</name></member>
      <member refid="struct_mandatory_1_1_position_1ad6da3748bd6239693aa40f3707745bc1" prot="public" virt="non-virtual"><scope>Mandatory::Position</scope><name>operator-</name></member>
      <member refid="struct_mandatory_1_1_position_1af9c319fd50cf6d4ef00e9541aebfb829" prot="public" virt="non-virtual"><scope>Mandatory::Position</scope><name>Position</name></member>
      <member refid="struct_mandatory_1_1_position_1a49a9376a2b83d07be9608e8e4824304c" prot="public" virt="non-virtual"><scope>Mandatory::Position</scope><name>X</name></member>
      <member refid="struct_mandatory_1_1_position_1ad96921be8118f66ff4b3fffeb4d99886" prot="public" virt="non-virtual"><scope>Mandatory::Position</scope><name>Y</name></member>
    </listofallmembers>
  </compounddef>
</doxygen>
