<?xml version='1.0' encoding='UTF-8' standalone='no'?>
<doxygen xmlns:xsi="http://www.w3.org/2001/XMLSchema-instance" xsi:noNamespaceSchemaLocation="compound.xsd" version="1.15.0" xml:lang="en-US">
  <compounddef id="struct_mandatory_1_1_size" kind="struct" language="C#" prot="public">
    <compoundname>Mandatory::Size</compoundname>
    <sectiondef kind="property">
      <memberdef kind="property" id="struct_mandatory_1_1_size_1a42a60a74cc4f82a80cfcffa5f6b93517" prot="public" static="no" readable="no" writable="no" gettable="yes" privategettable="no" protectedgettable="no" settable="yes" privatesettable="no" protectedsettable="no">
        <type>int</type>
        <definition>int Mandatory.Size.X</definition>
        <argsstring></argsstring>
        <name>X</name>
        <qualifiedname>Mandatory.Size.X</qualifiedname>
        <briefdescription>
<para>Gets or sets the X component of the size (typically Width). </para>
        </briefdescription>
        <detaileddescription>
        </detaileddescription>
        <inbodydescription>
        </inbodydescription>
        <location file="C:/Users/Mus/Programmering/AdvancedCSharp/Mandatory/Size.cs" line="11" column="16" bodyfile="C:/Users/Mus/Programmering/AdvancedCSharp/Mandatory/Size.cs" bodystart="11" bodyend="11"/>
      </memberdef>
      <memberdef kind="property" id="struct_mandatory_1_1_size_1a7cb339539c771ab03b864c50fa94ca1c" prot="public" static="no" readable="no" writable="no" gettable="yes" privategettable="no" protectedgettable="no" settable="yes" privatesettable="no" protectedsettable="no">
        <type>int</type>
        <definition>int Mandatory.Size.Y</definition>
        <argsstring></argsstring>
        <name>Y</name>
        <qualifiedname>Mandatory.Size.Y</qualifiedname>
        <briefdescription>
<para>Gets or sets the Y component of the size (typically Height). </para>
        </briefdescription>
        <detaileddescription>
        </detaileddescription>
        <inbodydescription>
        </inbodydescription>
        <location file="C:/Users/Mus/Programmering/AdvancedCSharp/Mandatory/Size.cs" line="15" column="16" bodyfile="C:/Users/Mus/Programmering/AdvancedCSharp/Mandatory/Size.cs" bodystart="15" bodyend="15"/>
      </memberdef>
    </sectiondef>
    <sectiondef kind="public-func">
      <memberdef kind="function" id="struct_mandatory_1_1_size_1a7764ce28399905d3cea33be9d099dd0c" prot="public" static="no" const="no" explicit="no" inline="yes" virt="non-virtual">
        <type></type>
        <definition>Mandatory.Size.Size</definition>
        <argsstring>(int x, int y)</argsstring>
        <name>Size</name>
        <qualifiedname>Mandatory.Size.Size</qualifiedname>
        <param>
          <type>int</type>
          <declname>x</declname>
        </param>
        <param>
          <type>int</type>
          <declname>y</declname>
        </param>
        <briefdescription>
<para>Initializes a new instance of the <ref refid="struct_mandatory_1_1_size" kindref="compound">Size</ref> struct with the specified dimensions. </para>
        </briefdescription>
        <detaileddescription>
<para><parameterlist kind="param"><parameteritem>
<parameternamelist>
<parametername>x</parametername>
</parameternamelist>
<parameterdescription>
<para>The X dimension (Width).</para>
</parameterdescription>
</parameteritem>
<parameteritem>
<parameternamelist>
<parametername>y</parametername>
</parameternamelist>
<parameterdescription>
<para>The Y dimension (Height).</para>
</parameterdescription>
</parameteritem>
</parameterlist>
</para>
        </detaileddescription>
        <inbodydescription>
        </inbodydescription>
        <location file="C:/Users/Mus/Programmering/AdvancedCSharp/Mandatory/Size.cs" line="22" column="12" bodyfile="C:/Users/Mus/Programmering/AdvancedCSharp/Mandatory/Size.cs" bodystart="22" bodyend="25"/>
      </memberdef>
    </sectiondef>
    <sectiondef kind="public-static-func">
      <memberdef kind="function" id="struct_mandatory_1_1_size_1a5878f41180d9b2e0489882c1776b080e" prot="public" static="yes" const="no" explicit="no" inline="yes" virt="non-virtual">
        <type><ref refid="struct_mandatory_1_1_size_1a7764ce28399905d3cea33be9d099dd0c" kindref="member">Size</ref></type>
        <definition>static Size Mandatory.Size.operator+</definition>
        <argsstring>(Size currentSize, Size newSize)</argsstring>
        <name>operator+</name>
        <qualifiedname>Mandatory.Size.operator+</qualifiedname>
        <param>
          <type><ref refid="struct_mandatory_1_1_size_1a7764ce28399905d3cea33be9d099dd0c" kindref="member">Size</ref></type>
          <declname>currentSize</declname>
        </param>
        <param>
          <type><ref refid="struct_mandatory_1_1_size_1a7764ce28399905d3cea33be9d099dd0c" kindref="member">Size</ref></type>
          <declname>newSize</declname>
        </param>
        <briefdescription>
<para>Overloads the addition operator (+) to combine two sizes. </para>
        </briefdescription>
        <detaileddescription>
<para><parameterlist kind="param"><parameteritem>
<parameternamelist>
<parametername>currentSize</parametername>
</parameternamelist>
<parameterdescription>
<para>The base size.</para>
</parameterdescription>
</parameteritem>
<parameteritem>
<parameternamelist>
<parametername>newSize</parametername>
</parameternamelist>
<parameterdescription>
<para>The size to add.</para>
</parameterdescription>
</parameteritem>
</parameterlist>
<simplesect kind="return"><para>A new <ref refid="struct_mandatory_1_1_size" kindref="compound">Size</ref> representing the sum of the two dimensions.</para>
</simplesect>
</para>
        </detaileddescription>
        <inbodydescription>
        </inbodydescription>
        <location file="C:/Users/Mus/Programmering/AdvancedCSharp/Mandatory/Size.cs" line="33" column="24" bodyfile="C:/Users/Mus/Programmering/AdvancedCSharp/Mandatory/Size.cs" bodystart="33" bodyend="35"/>
      </memberdef>
      <memberdef kind="function" id="struct_mandatory_1_1_size_1a41615ac6c98e5d6f3a252ed19b55cdac" prot="public" static="yes" const="no" explicit="no" inline="yes" virt="non-virtual">
        <type><ref refid="struct_mandatory_1_1_size_1a7764ce28399905d3cea33be9d099dd0c" kindref="member">Size</ref></type>
        <definition>static Size Mandatory.Size.operator-</definition>
        <argsstring>(Size currentSize, Size newSize)</argsstring>
        <name>operator-</name>
        <qualifiedname>Mandatory.Size.operator-</qualifiedname>
        <param>
          <type><ref refid="struct_mandatory_1_1_size_1a7764ce28399905d3cea33be9d099dd0c" kindref="member">Size</ref></type>
          <declname>currentSize</declname>
        </param>
        <param>
          <type><ref refid="struct_mandatory_1_1_size_1a7764ce28399905d3cea33be9d099dd0c" kindref="member">Size</ref></type>
          <declname>newSize</declname>
        </param>
        <briefdescription>
<para>Overloads the subtraction operator (-) to calculate the difference between two sizes. </para>
        </briefdescription>
        <detaileddescription>
<para><parameterlist kind="param"><parameteritem>
<parameternamelist>
<parametername>currentSize</parametername>
</parameternamelist>
<parameterdescription>
<para>The base size.</para>
</parameterdescription>
</parameteritem>
<parameteritem>
<parameternamelist>
<parametername>newSize</parametername>
</parameternamelist>
<parameterdescription>
<para>The size to subtract.</para>
</parameterdescription>
</parameteritem>
</parameterlist>
<simplesect kind="return"><para>A new <ref refid="struct_mandatory_1_1_size" kindref="compound">Size</ref> representing the difference in dimensions.</para>
</simplesect>
</para>
        </detaileddescription>
        <inbodydescription>
        </inbodydescription>
        <location file="C:/Users/Mus/Programmering/AdvancedCSharp/Mandatory/Size.cs" line="43" column="24" bodyfile="C:/Users/Mus/Programmering/AdvancedCSharp/Mandatory/Size.cs" bodystart="43" bodyend="45"/>
      </memberdef>
    </sectiondef>
    <briefdescription>
<para>Represents a simple two-dimensional size or dimension (Width/X and Height/Y). It is used to define spatial extent and provides operator overloading for convenient size manipulation. </para>
    </briefdescription>
    <detaileddescription>
    </detaileddescription>
    <location file="C:/Users/Mus/Programmering/AdvancedCSharp/Mandatory/Size.cs" line="7" column="7" bodyfile="C:/Users/Mus/Programmering/AdvancedCSharp/Mandatory/Size.cs" bodystart="7" bodyend="46"/>
    <listofallmembers>
      <member refid="struct_mandatory_1_1_size_1a5878f41180d9b2e0489882c1776b080e" prot="public" virt="non-virtual"><scope>Mandatory::Size</scope><name>operator+</name></member>
      <member refid="struct_mandatory_1_1_size_1a41615ac6c98e5d6f3a252ed19b55cdac" prot="public" virt="non-virtual"><scope>Mandatory::Size</scope><name>operator-</name></member>
      <member refid="struct_mandatory_1_1_size_1a7764ce28399905d3cea33be9d099dd0c" prot="public" virt="non-virtual"><scope>Mandatory::Size</scope><name>Size</name></member>
      <member refid="struct_mandatory_1_1_size_1a42a60a74cc4f82a80cfcffa5f6b93517" prot="public" virt="non-virtual"><scope>Mandatory::Size</scope><name>X</name></member>
      <member refid="struct_mandatory_1_1_size_1a7cb339539c771ab03b864c50fa94ca1c" prot="public" virt="non-virtual"><scope>Mandatory::Size</scope><name>Y</name></member>
    </listofallmembers>
  </compounddef>
</doxygen>
